research_symbol,broker_symbol,note
EURUSD,EURUSD+,D-323
GBPUSD,GBPUSD+,D-323
USDJPY,USDJPY+,D-323
USDCHF,USDCHF+,D-323
AUDUSD,AUDUSD+,D-323
USDCAD,USDCAD+,D-323
NZDUSD,NZDUSD+,D-323
EURJPY,EURJPY+,D-323
GBPJPY,GBPJPY+,D-323
EURGBP,EURGBP+,D-323
EURCHF,EURCHF+,D-323
AUDJPY,AUDJPY+,D-323
EURAUD,EURAUD+,D-323
GBPCHF,GBPCHF+,D-323
CADJPY,CADJPY+,D-323
XAUUSD,XAUUSD+,D-323
XAGUSD,XAGUSD,D-323
LIGHTCMDUSD,USOUSD,D-323 (cash WTI; CL-OIL is a future CFD)
BRENTCMDUSD,UKOUSD,D-323 (cash Brent)
USA500IDXUSD,SP500.r,D-323
USA30IDXUSD,DJ30.r,D-323
USATECHIDXUSD,NAS100.r,D-323
USSC2000IDXUSD,US2000.r,D-323
DEUIDXEUR,GER40.r,D-323
GBRIDXGBP,UK100.r,D-323
JPNIDXJPY,Nikkei225,D-323 (JPY cash; JPN225ft is a future CFD)
FRAIDXEUR,FRA40.r,D-323
AUSIDXAUD,SPI200.r,D-323
HKGIDXHKD,HK50.r,D-323
