broker_symbol,research_symbol,note
AALG,AAL,D-524
ABBVIE,ABBV,D-524
AMAZON,AMZN,D-524
AT&T,T,D-524
ALLC,ALL,P-28 supervisor classification: same company (A)
AMPF,AMP,P-28 supervisor classification: same company (A)
APA,APA,P-28 supervisor classification: same company (A)
AVB,AVB,P-28 supervisor classification: same company (A)
BAIDU,BIDU,P-28 supervisor classification: same company (A)
BEN,BEN,P-28 supervisor classification: same company (A)
BOEING,BA,P-28 supervisor classification: same company (A)
BTOG,BTOG,P-28 supervisor classification: same company (A)
CISCO,CSCO,P-28 supervisor classification: same company (A)
CITI,C,P-28 supervisor classification: same company (A)
CMA,CMA,P-28 supervisor classification: same company (A)
DFS,DFS,P-28 supervisor classification: same company (A)
DGC,DG,P-28 supervisor classification: same company (A)
DISNEY,DIS,P-28 supervisor classification: same company (A)
EA,EA,P-28 supervisor classification: same company (A)
EQR,EQR,P-28 supervisor classification: same company (A)
FL,FL,P-28 supervisor classification: same company (A)
GDX,GDX,P-28 supervisor classification: same company (A)
GDXJ,GDXJ,P-28 supervisor classification: same company (A)
GE,GE,P-28 supervisor classification: same company (A)
GRVY,GRVY,P-28 supervisor classification: same company (A)
HES,HES,P-28 supervisor classification: same company (A)
HSBCn,HSBC,P-28 supervisor classification: same company (A)
INTEL,INTC,P-28 supervisor classification: same company (A)
K,K,P-28 supervisor classification: same company (A)
LOW,LOW,P-28 supervisor classification: same company (A)
NVIDIA,NVDA,P-28 supervisor classification: same company (A)
PENN,PENN,P-28 supervisor classification: same company (A)
PFIZER,PFE,P-28 supervisor classification: same company (A)
RIOT,RIOT,P-28 supervisor classification: same company (A)
SLB,SLB,P-28 supervisor classification: same company (A)
TSM,TSM,P-28 supervisor classification: same company (A)
VALE,VALE,P-28 supervisor classification: same company (A)
VISA,V,P-28 supervisor classification: same company (A)
WBA,WBA,P-28 supervisor classification: same company (A)
BK,BNY,P-28 supervisor classification: ticker change BK->BNY after 2026-05-20; identical backfilled series (B)
CTRA,CTRA,"P-28 supervisor classification: same ticker, no successor in the Alpaca asset file (B)"
MMC,MRSH,P-28 supervisor classification: ticker change MMC->MRSH after 2026-01-13; identical backfilled series (B)
BRKB,BRK.B,"P-28 supervisor classification: Berkshire Hathaway Class B, never BRK.A (C)"
BYON,UNMAPPABLE,P-28 supervisor classification: Beyond Inc; neither BYON nor OSTK is in the research universe (C)
TOYOTA,UNMAPPABLE,"P-28 supervisor classification: TM is not in the research universe; TMH is a hedged ADR, never used (C)"
ESL,EL,"P-28 supervisor classification: Estee Lauder; the research ESL is Esterline, delisted 2019 (C)"
EXXON,XOM,P-28 supervisor classification: ExxonMobil (C)
GPS,GAP,P-28 supervisor classification: ticker change GPS->GAP 2024-08; identical backfilled series (C)
FI,FISV,"P-28 supervisor classification: Fiserv; the research FI is another company (3.15, last 2022-12-30) (C)"
AMCX,UNMAPPABLE,"P-28 supervisor classification: ticker is AMC Networks, the broker description says AMC Entertainment; pending an MT5 check (D)"
ALIBABA,UNMAPPABLE,P-28 supervisor classification: BABA is not in the research universe (E)
ARKB,UNMAPPABLE,P-28 supervisor classification: ticker absent from the research universe (E)
ARKG,UNMAPPABLE,P-28 supervisor classification: ticker absent from the research universe (E)
ARKQ,UNMAPPABLE,P-28 supervisor classification: ticker absent from the research universe (E)
ARKW,UNMAPPABLE,P-28 supervisor classification: ticker absent from the research universe (E)
BBD,UNMAPPABLE,P-28 supervisor classification: ticker absent from the research universe (E)
BITB,UNMAPPABLE,P-28 supervisor classification: ticker absent from the research universe (E)
BITO,UNMAPPABLE,P-28 supervisor classification: ticker absent from the research universe (E)
BITQ,UNMAPPABLE,P-28 supervisor classification: ticker absent from the research universe (E)
BKCH,UNMAPPABLE,P-28 supervisor classification: ticker absent from the research universe (E)
BLCN,UNMAPPABLE,P-28 supervisor classification: ticker absent from the research universe (E)
BLOK,UNMAPPABLE,P-28 supervisor classification: ticker absent from the research universe (E)
BNDX,UNMAPPABLE,P-28 supervisor classification: ticker absent from the research universe (E)
BNTX,UNMAPPABLE,P-28 supervisor classification: ticker absent from the research universe (E)
BTCO,UNMAPPABLE,P-28 supervisor classification: ticker absent from the research universe (E)
CIB,UNMAPPABLE,P-28 supervisor classification: ticker absent from the research universe (E)
CVAC,UNMAPPABLE,P-28 supervisor classification: ticker absent from the research universe (E)
EDU,UNMAPPABLE,P-28 supervisor classification: ticker absent from the research universe (E)
ESGV,UNMAPPABLE,P-28 supervisor classification: ticker absent from the research universe (E)
FAS,UNMAPPABLE,P-28 supervisor classification: ticker absent from the research universe (E)
FAZ,UNMAPPABLE,P-28 supervisor classification: ticker absent from the research universe (E)
FDN,UNMAPPABLE,P-28 supervisor classification: ticker absent from the research universe (E)
GBTC,UNMAPPABLE,P-28 supervisor classification: ticker absent from the research universe (E)
GOAU,UNMAPPABLE,P-28 supervisor classification: ticker absent from the research universe (E)
GOEX,UNMAPPABLE,P-28 supervisor classification: ticker absent from the research universe (E)
GRID,UNMAPPABLE,P-28 supervisor classification: ticker absent from the research universe (E)
HTHT,UNMAPPABLE,P-28 supervisor classification: ticker absent from the research universe (E)
IBIT,UNMAPPABLE,P-28 supervisor classification: ticker absent from the research universe (E)
INFY,UNMAPPABLE,P-28 supervisor classification: ticker absent from the research universe (E)
IYW,UNMAPPABLE,P-28 supervisor classification: ticker absent from the research universe (E)
JD,UNMAPPABLE,P-28 supervisor classification: ticker absent from the research universe (E)
JNUG,UNMAPPABLE,P-28 supervisor classification: ticker absent from the research universe (E)
LAZR,UNMAPPABLE,P-28 supervisor classification: ticker absent from the research universe (E)
LC,UNMAPPABLE,P-28 supervisor classification: ticker absent from the research universe (E)
LI,UNMAPPABLE,P-28 supervisor classification: ticker absent from the research universe (E)
LOGC,UNMAPPABLE,P-28 supervisor classification: ticker absent from the research universe (E)
MANU,UNMAPPABLE,P-28 supervisor classification: ticker absent from the research universe (E)
MOMO,UNMAPPABLE,P-28 supervisor classification: ticker absent from the research universe (E)
NIO,UNMAPPABLE,P-28 supervisor classification: ticker absent from the research universe (E)
NTES,UNMAPPABLE,P-28 supervisor classification: ticker absent from the research universe (E)
NUGT,UNMAPPABLE,P-28 supervisor classification: ticker absent from the research universe (E)
OIH,UNMAPPABLE,P-28 supervisor classification: ticker absent from the research universe (E)
PDD,UNMAPPABLE,P-28 supervisor classification: ticker absent from the research universe (E)
QCLN,UNMAPPABLE,P-28 supervisor classification: ticker absent from the research universe (E)
RING,UNMAPPABLE,P-28 supervisor classification: ticker absent from the research universe (E)
SGDJ,UNMAPPABLE,P-28 supervisor classification: ticker absent from the research universe (E)
SGDM,UNMAPPABLE,P-28 supervisor classification: ticker absent from the research universe (E)
SLVP,UNMAPPABLE,P-28 supervisor classification: ticker absent from the research universe (E)
SPYX,UNMAPPABLE,P-28 supervisor classification: ticker absent from the research universe (E)
TCOM,UNMAPPABLE,P-28 supervisor classification: ticker absent from the research universe (E)
TEVA,UNMAPPABLE,P-28 supervisor classification: ticker absent from the research universe (E)
U,UNMAPPABLE,P-28 supervisor classification: ticker absent from the research universe (E)
UMC,UNMAPPABLE,P-28 supervisor classification: ticker absent from the research universe (E)
USL,UNMAPPABLE,P-28 supervisor classification: ticker absent from the research universe (E)
VGT,UNMAPPABLE,P-28 supervisor classification: ticker absent from the research universe (E)
VSGX,UNMAPPABLE,P-28 supervisor classification: ticker absent from the research universe (E)
XPEV,UNMAPPABLE,P-28 supervisor classification: ticker absent from the research universe (E)
YALA,UNMAPPABLE,P-28 supervisor classification: ticker absent from the research universe (E)
ZOM,UNMAPPABLE,P-28 supervisor classification: ticker absent from the research universe (E)
