removed_symbol,destination,chain,effective_date,pit_membership,pre_change_days,pre_change_identical_pct,post_change_identical_pct,old_1D_range,old_days_in_membership_window,dest_1D_range,dest_has_1H_raw,dest_in_previous_universe,moneta_target,verdict,action
ABC,COR,COR@2023-08-30,2023-08-30,2016-01-01..2023-08-25,1927,100.0,,2016-01-04..2023-08-29,1925,2016-01-04..2026-09-18,True,True,False,rename_confirmed,"exclude old row, keep destination"
ADS,BFH,BFH@2022-04-04,2022-04-04,2016-01-01..2020-05-22,1574,100.0,,2016-01-04..2022-04-01,1105,2016-01-04..2026-09-18,True,False,False,rename_confirmed,"exclude old row, keep destination"
ANTM,ELV,ELV@2022-06-28,2022-06-28,2016-01-01..2022-06-21,1632,100.0,,2016-01-04..2022-06-27,1628,2016-01-04..2026-09-18,True,True,False,rename_confirmed,"exclude old row, keep destination"
BBBY,NXH,NXH@2026-08-17,2026-08-17,2016-01-01..2017-07-25,0,,,2016-01-04..2026-08-14,393,-,False,False,False,destination_no_data,"keep old row, drop destination (rejected in symbol_changes_manual.csv)"
BBT,TFC,TFC@2019-12-09,2019-12-09,2016-01-01..2019-12-05,990,0.0,0.0,2016-01-04..2026-09-18,989,2016-01-04..2026-09-18,True,True,False,different_company,"keep old row, drop destination (rejected in symbol_changes_manual.csv)"
BK,BNY,BNY@2026-05-21,2026-05-21,2016-01-01..2026-05-07,2610,100.0,,2016-01-04..2026-05-20,2601,2016-01-04..2026-09-18,True,True,False,rename_confirmed,"exclude old row, keep destination"
BLL,BALL,BALL@2022-05-10,2022-05-10,2016-01-01..2022-04-11,1599,100.0,,2016-01-04..2022-05-09,1580,2016-01-04..2026-09-18,True,True,False,rename_confirmed,"exclude old row, keep destination"
CBS,PARA,VIAC@2020-02-13 PARA@2022-02-17,2020-02-13,2016-01-01..2019-11-21,988,0.0,,2016-01-04..2019-12-04,980,2016-01-04..2026-09-18,True,True,False,different_company,"keep old row, drop destination (rejected in symbol_changes_manual.csv)"
CDAY,DAY,DAY@2024-02-01,2024-02-01,2021-09-20..2023-12-18,0,,,2018-04-26..2024-01-31,566,2024-02-01..2026-02-03,True,True,False,rename_confirmed_no_overlap,"exclude old row, keep destination"
CHK,EXE,EXE@2024-10-02,2024-10-02,2016-01-01..2018-03-16,2201,100.0,,2016-01-04..2024-10-01,555,2016-01-04..2026-09-18,True,True,False,rename_confirmed,"exclude old row, keep destination"
COG,CTRA,CTRA@2021-10-04,2021-10-04,2016-01-01..2021-09-20,728,0.0,,2016-01-04..2021-10-01,1439,2018-11-09..2026-05-06,True,True,False,different_company,"keep old row, drop destination (rejected in symbol_changes_manual.csv)"
CTL,LUMN,LUMN@2020-09-18,2020-09-18,2016-01-01..2020-06-22,1186,100.0,,2016-01-04..2020-09-17,1125,2016-01-04..2026-09-18,True,True,False,rename_confirmed,"exclude old row, keep destination"
EQR,VMRK,VMRK@2026-08-18,2026-08-18,2016-01-01..2026-08-05,0,,,2016-01-04..2026-08-17,2662,-,True,True,True,destination_no_data,"keep old row, drop destination (rejected in symbol_changes_manual.csv)"
FB,META,META@2022-06-09,2022-06-09,2016-01-01..2022-06-08,1620,100.0,0.0,2016-01-04..2026-09-18,1620,2016-01-04..2026-09-18,True,True,False,rename_confirmed,"exclude old row, keep destination"
FBHS,FBIN,FBIN@2022-12-15,2022-12-15,2016-06-24..2022-11-08,0,,,-,0,2016-01-04..2026-09-18,True,False,False,rename_confirmed_no_overlap,"exclude old row, keep destination"
FI,FISV,FISV@2025-11-11,2025-11-11,2023-06-07..2025-11-04,1762,0.0,,2016-01-04..2022-12-30,0,2016-01-04..2026-09-18,True,True,False,old_symbol_has_no_data_in_its_membership_window,"exclude old row, keep destination"
FISV,FISV,FI@2023-06-07 FISV@2025-11-11,2023-06-07,2016-01-01..2026-08-18,1869,100.0,100.0,2016-01-04..2026-09-18,2671,2016-01-04..2026-09-18,True,True,True,rename_confirmed,kept (the feed does not move it)
FLT,CPAY,CPAY@2024-03-25,2024-03-25,2018-06-20..2024-03-18,2069,100.0,,2016-01-04..2024-03-22,1445,2016-01-04..2026-09-18,True,True,False,rename_confirmed,"exclude old row, keep destination"
GPS,GAP,GAP@2024-08-22,2024-08-22,2016-01-01..2022-01-10,2173,100.0,,2016-01-04..2024-08-21,1517,2016-01-04..2026-09-18,True,False,False,rename_confirmed,"exclude old row, keep destination"
HCP,DOC,PEAK@2019-11-06 DOC@2024-03-04,2019-11-06,2016-01-01..2019-10-18,968,99.9,0.0,2016-01-04..2025-02-26,956,2016-01-04..2026-09-18,True,True,False,rename_confirmed,"exclude old row, keep destination"
HFC,DINO,DINO@2022-03-15,2022-03-15,2018-06-18..2021-05-14,1560,100.0,,2016-01-04..2022-03-14,733,2016-01-04..2026-09-18,True,False,False,rename_confirmed,"exclude old row, keep destination"
IR,TT,TT@2020-03-02,2020-03-02,2016-01-01..2026-08-18,956,0.0,0.0,2016-01-04..2026-09-18,2581,2016-01-04..2026-09-18,True,True,True,different_company,"keep old row, drop destination (rejected in symbol_changes_manual.csv)"
JEC,J,J@2019-12-10,2019-12-10,2016-01-01..2019-12-09,0,,,-,0,2016-01-04..2026-09-18,True,True,False,rename_confirmed_no_overlap,"exclude old row, keep destination"
LLL,JXG,JXJT@2022-10-10 JXG@2024-12-20,2022-10-10,2016-01-01..2019-06-07,1704,0.0,,2016-01-04..2022-10-07,863,2016-01-04..2026-09-18,False,False,False,different_company,"keep old row, drop destination (rejected in symbol_changes_manual.csv)"
MMC,MRSH,MRSH@2026-01-14,2026-01-14,2016-01-01..2025-12-22,2522,100.0,,2016-01-04..2026-01-13,2508,2016-01-04..2026-09-18,True,True,False,rename_confirmed,"exclude old row, keep destination"
MNK,MNKTQ,MNKTQ@2023-08-29,2023-08-29,2016-01-01..2017-07-25,0,,,2016-01-04..2023-08-28,393,-,False,False,False,destination_no_data,"keep old row, drop destination (rejected in symbol_changes_manual.csv)"
NLOK,GEN,GEN@2022-11-08,2022-11-08,2019-11-05..2022-11-01,758,100.0,,2019-11-05..2022-11-07,754,2016-01-04..2026-09-18,True,True,False,rename_confirmed,"exclude old row, keep destination"
PEAK,DOC,DOC@2024-03-04,2024-03-04,2019-11-05..2024-02-01,1087,100.0,,2019-11-05..2024-03-01,1067,2016-01-04..2026-09-18,True,True,False,rename_confirmed,"exclude old row, keep destination"
PKI,RVTY,RVTY@2023-05-16,2023-05-16,2016-01-01..2023-05-04,1854,100.0,,2016-01-04..2023-05-15,1847,2016-01-04..2026-09-18,True,True,False,rename_confirmed,"exclude old row, keep destination"
PX,RPC,RPC@2026-02-11,2026-02-11,2016-01-01..2018-10-25,1080,100.0,,2016-01-04..2026-02-10,710,2021-10-21..2026-09-18,False,False,False,rename_confirmed,"keep old row, drop destination (rejected in symbol_changes_manual.csv)"
RE,EG,EG@2023-07-10,2023-07-10,2017-06-19..2023-06-20,1890,100.0,,2016-01-04..2023-07-07,1511,2016-01-04..2026-09-18,True,True,False,rename_confirmed,"exclude old row, keep destination"
SATS,ECHO,ECHO@2026-06-24,2026-06-24,2026-03-23..2026-06-22,2632,100.0,,2016-01-04..2026-06-23,63,2016-01-04..2026-09-18,True,True,False,rename_confirmed,"exclude old row, keep destination"
UTX,RTX,RTX@2020-04-03,2020-04-03,2016-01-01..2020-03-03,1070,100.0,,2016-01-04..2020-04-02,1048,2016-01-04..2026-09-18,True,True,False,rename_confirmed,"exclude old row, keep destination"
VIAC,PARA,PARA@2022-02-17,2022-02-17,2019-12-05..2022-02-15,555,0.0,,2019-12-05..2022-02-16,554,2016-01-04..2026-09-18,True,True,False,different_company,"keep old row, drop destination (rejected in symbol_changes_manual.csv)"
WLTW,WTW,WTW@2022-01-10,2022-01-10,2016-01-05..2021-12-20,1515,100.0,,2016-01-05..2022-01-07,1502,2016-01-05..2026-09-18,True,True,False,rename_confirmed,"exclude old row, keep destination"
WRK,SW,SW@2024-07-08,2024-07-08,2016-01-01..2024-06-24,2140,100.0,,2016-01-04..2024-07-05,2132,2016-01-04..2026-09-18,True,True,False,rename_confirmed,"exclude old row, keep destination"
WYND,TNL,TNL@2021-02-17,2021-02-17,2016-01-01..2018-05-24,682,100.0,,2018-06-01..2021-02-16,0,2016-01-04..2026-09-18,True,False,False,rename_confirmed,"exclude old row, keep destination"
XL,SPRU,SPRU@2022-11-14,2022-11-14,2016-01-01..2018-09-11,807,0.0,,2016-01-04..2022-11-11,678,2019-09-03..2026-09-18,False,False,False,different_company,"keep old row, drop destination (rejected in symbol_changes_manual.csv)"
