symbol,timeframe,date,ratio,ratio_crosscheck,split_ratio,verdict
AABA,1D,2019-09-24,0.275565,1.010881,,unexplained_ingested
AIM,1D,2026-01-09,0.962687,3.80531,,unexplained_crosscheck
AIV,1D,2020-11-03,0.839215,1.512951,,unexplained_crosscheck
ALIT,1D,2026-06-30,1.019108,0.050855,,unexplained_crosscheck
ALT,1D,2017-02-06,0.306061,2.589744,,mismatch
AMC,1D,2022-08-22,0.580466,0.944878,,unexplained_ingested
AVAL,1D,2022-03-25,1.007634,1.407091,,unexplained_crosscheck
AVGO,1D,2024-07-15,0.100796,1.007967,10.0,unadjusted
BBBY,1D,2021-01-27,1.4345,1.004049,,unexplained_ingested
BBBY,1D,2021-06-02,1.621056,1.090941,,unexplained_ingested
BBBY,1D,2022-08-19,0.594609,0.919303,,unexplained_ingested
BBBY,1D,2023-01-11,1.68599,1.041667,,unexplained_ingested
BBBY,1D,2023-01-12,1.501433,1.01619,,unexplained_ingested
BBBY,1D,2023-02-06,1.921311,0.961877,,unexplained_ingested
BBBY,1D,2023-02-07,0.513652,1.00784,,unexplained_ingested
BBBY,1D,2023-04-26,0.561967,0.995592,,unexplained_ingested
BBBY,1D,2025-08-29,119.973369,0.954449,,unexplained_ingested
BIYA,1D,2026-06-30,1.98227,1.565603,,mismatch
CBIO,1D,2022-09-21,0.988614,3.760542,,unexplained_crosscheck
CBIO,1D,2023-01-13,1.048611,1.693908,,unexplained_crosscheck
CELZ,1D,2026-06-30,1.789682,2.269563,,mismatch
CIG,1D,2021-05-03,0.875764,1.647773,,unexplained_crosscheck
CIG.C,1D,2021-05-03,0.881205,1.438805,,unexplained_crosscheck
CLRO,1D,2023-06-01,0.491228,0.87538,,unexplained_ingested
CUPR,1D,2026-06-30,1.477578,1.547085,,mismatch
CYOU,1D,2019-06-03,0.488017,0.997773,,unexplained_ingested
DD,1D,2025-11-03,0.424862,1.015823,,unexplained_ingested
DOUG,1D,2023-06-21,0.948052,1.738095,,unexplained_crosscheck
DOYU,1D,2024-09-03,0.497877,1.027288,,unexplained_ingested
DOYU,1D,2025-02-21,0.447483,1.16129,,unexplained_ingested
DX,1D,2019-06-21,3.041219,1.013677,,unexplained_ingested
EHGO,1D,2026-06-30,0.486891,0.464419,,mismatch
ENLV,1D,2026-06-29,1.017544,0.067836,,unexplained_crosscheck
FF,1D,2024-03-25,1.029114,1.505399,,unexplained_crosscheck
GIBO,1D,2026-06-30,18.16,20.864,,mismatch
GLAD,1D,2024-04-05,2.026531,1.013183,,unexplained_ingested
GYRE,1D,2022-09-21,0.257973,0.981208,,unexplained_ingested
GYRE,1D,2023-01-13,0.41672,0.673162,,unexplained_ingested
HON,1D,2026-06-29,0.490504,0.9355,,unexplained_ingested
HUBG,1D,2024-01-29,0.494575,0.989031,,unexplained_ingested
ITOC,1D,2026-04-14,0.996797,0.0623,,unexplained_crosscheck
IVR,1D,2020-05-20,0.905363,1.98072,,unexplained_crosscheck
JBIO,1D,2025-04-29,0.108102,1.034694,,unexplained_ingested
JEM,1D,2026-06-30,3.675926,3.490833,,mismatch
KDP,1D,2018-07-10,0.179444,1.114914,,unexplained_ingested
KEN,1D,2018-03-07,0.582404,0.943233,,unexplained_ingested
LAUR,1D,2021-11-01,0.583141,0.979648,,unexplained_ingested
LBTYA,1D,2024-11-13,0.57377,1.114232,,unexplained_ingested
LBTYK,1D,2024-11-13,0.578673,1.105978,,unexplained_ingested
LGCL,1D,2026-06-30,2.172177,1.855113,,mismatch
LGL,1D,2022-10-07,0.442623,0.972973,,unexplained_ingested
LGPS,1D,2025-07-07,2.02381,2.080588,,mismatch
LUB,1D,2021-11-02,0.575342,0.945343,,unexplained_ingested
MBI,1D,2023-12-26,0.470049,1.077544,,unexplained_ingested
MDU,1D,2024-11-01,0.523397,0.97551,,unexplained_ingested
MQ,1D,2026-06-15,1.015666,0.253916,,unexplained_crosscheck
MSGE,1D,2023-04-21,0.511724,1.12039,,unexplained_ingested
NYRT,1D,2018-01-29,0.506143,0.995482,,unexplained_ingested
OXY,1D,2020-03-09,0.465748,0.479621,,mismatch
PARA,1D,2023-12-15,0.592153,0.973571,,unexplained_ingested
PARA,1D,2024-01-05,1.548193,1.010631,,unexplained_ingested
PARA,1D,2024-09-20,1.975694,0.991288,,unexplained_ingested
PARA,1D,2024-09-24,1.961905,1.01561,,unexplained_ingested
PARA,1D,2024-10-09,1.818841,1.004826,,unexplained_ingested
PARA,1D,2024-12-10,1.47482,1.00272,,unexplained_ingested
PARA,1D,2025-01-29,1.544,1.002735,,unexplained_ingested
QXL,1D,2026-03-30,1.020408,0.255102,,unexplained_crosscheck
RAND,1D,2020-05-12,0.655518,3.122574,,unexplained_crosscheck
RUBI,1D,2025-12-02,20.217391,0.673913,,unexplained_ingested
RUBI,1D,2026-02-12,5.037493,0.645836,,unexplained_ingested
RUBI,1D,2026-04-09,9.702233,0.970223,,unexplained_ingested
RUBI,1D,2026-06-26,27.824268,1.112971,,unexplained_ingested
SAN,1D,2020-11-12,0.940959,1.584932,,unexplained_crosscheck
SCNX,1D,2024-03-25,0.395098,0.591995,,mismatch
SDEV,1D,2025-09-30,0.542373,0.820513,,unexplained_ingested
SEM,1D,2024-11-26,0.551421,1.024114,,unexplained_ingested
SHEN,1D,2021-08-03,0.584816,0.929286,,unexplained_ingested
SITC,1D,2024-10-01,0.281983,1.021665,,unexplained_ingested
SLBT,1D,2026-06-30,1.408824,1.0,,unexplained_ingested
SMTA,1D,2019-10-24,0.092331,1.365862,,unexplained_ingested
SNT,1D,2021-09-23,0.758242,1.899954,,unexplained_crosscheck
SOC,1D,2026-06-30,0.441894,0.489254,,mismatch
SOR,1D,2016-03-16,0.528749,1.05447,,unexplained_ingested
SPRT,1D,2019-12-27,0.565217,1.093458,,unexplained_ingested
TBRG,1D,2024-03-04,0.576258,0.834603,,unexplained_ingested
TORO,1D,2025-04-15,0.809322,1.444052,,unexplained_crosscheck
TST,1D,2019-04-23,0.335484,1.171831,,unexplained_ingested
VATE,1D,2017-01-05,0.99851,1.62628,,unexplained_crosscheck
VATE,1D,2021-08-13,0.966146,2.24364,,unexplained_crosscheck
VATE,1D,2025-10-27,0.923351,1.555335,,unexplained_crosscheck
VHC,1D,2023-04-18,0.4125,1.205769,,unexplained_ingested
VISN,1D,2026-04-28,0.506912,1.038825,,unexplained_ingested
XLB,1D,2025-12-05,0.498361,0.996793,,unexplained_ingested
XLE,1D,2025-12-05,0.49794,0.995787,,unexplained_ingested
XLK,1D,2025-12-05,0.503659,1.007312,,unexplained_ingested
XLU,1D,2025-12-05,0.49531,0.990656,,unexplained_ingested
XLY,1D,2025-12-05,0.502771,1.005576,,unexplained_ingested
XOP,1D,2020-03-30,3.986301,0.996395,,unexplained_ingested
XTIA,1D,2023-03-15,0.623318,2.561279,,unexplained_crosscheck
YHC,1D,2026-06-30,0.084946,0.094409,,mismatch
YOOV,1D,2026-06-30,1.994819,2.067098,,mismatch
