symbol,bars,flagged
PARA,10208,17
STI,5183,6
LLL,7753,5
BBBY,14545,4
CZR,18776,3
GME,18770,3
HBI,17366,3
KSS,18764,3
MNK,9662,3
POM,1965,3
ADT,15748,2
EIX,18776,2
FLIR,9405,2
FOSL,18776,2
GAP,18768,2
JWN,16441,2
NWSA,18776,2
PODD,18776,2
RF,18765,2
TSN,18764,2
VICI,15104,2
AES,18771,1
AIV,18765,1
AMGN,18776,1
CDW,18776,1
CHTR,18776,1
CNC,18765,1
COIN,9521,1
CSCO,18776,1
CSGP,18776,1
DO,11826,1
ENDP,11670,1
ENPH,18776,1
ETSY,18776,1
EXE,17700,1
FLEX,18776,1
FLS,18770,1
FMC,18770,1
FOX,18776,1
FTR,7549,1
GEHC,6566,1
GEN,18776,1
GWW,18769,1
HII,18769,1
HOOD,9004,1
HPQ,18770,1
HST,18788,1
ILMN,18776,1
IPG,17362,1
IR,18139,1
JEF,18769,1
LLY,18765,1
LUMN,18765,1
M,18765,1
MA,18765,1
MCK,18765,1
MHK,18765,1
MKTX,18776,1
MOH,18765,1
MOS,18765,1
MRK,18765,1
MRO,15595,1
MS,18765,1
MXIM,9909,1
NAVI,18776,1
NCLH,18764,1
NEE,18765,1
NOW,18765,1
NUE,18765,1
NWL,18788,1
NWS,18776,1
ON,18776,1
PBI,18764,1
PLTR,10429,1
RCL,18764,1
RDDT,4360,1
RIG,18765,1
RSG,18765,1
RTX,18764,1
SLB,18764,1
SMCI,16348,1
SO,18764,1
STE,18763,1
STX,18776,1
SYMC,6736,1
T,18764,1
TDC,18764,1
TE,10812,1
TGT,18764,1
TPR,18764,1
UBER,12879,1
UNP,18764,1
URBN,18776,1
URI,18764,1
VLO,18763,1
VRT,12807,1
VZ,18764,1
WFC,18764,1
WMB,18763,1
WTW,18769,1
WU,18762,1
XOM,18764,1
ZTS,18764,1
CANE,16784,1
CPER,15686,1
