symbol,hourly_years,hourly_year_count,days_compared,breach_days,symbol_class,high_side_days,low_side_days,both_sides_days,extended_hours,unexplained,incomplete_hourly_day,no_raw_hours,max_breach_bps,error
A,2016|2017|2018|2019|2020|2021|2022|2024|2025|2026,10,2443,21,sp500_pit,11,10,0,9,9,3,0,125.98,
AABA,2017|2018|2019,3,577,6,sp500_pit,2,4,0,2,2,2,0,17.05,
AAL,2016|2017|2018|2019|2020|2021|2022|2024|2025|2026,10,2443,11,sp500_pit,7,4,0,4,5,2,0,234.37,
AAP,2016|2017|2018|2019|2020|2021|2022|2024|2025|2026,10,2443,8,sp500_pit,2,6,0,2,3,3,0,253.86,
AAPL,2016|2017|2018|2019|2020|2021|2022|2024|2025|2026,10,2443,17,sp500_pit,12,5,0,12,3,2,0,79.29,
ABBV,2016|2017|2018|2019|2020|2021|2022|2024|2025|2026,10,2443,40,sp500_pit,24,16,0,32,6,2,0,125.72,
ABC,2016|2017|2018|2019|2020,5,1259,8,unknown,8,0,0,6,2,0,0,13.39,
ABMD,2016|2017|2018|2019|2020|2021|2022,7,1756,11,sp500_pit,6,5,0,4,5,2,0,761.99,
ABNB,2020|2021|2022|2024|2025|2026,6,1199,3,sp500_pit,1,2,0,2,1,0,0,50.5,
ABT,2016|2017|2018|2019|2020|2021|2022|2024|2025|2026,10,2443,16,sp500_pit,8,8,0,12,2,2,0,155.03,
ACGL,2016|2017|2018|2019|2020|2021|2022|2024|2025|2026,10,2443,12,sp500_pit,7,5,0,5,5,2,0,304.07,
ACN,2016|2017|2018|2019|2020|2021|2022|2024|2025|2026,10,2443,24,sp500_pit,15,9,0,19,2,3,0,252.8,
ADBE,2016|2017|2018|2019|2020|2021|2022|2024|2025|2026,10,2443,23,sp500_pit,11,12,0,10,11,2,0,267.2,
ADI,2016|2017|2018|2019|2020|2021|2022|2024|2025|2026,10,2443,14,sp500_pit,5,9,0,2,10,2,0,80.41,
ADM,2016|2017|2018|2019|2020|2021|2022|2024|2025|2026,10,2443,22,sp500_pit,13,9,0,12,7,3,0,119.35,
ADP,2016|2017|2018|2019|2020|2021|2022|2024|2025|2026,10,2443,14,sp500_pit,7,7,0,3,9,2,0,116.17,
ADS,2016|2017|2018|2019|2020,5,1259,5,unknown,1,4,0,4,1,0,0,127.79,
ADSK,2016|2017|2018|2019|2020|2021|2022|2024|2025|2026,10,2443,9,sp500_pit,5,4,0,4,3,2,0,222.57,
ADT,2016|2018|2019|2020|2021|2022|2024|2025|2026,9,2010,17,sp500_pit,6,11,0,10,4,3,0,391.3,
AEE,2016|2017|2018|2019|2020|2021|2022|2024|2025|2026,10,2443,19,sp500_pit,8,11,0,11,5,3,0,196.01,
AEP,2016|2017|2018|2019|2020|2021|2022|2024|2025|2026,10,2443,13,sp500_pit,6,7,0,6,7,0,0,23.76,
AES,2016|2017|2018|2019|2020|2021|2022|2024|2025|2026,10,2443,20,sp500_pit,8,12,0,15,3,2,0,204.08,
AET,2016|2017|2018,3,733,30,sp500_pit,8,22,0,30,0,0,0,17.49,
AFL,2016|2017|2018|2019|2020|2021|2022|2024|2025|2026,10,2443,18,sp500_pit,10,8,0,12,3,3,0,156.15,
AGN,2016|2017|2018|2019|2020,5,1095,21,sp500_pit,8,13,0,19,2,0,0,19.7,
AIG,2016|2017|2018|2019|2020|2021|2022|2024|2025|2026,10,2443,14,sp500_pit,6,8,0,11,0,3,0,137.49,
AIV,2016|2017|2018|2019|2020|2021|2022|2024|2025|2026,10,2443,21,sp500_pit,14,7,0,16,3,2,0,108.7,
AIZ,2016|2017|2018|2019|2020|2021|2022|2024|2025|2026,10,2443,11,sp500_pit,6,5,0,6,1,4,0,227.27,
AJG,2016|2017|2018|2019|2020|2021|2022|2024|2025|2026,10,2443,30,sp500_pit,14,16,0,22,4,4,0,289.75,
AKAM,2016|2017|2018|2019|2020|2021|2022|2024|2025|2026,10,2443,10,sp500_pit,4,6,0,4,4,2,0,121.42,
ALB,2016|2017|2018|2019|2020|2021|2022|2024|2025|2026,10,2443,15,sp500_pit,13,2,0,9,2,4,0,509.57,
ALGN,2016|2017|2018|2019|2020|2021|2022|2024|2025|2026,10,2443,14,sp500_pit,7,7,0,3,9,2,0,240.65,
ALK,2016|2017|2018|2019|2020|2021|2022|2024|2025|2026,10,2443,15,sp500_pit,8,7,0,7,5,3,0,336.4,
ALL,2016|2017|2018|2019|2020|2021|2022|2024|2025|2026,10,2443,30,sp500_pit,17,13,0,20,6,4,0,299.11,
ALLE,2016|2017|2018|2019|2020|2021|2022|2024|2025|2026,10,2443,12,sp500_pit,5,7,0,7,1,4,0,342.82,
ALXN,2016|2017|2018|2019|2020|2021,6,1396,4,sp500_pit,1,3,0,1,1,2,0,284.49,
AMAT,2016|2017|2018|2019|2020|2021|2022|2024|2025|2026,10,2443,7,sp500_pit,4,3,0,3,2,2,0,86.77,
AMCR,2019|2020|2021|2022|2024|2025|2026,7,1579,17,sp500_pit,8,9,0,12,1,4,0,414.56,
AMD,2016|2017|2018|2019|2020|2021|2022|2024|2025|2026,10,2443,11,sp500_pit,4,7,0,3,6,2,0,169.38,
AME,2016|2017|2018|2019|2020|2021|2022|2024|2025|2026,10,2443,22,sp500_pit,11,11,0,16,2,4,0,123.96,
AMG,2016|2017|2018|2019|2020|2021|2022|2024|2025|2026,10,2443,17,sp500_pit,8,9,0,12,2,3,0,348.13,
AMGN,2016|2017|2018|2019|2020|2021|2022|2024|2025|2026,10,2443,10,sp500_pit,6,4,0,5,3,2,0,155.66,
AMP,2016|2017|2018|2019|2020|2021|2022|2024|2025|2026,10,2443,16,sp500_pit,5,11,0,7,5,4,0,215.77,
AMT,2016|2017|2018|2019|2020|2021|2022|2024|2025|2026,10,2443,21,sp500_pit,8,14,1,11,6,4,0,235.1,
AMTM,2024|2025|2026,3,494,3,sp500_pit,1,2,0,3,0,0,0,834.11,
AMZN,2016|2017|2018|2019|2020|2021|2022|2024|2025|2026,10,2443,21,sp500_pit,11,10,0,11,8,2,0,394.74,
AN,2016|2017|2018|2019|2020|2021|2022|2024|2025|2026,10,2442,11,sp500_pit,5,6,0,2,6,3,0,651.67,
ANDV,2017|2018,2,294,8,sp500_pit,4,4,0,8,0,0,0,249.48,
ANET,2016|2017|2018|2019|2020|2021|2022|2024|2025|2026,10,2443,16,sp500_pit,10,6,0,8,4,4,0,111.89,
ANSS,2016|2017|2018|2019|2020|2021|2022|2024|2025,9,2147,16,sp500_pit,10,6,0,7,7,2,0,1634.55,
ANTM,2016|2017|2018|2019|2020,5,1259,8,unknown,1,7,0,6,2,0,0,13.37,
AON,2016|2017|2018|2019|2020|2021|2022|2024|2025|2026,10,2443,26,sp500_pit,11,15,0,17,5,4,0,341.6,
AOS,2016|2017|2018|2019|2020|2021|2022|2024|2025|2026,10,2443,20,sp500_pit,8,12,0,12,4,4,0,222.02,
APA,2016|2017|2018|2019|2020|2021|2022|2024|2025|2026,10,2443,12,sp500_pit,4,8,0,8,4,0,0,37.19,
APC,2016|2017|2018|2019|2026,5,1057,9,sp500_pit,2,7,0,7,2,0,0,38.7,
APD,2016|2017|2018|2019|2020|2021|2022|2024|2025|2026,10,2443,27,sp500_pit,16,11,0,19,4,4,0,125.53,
APH,2016|2017|2018|2019|2020|2021|2022|2024|2025|2026,10,2443,17,sp500_pit,5,12,0,13,0,4,0,139.61,
APO,2016|2017|2018|2019|2020|2021|2022|2024|2025|2026,10,2443,31,sp500_pit,19,12,0,24,4,3,0,196.6,
APP,2021|2022|2024|2025|2026,5,1114,1,sp500_pit,0,1,0,1,0,0,0,11.59,
APTV,2017|2018|2019|2020|2021|2022|2024|2025|2026,9,1969,13,sp500_pit,7,6,0,7,2,4,0,240.19,
ARE,2016|2017|2018|2019|2020|2021|2022|2024|2025|2026,10,2442,20,sp500_pit,10,10,0,17,1,2,0,49.84,
ARES,2016|2017|2018|2019|2020|2021|2022|2024|2025|2026,10,2443,33,sp500_pit,19,14,0,25,3,5,0,232.34,
ARG,2016,1,97,6,sp500_pit,5,1,0,6,0,0,0,9.91,
ARGT,2016|2017|2018|2019|2020|2021|2023|2024|2025|2026,10,2442,82,etf,43,39,0,38,4,40,0,114.24,
ARKK,2016|2017|2018|2019|2020|2021|2023|2024|2025|2026,10,2434,51,etf,35,16,0,44,7,0,0,36.43,
ARNC,2016|2017|2018|2019|2020|2021|2022,7,1552,16,sp500_pit,7,9,0,10,2,4,0,541.89,
ATO,2016|2017|2018|2019|2020|2021|2022|2024|2025|2026,10,2443,21,sp500_pit,13,8,0,15,2,4,0,261.9,
ATVI,2016|2017|2018|2019|2020|2021|2022,7,1762,13,sp500_pit,8,5,0,4,7,2,0,249.93,
AVB,2016|2017|2018|2019|2020|2021|2022|2024|2025|2026,10,2419,31,sp500_pit,16,15,0,26,2,3,0,198.79,
AVGO,2016|2017|2018|2019|2020|2021|2022|2024|2025|2026,10,2443,15,sp500_pit,9,6,0,7,6,2,0,198.04,
AVY,2016|2017|2018|2019|2020|2021|2022|2024|2025|2026,10,2443,21,sp500_pit,16,5,0,12,5,4,0,72.87,
AWK,2016|2017|2018|2019|2020|2021|2022|2024|2025|2026,10,2443,19,sp500_pit,11,8,0,10,6,3,0,204.86,
AXON,2016|2017|2018|2019|2020|2021|2022|2024|2025|2026,10,2443,39,sp500_pit,19,20,0,27,10,2,0,132.72,
AXP,2016|2017|2018|2019|2020|2021|2022|2024|2025|2026,10,2442,23,sp500_pit,12,11,0,14,6,3,0,100.67,
AYI,2016|2017|2018|2019|2020|2021|2022|2024|2025|2026,10,2443,22,sp500_pit,15,7,0,12,6,4,0,170.45,
AZO,2016|2017|2018|2019|2020|2021|2022|2024|2025|2026,10,2443,39,sp500_pit,16,23,0,31,4,4,0,143.6,
BA,2016|2017|2018|2019|2020|2021|2022|2024|2025|2026,10,2443,40,sp500_pit,17,23,0,29,7,4,0,223.82,
BAC,2016|2017|2018|2019|2020|2021|2022|2024|2025|2026,10,2442,16,sp500_pit,8,8,0,9,4,3,0,98.77,
BALL,2016|2017|2018|2019|2020|2021|2022|2024|2025|2026,10,2443,15,sp500_pit,5,10,0,11,1,3,0,514.4,
BAX,2016|2017|2018|2019|2020|2021|2022|2024|2025|2026,10,2443,20,sp500_pit,10,10,0,14,2,4,0,505.9,
BBBY,2016|2017|2018|2019|2020|2021|2022|2025|2026,9,2003,15,sp500_pit,7,8,0,6,7,2,0,386.44,
BBT,2016|2017|2018|2019|2020|2021|2022|2024|2025|2026,10,2443,22,sp500_pit,13,9,0,17,1,4,0,141.69,
BBWI,2021|2022|2024|2025|2026,5,1038,9,sp500_pit,4,5,0,5,1,3,0,628.62,
BBY,2016|2017|2018|2019|2020|2021|2022|2024|2025|2026,10,2443,14,sp500_pit,5,9,0,5,5,4,0,450.78,
BCR,2016|2017,2,502,24,sp500_pit,12,12,0,24,0,0,0,60.18,
BDX,2016|2017|2018|2019|2020|2021|2022|2024|2025|2026,10,2443,23,sp500_pit,12,11,0,20,0,3,0,339.46,
BEN,2016|2017|2018|2019|2020|2021|2022|2024|2025|2026,10,2443,21,sp500_pit,13,8,0,16,1,4,0,151.59,
BF.B,2016|2017|2018|2019|2020|2021|2022|2024|2025|2026,10,2443,31,sp500_pit,19,12,0,26,1,4,0,551.13,
BFH,2016|2017|2018|2019|2020|2021|2022,7,1762,10,sp500_pit,2,8,0,5,2,3,0,363.26,
BG,2016|2017|2018|2019|2020|2021|2022|2024|2025|2026,10,2443,23,sp500_pit,8,15,0,16,3,4,0,242.69,
BHF,2017|2018|2019|2020|2021|2022|2024|2025|2026,9,2056,5,sp500_pit,3,2,0,2,1,2,0,504.15,
BIIB,2016|2017|2018|2019|2020|2021|2022|2024|2025|2026,10,2442,9,sp500_pit,5,4,0,5,2,2,0,240.2,
BIO,2016|2017|2018|2019|2020|2021|2022|2024|2025|2026,10,2442,24,sp500_pit,11,13,0,20,1,3,0,216.49,
BKNG,2016|2017|2018|2019|2020|2021|2022|2024|2025|2026,10,2443,22,sp500_pit,12,10,0,15,5,2,0,123.27,
BKR,2017|2018|2019|2020|2021|2022|2024|2025|2026,9,2065,7,sp500_pit,5,2,0,5,0,2,0,164.75,
BLDR,2016|2017|2018|2019|2020|2021|2022|2024|2025|2026,10,2443,33,sp500_pit,22,11,0,23,5,5,0,538.68,
BLK,2016|2017|2018|2019|2020|2021|2022|2024|2025|2026,10,2443,23,sp500_pit,12,11,0,17,2,4,0,133.96,
BLL,2016|2017|2018|2019|2020,5,1259,7,unknown,4,3,0,7,0,0,0,56.04,
BMY,2016|2017|2018|2019|2020|2021|2022|2024|2025|2026,10,2443,24,sp500_pit,12,12,0,15,6,3,0,631.17,
BNO,2016|2017|2018|2019|2020|2021|2023|2024|2025|2026,10,2442,22,etf,10,12,0,21,1,0,0,258.51,
BNY,2016|2017|2018|2019|2020|2021|2022|2024|2025|2026,10,2443,13,sp500_pit,8,5,0,6,3,4,0,349.75,
BOTZ,2016|2017|2018|2019|2020|2021|2023|2024|2025|2026,10,2264,117,etf,78,39,0,112,3,2,0,68.82,
BR,2016|2017|2018|2019|2020|2021|2022|2024|2025|2026,10,2443,25,sp500_pit,12,13,0,20,1,4,0,167.17,
BRCM,2016,1,19,0,sp500_pit,0,0,0,0,0,0,0,0.0,
BRK.B,2016|2017|2018|2019|2020|2021|2022|2024|2025|2026,10,2443,61,sp500_pit,35,26,0,56,1,4,0,143.16,
BRO,2016|2017|2018|2019|2020|2021|2022|2024|2025|2026,10,2443,10,sp500_pit,4,7,1,4,2,4,0,783.58,
BSX,2016|2017|2018|2019|2020|2021|2022|2024|2025|2026,10,2443,17,sp500_pit,7,10,0,12,2,3,0,435.56,
BWA,2016|2017|2018|2019|2020|2021|2022|2024|2025|2026,10,2443,15,sp500_pit,6,9,0,9,2,4,0,176.59,
BX,2016|2017|2018|2019|2020|2021|2022|2024|2025|2026,10,2443,22,sp500_pit,10,12,0,14,4,4,0,289.79,
BXLT,2016,1,105,1,sp500_pit,0,1,0,1,0,0,0,6.63,
BXP,2016|2017|2018|2019|2020|2021|2022|2024|2025|2026,10,2443,16,sp500_pit,14,2,0,10,2,4,0,200.82,
C,2016|2017|2018|2019|2020|2021|2022|2024|2025|2026,10,2443,16,sp500_pit,7,9,0,11,1,4,0,355.39,
CA,2016|2017|2018|2024|2025|2026,6,1075,233,sp500_pit,69,165,1,6,17,210,0,331.5,
CAG,2016|2017|2018|2019|2020|2021|2022|2024|2025|2026,10,2443,25,sp500_pit,9,16,0,18,4,3,0,814.74,
CAH,2016|2017|2018|2019|2020|2021|2022|2024|2025|2026,10,2443,19,sp500_pit,13,6,0,9,6,4,0,209.32,
CAM,2016|2025|2026,3,302,7,sp500_pit,3,4,0,4,0,3,0,4.36,
CANE,2016|2017|2018|2019|2020|2021|2023|2024|2025|2026,10,2432,38,etf,19,19,0,24,3,11,0,130.43,
CARR,2020|2021|2022|2024|2025|2026,6,1373,7,sp500_pit,4,3,0,3,0,4,0,140.58,
CASY,2016|2017|2018|2019|2020|2021|2022|2024|2025|2026,10,2443,18,sp500_pit,8,10,0,7,9,2,0,112.12,
CAT,2016|2017|2018|2019|2020|2021|2022|2024|2025|2026,10,2442,25,sp500_pit,10,15,0,18,4,3,0,62.05,
CB,2016|2017|2018|2019|2020|2021|2022|2024|2025|2026,10,2443,25,sp500_pit,13,12,0,18,3,4,0,179.68,
CBOE,2016|2017|2018|2019|2020|2021|2022|2024|2025|2026,10,2443,170,sp500_pit,81,89,0,159,9,2,0,273.06,
CBRE,2016|2017|2018|2019|2020|2021|2022|2024|2025|2026,10,2443,25,sp500_pit,13,12,0,18,3,4,0,253.39,
CBS,2016|2017|2018|2019,4,988,4,sp500_pit,2,2,0,3,1,0,0,5.78,
CCEP,2016|2017|2018|2019|2020|2021|2022|2024|2025|2026,10,2443,10,sp500_pit,4,6,0,9,1,0,0,18.79,
CCI,2016|2017|2018|2019|2020|2021|2022|2024|2025|2026,10,2443,16,sp500_pit,8,8,0,10,2,4,0,112.74,
CCL,2016|2017|2018|2019|2020|2021|2022|2024|2025|2026,10,2443,24,sp500_pit,14,10,0,15,5,4,0,825.87,
CDAY,2018|2019|2020|2024,4,698,6,unknown,4,2,0,6,0,0,0,110.87,
CDNS,2016|2017|2018|2019|2020|2021|2022|2024|2025|2026,10,2443,13,sp500_pit,8,5,0,2,9,2,0,136.65,
CDW,2016|2017|2018|2019|2020|2021|2022|2024|2025|2026,10,2443,17,sp500_pit,8,9,0,6,9,2,0,281.32,
CE,2016|2017|2018|2019|2020|2021|2022|2024|2025|2026,10,2443,12,sp500_pit,4,8,0,7,1,4,0,109.78,
CEG,2022|2024|2025|2026,4,911,2,sp500_pit,0,2,0,1,1,0,0,21.77,
CELG,2016|2017|2018|2019,4,979,6,sp500_pit,2,4,0,3,1,2,0,114.75,
CERN,2016|2017|2018|2019|2020|2021|2022,7,1619,18,sp500_pit,7,11,0,4,12,2,0,379.38,
CF,2016|2017|2018|2019|2020|2021|2022|2024|2025|2026,10,2443,15,sp500_pit,7,8,0,6,6,3,0,314.55,
CFG,2016|2017|2018|2019|2020|2021|2022|2024|2025|2026,10,2443,12,sp500_pit,3,9,0,5,3,4,0,189.82,
CHD,2016|2017|2018|2019|2020|2021|2022|2024|2025|2026,10,2442,16,sp500_pit,5,11,0,12,2,2,0,600.08,
CHK,2016|2017|2018|2019|2020|2024,6,1318,8,unknown,2,7,1,8,0,0,0,3523.33,
CHRW,2016|2017|2018|2019|2020|2021|2022|2024|2025|2026,10,2443,10,sp500_pit,5,5,0,3,5,2,0,193.0,
CHTR,2016|2017|2018|2019|2020|2021|2022|2024|2025|2026,10,2443,11,sp500_pit,2,9,0,3,6,2,0,117.18,
CI,2016|2017|2018|2019|2020|2021|2022|2024|2025|2026,10,2443,22,sp500_pit,10,12,0,14,4,4,0,261.02,
CIEN,2016|2017|2018|2019|2020|2021|2022|2024|2025|2026,10,2443,21,sp500_pit,11,10,0,16,1,4,0,311.59,
CINF,2016|2017|2018|2019|2020|2021|2022|2024|2025|2026,10,2443,9,sp500_pit,4,5,0,4,3,2,0,172.14,
CL,2016|2017|2018|2019|2020|2021|2022|2024|2025|2026,10,2443,24,sp500_pit,12,12,0,17,4,3,0,253.77,
CLX,2016|2017|2018|2019|2020|2021|2022|2024|2025|2026,10,2443,16,sp500_pit,6,10,0,8,4,4,0,453.63,
CMA,2016|2017|2018|2019|2020|2021|2022|2024|2025|2026,10,2284,20,sp500_pit,6,14,0,14,3,3,0,246.33,
CMCSA,2016|2017|2018|2019|2020|2021|2022|2024|2025|2026,10,2443,8,sp500_pit,0,8,0,1,5,2,0,220.45,
CME,2016|2017|2018|2019|2020|2021|2022|2024|2025|2026,10,2443,12,sp500_pit,7,5,0,2,8,2,0,84.07,
CMG,2016|2017|2018|2019|2020|2021|2022|2024|2025|2026,10,2443,16,sp500_pit,10,6,0,11,1,4,0,490.65,
CMI,2016|2017|2018|2019|2020|2021|2022|2024|2025|2026,10,2443,21,sp500_pit,13,8,0,12,5,4,0,280.79,
CMS,2016|2017|2018|2019|2020|2021|2022|2024|2025|2026,10,2443,29,sp500_pit,11,18,0,22,3,4,0,203.28,
CNC,2016|2017|2018|2019|2020|2021|2022|2024|2025|2026,10,2443,15,sp500_pit,9,6,0,9,2,4,0,188.79,
CNP,2016|2017|2018|2019|2020|2021|2022|2024|2025|2026,10,2443,20,sp500_pit,12,8,0,9,8,3,0,129.64,
CNX,2016|2017|2018|2019|2020|2021|2022|2024|2025|2026,10,2443,10,sp500_pit,5,5,0,5,1,4,0,396.93,
COF,2016|2017|2018|2019|2020|2021|2022|2024|2025|2026,10,2443,17,sp500_pit,11,6,0,10,3,4,0,252.87,
COG,2016|2017|2018|2019|2020|2021,6,1448,9,sp500_pit,7,2,0,8,0,1,0,29.27,
COHR,2016|2017|2018|2019|2020|2021|2022|2024|2025|2026,10,2443,9,sp500_pit,9,0,0,5,2,2,0,533.64,
COIN,2021|2022|2024|2025|2026,5,1115,4,sp500_pit,2,2,0,4,0,0,0,17.8,
COL,2016|2017|2018,3,731,21,sp500_pit,8,13,0,18,3,0,0,43.71,
COO,2016|2017|2018|2019|2020|2021|2022|2024|2025|2026,10,2442,18,sp500_pit,10,8,0,9,6,3,0,313.23,
COP,2016|2017|2018|2019|2020|2021|2022|2024|2025|2026,10,2443,22,sp500_pit,10,12,0,11,7,4,0,274.29,
COR,2016|2017|2018|2019|2020|2021|2022|2024|2025|2026,10,2443,17,sp500_pit,13,4,0,10,4,3,0,41.84,
CORN,2016|2017|2018|2019|2020|2021|2023|2024|2025|2026,10,2442,47,etf,28,19,0,41,5,1,0,40.05,
COST,2016|2017|2018|2019|2020|2021|2022|2024|2025|2026,10,2443,19,sp500_pit,7,12,0,10,7,2,0,491.02,
COTY,2016|2017|2018|2019|2020|2021|2022|2024|2025|2026,10,2443,13,sp500_pit,7,6,0,7,2,4,0,382.48,
CPAY,2016|2017|2018|2019|2020|2021|2022|2024|2025|2026,10,2443,16,sp500_pit,8,8,0,7,6,3,0,357.57,
CPB,2016|2017|2018|2019|2020|2021|2022|2024|2025|2026,10,2443,18,sp500_pit,9,9,0,8,7,3,0,732.86,
CPER,2016|2017|2018|2019|2020|2021|2023|2024|2025|2026,10,2393,58,etf,29,29,0,35,2,21,0,80.17,
CPGX,2016,1,125,0,sp500_pit,0,0,0,0,0,0,0,0.0,
CPRI,2016|2017|2018|2019|2020|2021|2022|2024|2025|2026,10,2443,13,sp500_pit,8,5,0,6,3,4,0,447.68,
CPRT,2016|2017|2018|2019|2020|2021|2022|2024|2025|2026,10,2443,14,sp500_pit,7,7,0,3,9,2,0,153.02,
CPT,2016|2017|2018|2019|2020|2021|2022|2024|2025|2026,10,2443,28,sp500_pit,14,14,0,22,2,4,0,155.26,
CRH,2016|2017|2018|2019|2020|2021|2022|2024|2025|2026,10,2443,26,sp500_pit,14,12,0,21,2,3,0,164.1,
CRL,2016|2017|2018|2019|2020|2021|2022|2024|2025|2026,10,2442,13,sp500_pit,8,5,0,6,4,3,0,259.02,
CRM,2016|2017|2018|2019|2020|2021|2022|2024|2025|2026,10,2443,20,sp500_pit,10,10,0,12,4,4,0,303.1,
CRWD,2019|2020|2021|2022|2024|2025|2026,7,1578,2,sp500_pit,1,1,0,2,0,0,0,15.94,
CSCO,2016|2017|2018|2019|2020|2021|2022|2024|2025|2026,10,2443,10,sp500_pit,4,6,0,6,2,2,0,508.64,
CSGP,2016|2017|2018|2019|2020|2021|2022|2024|2025|2026,10,2443,13,sp500_pit,4,9,0,5,6,2,0,518.23,
CSRA,2016|2017|2018|2026,4,592,13,sp500_pit,4,9,0,5,1,7,0,49.65,
CSX,2016|2017|2018|2019|2020|2021|2022|2024|2025|2026,10,2443,7,sp500_pit,2,5,0,1,5,1,0,60.61,
CTAS,2016|2017|2018|2019|2020|2021|2022|2024|2025|2026,10,2443,16,sp500_pit,9,7,0,7,7,2,0,171.1,
CTL,2016|2017|2018|2019|2020,5,1186,7,unknown,7,0,0,2,5,0,0,8.16,
CTLT,2016|2017|2018|2019|2020|2021|2022|2024,8,2005,13,sp500_pit,6,7,0,7,2,4,0,310.39,
CTRA,2018|2019|2020|2021|2022|2024|2025|2026,8,1463,14,sp500_pit,6,8,0,9,2,3,0,626.68,
CTSH,2016|2017|2018|2019|2020|2021|2022|2024|2025|2026,10,2443,9,sp500_pit,4,5,0,4,3,2,0,50.39,
CTVA,2019|2020|2021|2022|2024|2025|2026,7,1585,13,sp500_pit,5,8,0,7,2,4,0,232.26,
CTXS,2016|2017|2018|2019|2020|2021|2022,7,1698,16,sp500_pit,4,12,0,4,10,2,0,120.4,
CVC,2016,1,117,0,sp500_pit,0,0,0,0,0,0,0,0.0,
CVNA,2017|2018|2019|2020|2021|2022|2024|2025|2026,9,2111,15,sp500_pit,9,6,0,10,1,4,0,981.63,
CVS,2016|2017|2018|2019|2020|2021|2022|2024|2025|2026,10,2442,19,sp500_pit,9,11,1,14,2,3,0,469.7,
CVX,2016|2017|2018|2019|2020|2021|2022|2024|2025|2026,10,2443,24,sp500_pit,15,9,0,15,5,4,0,373.54,
CXO,2016|2017|2018|2019|2020|2021,6,1269,3,sp500_pit,1,2,0,3,0,0,0,2.11,
CZR,2016|2017|2018|2019|2020|2021|2022|2024|2025|2026,10,2443,15,sp500_pit,6,9,0,3,10,2,0,178.83,
D,2016|2017|2018|2019|2020|2021|2022|2024|2025|2026,10,2443,24,sp500_pit,13,11,0,18,3,3,0,237.86,
DAL,2016|2017|2018|2019|2020|2021|2022|2024|2025|2026,10,2443,15,sp500_pit,8,7,0,10,1,4,0,131.33,
DASH,2020|2021|2022|2024|2025|2026,6,1200,7,sp500_pit,6,1,0,2,1,4,0,546.99,
DAY,2024|2025|2026,3,503,3,sp500_pit,2,1,0,3,0,0,0,32.16,
DBA,2016|2017|2018|2019|2020|2021|2023|2024|2025|2026,10,2442,51,etf,28,23,0,47,4,0,0,53.83,
DBC,2016|2017|2018|2019|2020|2021|2023|2024|2025|2026,10,2442,25,etf,19,6,0,21,4,0,0,10.18,
DD,2016|2017|2018|2019|2020|2021|2022|2024|2025|2026,10,2443,23,sp500_pit,10,13,0,18,1,4,0,140.6,
DDOG,2019|2020|2021|2022|2024|2025|2026,7,1509,8,sp500_pit,3,5,0,2,6,0,0,39.78,
DE,2016|2017|2018|2019|2020|2021|2022|2024|2025|2026,10,2443,25,sp500_pit,7,18,0,16,5,4,0,352.4,
DECK,2016|2017|2018|2019|2020|2021|2022|2024|2025|2026,10,2443,10,sp500_pit,7,3,0,3,3,4,0,401.87,
DELL,2018|2019|2020|2021|2022|2024|2025|2026,8,1691,17,sp500_pit,13,4,0,13,0,4,0,224.92,
DFS,2016|2017|2018|2019|2020|2021|2022|2024|2025,9,2107,18,sp500_pit,10,8,0,13,2,3,0,143.3,
DG,2016|2017|2018|2019|2020|2021|2022|2024|2025|2026,10,2442,25,sp500_pit,10,15,0,14,8,3,0,214.93,
DGX,2016|2017|2018|2019|2020|2021|2022|2024|2025|2026,10,2443,22,sp500_pit,10,12,0,15,3,4,0,108.46,
DHI,2016|2017|2018|2019|2020|2021|2022|2024|2025|2026,10,2443,18,sp500_pit,11,7,0,10,4,4,0,459.98,
DHR,2016|2017|2018|2019|2020|2021|2022|2024|2025|2026,10,2442,31,sp500_pit,12,19,0,19,10,2,0,208.43,
DIA,2016|2017|2018|2019|2020|2021|2023|2024|2025|2026,10,2442,33,etf,21,12,0,33,0,0,0,14.03,
DINO,2016|2017|2018|2019|2020|2021|2022,7,1762,14,sp500_pit,10,4,0,6,5,3,0,1092.56,
DIS,2016|2017|2018|2019|2020|2021|2022|2024|2025|2026,10,2443,26,sp500_pit,11,15,0,16,6,4,0,177.51,
DISCA,2016|2017|2018|2019|2020|2021|2022,7,1579,6,sp500_pit,0,6,0,0,4,2,0,627.85,
DISCK,2016|2017|2018|2019|2020|2021|2022,7,1579,5,sp500_pit,0,5,0,0,3,2,0,277.39,
DISH,2016|2017|2018|2019|2020|2021|2022,7,1762,10,sp500_pit,3,7,0,0,8,2,0,126.57,
DLR,2016|2017|2018|2019|2020|2021|2022|2024|2025|2026,10,2443,22,sp500_pit,11,11,0,12,7,3,0,118.36,
DLTR,2016|2017|2018|2019|2020|2021|2022|2024|2025|2026,10,2443,8,sp500_pit,5,3,0,0,6,2,0,259.38,
DNB,2016|2017|2018|2019|2020|2021|2022|2024|2025,9,1824,18,sp500_pit,13,5,0,11,3,4,0,123.82,
DO,2016|2017|2018|2019|2020|2022|2024,7,1445,10,sp500_pit,4,6,0,8,2,0,0,107.48,
DOC,2016|2017|2018|2019|2020|2021|2022|2024|2025|2026,10,2443,30,sp500_pit,14,16,0,23,4,3,0,148.64,
DOV,2016|2017|2018|2019|2020|2021|2022|2024|2025|2026,10,2443,18,sp500_pit,12,6,0,11,3,4,0,132.42,
DOW,2016|2017|2019|2020|2021|2022|2024|2025|2026,9,2047,17,sp500_pit,11,6,0,11,2,4,0,95.38,
DPZ,2016|2017|2018|2019|2020|2021|2022|2024|2025|2026,10,2443,14,sp500_pit,5,9,0,4,6,4,0,344.34,
DRE,2016|2017|2018|2019|2020|2021|2022,7,1699,16,sp500_pit,8,8,0,12,1,3,0,141.66,
DRI,2016|2017|2018|2019|2020|2021|2022|2024|2025|2026,10,2443,13,sp500_pit,6,7,0,6,3,4,0,400.95,
DTE,2016|2017|2018|2019|2020|2021|2022|2024|2025|2026,10,2443,15,sp500_pit,6,9,0,12,0,3,0,114.13,
DUK,2016|2017|2018|2019|2020|2021|2022|2024|2025|2026,10,2443,22,sp500_pit,8,14,0,16,2,4,0,1016.91,
DVA,2016|2017|2018|2019|2020|2021|2022|2024|2025|2026,10,2443,15,sp500_pit,7,8,0,8,3,4,0,243.73,
DVN,2016|2017|2018|2019|2020|2021|2022|2024|2025|2026,10,2443,11,sp500_pit,5,6,0,4,3,4,0,620.73,
DWDP,2017|2018|2019,3,438,5,sp500_pit,2,3,0,5,0,0,0,7.96,
DXC,2017|2018|2019|2020|2021|2022|2024|2025|2026,9,2129,18,sp500_pit,9,9,0,12,2,4,0,528.19,
DXCM,2016|2017|2018|2019|2020|2021|2022|2024|2025|2026,10,2442,9,sp500_pit,4,5,0,4,3,2,0,692.12,
EA,2016|2017|2018|2019|2020|2021|2022|2024|2025|2026,10,2411,18,sp500_pit,9,9,0,7,9,2,0,165.6,
EBAY,2016|2017|2018|2019|2020|2021|2022|2024|2025|2026,10,2443,13,sp500_pit,6,7,0,6,5,2,0,170.03,
ECHO,2016|2017|2018|2019|2020|2021|2022|2024|2025|2026,10,2443,16,sp500_pit,1,15,0,3,11,2,0,466.02,
ECL,2016|2017|2018|2019|2020|2021|2022|2024|2025|2026,10,2443,23,sp500_pit,14,9,0,19,2,2,0,152.97,
ED,2016|2017|2018|2019|2020|2021|2022|2024|2025|2026,10,2443,23,sp500_pit,10,13,0,19,2,2,0,191.55,
EFX,2016|2017|2018|2019|2020|2021|2022|2024|2025|2026,10,2443,16,sp500_pit,9,7,0,9,5,2,0,43.73,
EG,2016|2017|2018|2019|2020|2021|2022|2024|2025|2026,10,2443,21,sp500_pit,10,11,0,15,2,4,0,105.48,
EIDO,2016|2017|2018|2019|2020|2021|2023|2024|2025|2026,10,2442,56,etf,38,18,0,52,4,0,0,100.08,
EIS,2016|2017|2018|2019|2020|2021|2023|2024|2025|2026,10,2442,110,etf,63,47,0,38,4,68,0,74.21,
EIX,2016|2017|2018|2019|2020|2021|2022|2024|2025|2026,10,2443,28,sp500_pit,14,14,0,24,2,2,0,182.6,
EL,2016|2017|2018|2019|2020|2021|2022|2024|2025|2026,10,2443,13,sp500_pit,4,9,0,9,2,2,0,278.68,
ELV,2016|2017|2018|2019|2020|2021|2022|2024|2025|2026,10,2443,16,sp500_pit,6,10,0,10,2,4,0,110.89,
EMC,2016|2024|2025|2026,4,852,102,sp500_pit,77,25,0,5,14,83,0,119.09,
EME,2016|2017|2018|2019|2020|2021|2022|2024|2025|2026,10,2443,11,sp500_pit,8,3,0,7,2,2,0,42.6,
EMN,2016|2017|2018|2019|2020|2021|2022|2024|2025|2026,10,2443,9,sp500_pit,5,4,0,5,2,2,0,160.27,
EMR,2016|2017|2018|2019|2020|2021|2022|2024|2025|2026,10,2443,20,sp500_pit,15,5,0,15,3,2,0,114.19,
ENDP,2016|2017|2018|2019|2020|2021|2022,7,1674,7,sp500_pit,1,6,0,1,4,2,0,386.74,
ENPH,2016|2017|2018|2019|2020|2021|2022|2024|2025|2026,10,2443,19,sp500_pit,11,8,0,10,7,2,0,712.74,
EOG,2016|2017|2018|2019|2020|2021|2022|2024|2025|2026,10,2442,14,sp500_pit,8,6,0,11,2,1,0,82.76,
EPAM,2016|2017|2018|2019|2020|2021|2022|2024|2025|2026,10,2443,26,sp500_pit,19,7,0,18,5,3,0,612.05,
EPOL,2016|2017|2018|2019|2020|2021|2023|2024|2025|2026,10,2442,55,etf,41,14,0,52,3,0,0,23.68,
EQIX,2016|2017|2018|2019|2020|2021|2022|2024|2025|2026,10,2443,13,sp500_pit,7,6,0,4,7,2,0,473.97,
EQR,2016|2017|2018|2019|2020|2021|2022|2024|2025|2026,10,2420,23,sp500_pit,13,10,0,17,3,3,0,146.38,
EQT,2016|2017|2018|2019|2020|2021|2022|2024|2025|2026,10,2443,13,sp500_pit,7,6,0,6,4,3,0,717.83,
ERIE,2016|2017|2018|2019|2020|2021|2022|2024|2025|2026,10,2442,34,sp500_pit,20,15,1,29,4,1,0,362.83,
ES,2016|2017|2018|2019|2020|2021|2022|2024|2025|2026,10,2443,12,sp500_pit,5,7,0,8,1,3,0,173.93,
ESRX,2016|2017|2018,3,748,14,sp500_pit,5,9,0,4,8,2,0,225.52,
ESS,2016|2017|2018|2019|2020|2021|2022|2024|2025|2026,10,2443,16,sp500_pit,8,8,0,12,1,3,0,180.5,
ESV,2016|2017|2018|2019,4,899,2,sp500_pit,0,2,0,1,1,0,0,106.61,
ETFC,2016|2017|2018|2019|2020,5,1196,4,sp500_pit,2,2,0,1,1,2,0,59.58,
ETN,2016|2017|2018|2019|2020|2021|2022|2024|2025|2026,10,2442,25,sp500_pit,9,17,1,18,5,2,0,44.04,
ETR,2016|2017|2018|2019|2020|2021|2022|2024|2025|2026,10,2443,13,sp500_pit,3,10,0,9,1,3,0,237.66,
ETSY,2016|2017|2018|2019|2020|2021|2022|2024|2025|2026,10,2443,14,sp500_pit,8,6,0,6,6,2,0,197.19,
EVHC,2016|2017|2018,3,699,5,sp500_pit,2,3,0,3,2,0,0,27.38,
EVRG,2018|2019|2020|2021|2022|2024|2025|2026,8,1834,12,sp500_pit,3,9,0,8,1,3,0,122.39,
EW,2016|2017|2018|2019|2020|2021|2022|2024|2025|2026,10,2443,11,sp500_pit,4,7,0,3,5,3,0,549.02,
EWA,2016|2017|2018|2019|2020|2021|2023|2024|2025|2026,10,2442,84,etf,55,29,0,82,2,0,0,843.96,
EWC,2016|2017|2018|2019|2020|2021|2023|2024|2025|2026,10,2442,98,etf,65,33,0,95,3,0,0,202.27,
EWD,2016|2017|2018|2019|2020|2021|2023|2024|2025|2026,10,2442,91,etf,57,34,0,85,5,1,0,56.71,
EWG,2016|2017|2018|2019|2020|2021|2023|2024|2025|2026,10,2442,51,etf,34,17,0,48,3,0,0,12.1,
EWH,2016|2017|2018|2019|2020|2021|2023|2024|2025|2026,10,2442,70,etf,40,30,0,68,2,0,0,837.13,
EWI,2016|2017|2018|2019|2020|2021|2023|2024|2025|2026,10,2442,80,etf,50,30,0,76,4,0,0,157.89,
EWJ,2016|2017|2018|2019|2020|2021|2023|2024|2025|2026,10,2442,44,etf,24,20,0,42,2,0,0,58.6,
EWL,2016|2017|2018|2019|2020|2021|2023|2024|2025|2026,10,2442,99,etf,69,30,0,97,2,0,0,10.63,
EWM,2016|2017|2018|2019|2020|2021|2023|2024|2025|2026,10,2442,103,etf,70,33,0,101,2,0,0,457.43,
EWN,2016|2017|2018|2019|2020|2021|2023|2024|2025|2026,10,2442,90,etf,57,33,0,72,6,12,0,93.17,
EWP,2016|2017|2018|2019|2020|2021|2023|2024|2025|2026,10,2442,61,etf,37,24,0,60,1,0,0,118.92,
EWQ,2016|2017|2018|2019|2020|2021|2023|2024|2025|2026,10,2442,73,etf,50,23,0,71,2,0,0,10.15,
EWS,2016|2017|2018|2019|2020|2021|2023|2024|2025|2026,10,2442,102,etf,73,29,0,100,2,0,0,10.96,
EWT,2016|2017|2018|2019|2020|2021|2023|2024|2025|2026,10,2442,49,etf,37,12,0,48,1,0,0,12.91,
EWU,2016|2017|2018|2019|2020|2021|2023|2024|2025|2026,10,2442,73,etf,54,19,0,68,5,0,0,15.91,
EWW,2016|2017|2018|2019|2020|2021|2023|2024|2025|2026,10,2442,22,etf,9,13,0,20,2,0,0,41.21,
EWY,2016|2017|2018|2019|2020|2021|2023|2024|2025|2026,10,2442,36,etf,22,14,0,32,4,0,0,46.03,
EWZ,2016|2017|2018|2019|2020|2021|2023|2024|2025|2026,10,2442,24,etf,13,11,0,22,2,0,0,101.04,
EXC,2016|2017|2018|2019|2020|2021|2022|2024|2025|2026,10,2443,6,sp500_pit,2,4,0,4,2,0,0,36.09,
EXE,2016|2017|2018|2019|2020|2021|2022|2024|2025|2026,10,2287,33,sp500_pit,13,21,1,29,4,0,0,3523.33,
EXPD,2016|2017|2018|2019|2020|2021|2022|2024|2025|2026,10,2443,16,sp500_pit,6,10,0,6,8,2,0,191.02,
EXPE,2016|2017|2018|2019|2020|2021|2022|2024|2025|2026,10,2443,11,sp500_pit,7,4,0,1,8,2,0,243.53,
EXR,2016|2017|2018|2019|2020|2021|2022|2024|2025|2026,10,2443,18,sp500_pit,12,6,0,12,3,3,0,150.57,
EZA,2016|2017|2018|2019|2020|2021|2023|2024|2025|2026,10,2442,21,etf,14,7,0,21,0,0,0,11.67,
F,2016|2017|2018|2019|2020|2021|2022|2024|2025|2026,10,2443,21,sp500_pit,8,13,0,16,2,3,0,256.25,
FANG,2016|2017|2018|2019|2020|2021|2022|2024|2025|2026,10,2443,17,sp500_pit,9,8,0,4,11,2,0,178.64,
FAST,2016|2017|2018|2019|2020|2021|2022|2024|2025|2026,10,2443,9,sp500_pit,6,3,0,0,7,2,0,97.01,
FB,2016|2017|2018|2019|2020|2025|2026,7,1495,129,unknown,62,67,0,9,3,117,0,1358.78,
FBIN,2016|2017|2018|2019|2020|2021|2022,7,1762,17,sp500_pit,10,7,0,12,2,3,0,111.05,
FCX,2016|2017|2018|2019|2020|2021|2022|2024|2025|2026,10,2443,11,sp500_pit,6,5,0,8,0,3,0,282.16,
FDS,2016|2017|2018|2019|2020|2021|2022|2024|2025|2026,10,2443,24,sp500_pit,11,13,0,18,3,3,0,136.31,
FDX,2016|2017|2018|2019|2020|2021|2022|2024|2025|2026,10,2443,31,sp500_pit,17,14,0,27,1,3,0,99.21,
FDXF,2026,1,77,0,sp500_pit,0,0,0,0,0,0,0,0.0,
FE,2016|2017|2018|2019|2020|2021|2022|2024|2025|2026,10,2443,21,sp500_pit,8,13,0,12,6,3,0,128.45,
FERG,2021|2022|2024|2025|2026,5,1141,23,sp500_pit,14,9,0,16,2,5,0,503.19,
FFIV,2016|2017|2018|2019|2020|2021|2022|2024|2025|2026,10,2443,14,sp500_pit,9,5,0,7,5,2,0,224.57,
FI,2016|2017|2018|2019|2020|2021,6,1448,6,unknown,3,3,0,4,1,1,0,106.17,
FICO,2016|2017|2018|2019|2020|2021|2022|2024|2025|2026,10,2443,30,sp500_pit,13,17,0,23,4,3,0,132.86,
FIS,2016|2017|2018|2019|2020|2021|2022|2024|2025|2026,10,2443,24,sp500_pit,10,14,0,18,3,3,0,267.89,
FISV,2016|2017|2018|2019|2020|2024|2025|2026,8,1940,16,sp500_pit,5,11,0,2,12,2,0,285.38,
FITB,2016|2017|2018|2019|2020|2021|2022|2024|2025|2026,10,2443,13,sp500_pit,5,8,0,5,6,2,0,143.51,
FIX,2016|2017|2018|2019|2020|2021|2022|2024|2025|2026,10,2442,15,sp500_pit,12,3,0,10,3,2,0,145.94,
FL,2016|2017|2018|2019|2020|2021|2022|2024|2025,9,2182,11,sp500_pit,7,4,0,4,5,2,0,168.05,
FLEX,2016|2017|2018|2019|2020|2021|2022|2024|2025|2026,10,2443,18,sp500_pit,9,9,0,2,14,2,0,491.53,
FLIR,2016|2017|2018|2019|2020|2021,6,1350,9,sp500_pit,4,5,0,1,6,2,0,48.27,
FLR,2016|2017|2018|2019|2020|2021|2022|2024|2025|2026,10,2443,18,sp500_pit,10,8,0,9,6,3,0,445.17,
FLS,2016|2017|2018|2019|2020|2021|2022|2024|2025|2026,10,2443,11,sp500_pit,7,4,0,6,2,3,0,554.2,
FLT,2016|2017|2018|2019|2020|2024,6,1316,10,unknown,5,5,0,5,5,0,0,23.35,
FMC,2016|2017|2018|2019|2020|2021|2022|2024|2025|2026,10,2443,14,sp500_pit,6,8,0,7,4,3,0,94.84,
FOSL,2016|2017|2018|2019|2020|2021|2022|2024|2025|2026,10,2443,12,sp500_pit,7,5,0,5,5,2,0,488.77,
FOX,2016|2017|2018|2019|2020|2021|2022|2024|2025|2026,10,2443,10,sp500_pit,6,4,0,5,3,2,0,90.83,
FOXA,2016|2017|2018|2019|2020|2021|2022|2024|2025|2026,10,2443,9,sp500_pit,5,4,0,4,3,2,0,86.77,
FRC,2016|2017|2018|2019|2020|2021|2022,7,1762,19,sp500_pit,8,11,0,14,2,3,0,219.2,
FRT,2016|2017|2018|2019|2020|2021|2022|2024|2025|2026,10,2443,22,sp500_pit,14,8,0,15,4,3,0,197.98,
FSLR,2016|2017|2018|2019|2020|2021|2022|2024|2025|2026,10,2443,17,sp500_pit,9,8,0,10,5,2,0,197.03,
FTI,2016|2017|2018|2019|2020|2021|2022|2024|2025|2026,10,2434,14,sp500_pit,7,7,0,10,1,3,0,129.03,
FTNT,2016|2017|2018|2019|2020|2021|2022|2024|2025|2026,10,2443,11,sp500_pit,5,6,0,3,6,2,0,98.04,
FTR,2016|2017|2018|2019|2020,5,1084,19,sp500_pit,10,9,0,14,3,2,0,2777.78,
FTV,2016|2017|2018|2019|2020|2021|2022|2024|2025|2026,10,2316,22,sp500_pit,9,13,0,17,3,2,0,141.98,
FXI,2016|2017|2018|2019|2020|2021|2023|2024|2025|2026,10,2442,44,etf,21,23,0,40,4,0,0,622.34,
GAP,2016|2017|2018|2019|2020|2021|2022,7,1761,14,sp500_pit,6,8,0,8,4,2,0,186.38,
GAS,2016,1,125,0,sp500_pit,0,0,0,0,0,0,0,0.0,
GD,2016|2017|2018|2019|2020|2021|2022|2024|2025|2026,10,2442,32,sp500_pit,16,16,0,20,10,2,0,55.31,
GDDY,2016|2017|2018|2019|2020|2021|2022|2024|2025|2026,10,2443,13,sp500_pit,8,5,0,8,2,3,0,131.02,
GDX,2016|2017|2018|2019|2020|2021|2023|2024|2025|2026,10,2442,32,etf,19,13,0,29,3,0,0,403.37,
GE,2016|2017|2018|2019|2020|2021|2022|2024|2025|2026,10,2443,27,sp500_pit,14,13,0,18,6,3,0,1114.9,
GEHC,2022|2024|2025|2026,4,692,0,sp500_pit,0,0,0,0,0,0,0,0.0,
GEN,2016|2017|2018|2019|2020|2021|2022|2024|2025|2026,10,2443,11,sp500_pit,6,5,0,2,7,2,0,114.61,
GEV,2024|2025|2026,3,619,4,sp500_pit,2,2,0,4,0,0,0,20.1,
GGP,2016|2017|2018,3,668,2,sp500_pit,1,1,0,2,0,0,0,75.97,
GILD,2016|2017|2018|2019|2020|2021|2022|2024|2025|2026,10,2443,12,sp500_pit,4,8,0,5,5,2,0,741.49,
GIS,2016|2017|2018|2019|2020|2021|2022|2024|2025|2026,10,2442,18,sp500_pit,8,10,0,13,3,2,0,106.64,
GL,2016|2017|2018|2019|2020|2021|2022|2024|2025|2026,10,2442,18,sp500_pit,9,9,0,14,2,2,0,45.28,
GLD,2016|2017|2018|2019|2020|2021|2023|2024|2025|2026,10,2442,22,etf,9,13,0,15,7,0,0,611.33,
GLW,2016|2017|2018|2019|2020|2021|2022|2024|2025|2026,10,2443,25,sp500_pit,10,15,0,18,4,3,0,86.56,
GM,2016|2017|2018|2019|2020|2021|2022|2024|2025|2026,10,2443,24,sp500_pit,12,12,0,15,6,3,0,480.57,
GMCR,2016,1,41,0,sp500_pit,0,0,0,0,0,0,0,0.0,
GME,2016|2017|2018|2019|2020|2021|2022|2024|2025|2026,10,2443,27,sp500_pit,14,13,0,20,4,3,0,452.66,
GNRC,2016|2017|2018|2019|2020|2021|2022|2024|2025|2026,10,2443,9,sp500_pit,1,8,0,3,3,3,0,323.84,
GOOG,2016|2017|2018|2019|2020|2021|2022|2024|2025|2026,10,2443,13,sp500_pit,8,5,0,5,6,2,0,206.47,
GOOGL,2016|2017|2018|2019|2020|2021|2022|2024|2025|2026,10,2443,6,sp500_pit,3,3,0,4,0,2,0,107.21,
GPC,2016|2017|2018|2019|2020|2021|2022|2024|2025|2026,10,2443,25,sp500_pit,18,7,0,18,4,3,0,310.35,
GPN,2016|2017|2018|2019|2020|2021|2022|2024|2025|2026,10,2442,20,sp500_pit,9,11,0,14,4,2,0,72.26,
GPS,2016|2017|2018|2019|2020|2024,6,1420,5,unknown,1,4,0,1,4,0,0,186.38,
GREK,2016|2017|2018|2019|2020|2021|2023|2024|2025|2026,10,2442,58,etf,29,30,1,45,6,7,0,48.45,
GRMN,2016|2017|2018|2019|2020|2021|2022|2024|2025|2026,10,2443,33,sp500_pit,21,12,0,23,7,3,0,273.41,
GS,2016|2017|2018|2019|2020|2021|2022|2024|2025|2026,10,2443,27,sp500_pit,14,13,0,18,6,3,0,90.06,
GSG,2016|2017|2018|2019|2020|2021|2023|2024|2025|2026,10,2442,50,etf,37,13,0,48,2,0,0,99.77,
GT,2016|2017|2018|2019|2020|2021|2022|2024|2025|2026,10,2443,9,sp500_pit,2,7,0,3,4,2,0,70.29,
GWW,2016|2017|2018|2019|2020|2021|2022|2024|2025|2026,10,2443,22,sp500_pit,12,10,0,16,3,3,0,110.01,
HACK,2016|2017|2018|2019|2020|2021|2023|2024|2025|2026,10,2321,68,etf,44,24,0,65,3,0,0,13.67,
HAL,2016|2017|2018|2019|2020|2021|2022|2024|2025|2026,10,2443,19,sp500_pit,11,8,0,11,5,3,0,159.51,
HAR,2016|2017,2,299,4,sp500_pit,3,1,0,4,0,0,0,9.87,
HAS,2016|2017|2018|2019|2020|2021|2022|2024|2025|2026,10,2443,9,sp500_pit,4,5,0,4,3,2,0,39.56,
HBAN,2016|2017|2018|2019|2020|2021|2022|2024|2025|2026,10,2443,5,sp500_pit,3,2,0,3,0,2,0,89.9,
HBI,2016|2017|2018|2019|2020|2021|2022|2024|2025,9,2242,12,sp500_pit,6,6,0,9,0,3,0,217.53,
HCA,2016|2017|2018|2019|2020|2021|2022|2024|2025|2026,10,2443,15,sp500_pit,7,8,0,10,2,3,0,513.21,
HCP,2016|2017|2018|2019|2024|2025,6,1256,13,unknown,6,7,0,10,3,0,0,148.64,
HD,2016|2017|2018|2019|2020|2021|2022|2024|2025|2026,10,2443,33,sp500_pit,19,14,0,25,5,3,0,109.36,
HES,2016|2017|2018|2019|2020|2021|2022|2024|2025,9,2148,11,sp500_pit,4,7,0,6,2,3,0,349.82,
HFC,2016|2017|2018|2019|2020,5,1259,7,unknown,5,2,0,3,4,0,0,255.15,
HIG,2016|2017|2018|2019|2020|2021|2022|2024|2025|2026,10,2443,18,sp500_pit,9,9,0,13,2,3,0,94.85,
HII,2016|2017|2018|2019|2020|2021|2022|2024|2025|2026,10,2443,19,sp500_pit,9,10,0,12,4,3,0,461.71,
HLT,2016|2017|2018|2019|2020|2021|2022|2024|2025|2026,10,2443,18,sp500_pit,10,8,0,11,4,3,0,220.28,
HOG,2016|2017|2018|2019|2020|2021|2022|2024|2025|2026,10,2443,9,sp500_pit,4,5,0,6,0,3,0,177.23,
HOLX,2016|2017|2018|2019|2020|2021|2022|2024|2025|2026,10,2328,16,sp500_pit,6,10,0,6,9,1,0,219.45,
HON,2016|2017|2018|2019|2020|2021|2022|2024|2025|2026,10,2443,19,sp500_pit,10,9,0,15,3,1,0,32.04,
HONA,2026,1,67,2,sp500_pit,0,2,0,2,0,0,0,23.08,
HOOD,2021|2022|2024|2025|2026,5,1041,3,sp500_pit,0,3,0,2,1,0,0,57.47,
HOT,2016,1,183,1,sp500_pit,1,0,0,1,0,0,0,28.48,
HP,2016|2017|2018|2019|2020|2021|2022|2024|2025|2026,10,2443,5,sp500_pit,0,5,0,1,1,3,0,236.06,
HPE,2016|2017|2018|2019|2020|2021|2022|2024|2025|2026,10,2443,20,sp500_pit,11,10,1,15,2,3,0,367.73,
HPQ,2016|2017|2018|2019|2020|2021|2022|2024|2025|2026,10,2443,14,sp500_pit,7,7,0,10,1,3,0,58.77,
HRB,2016|2017|2018|2019|2020|2021|2022|2024|2025|2026,10,2443,11,sp500_pit,4,7,0,6,2,3,0,141.96,
HRL,2016|2017|2018|2019|2020|2021|2022|2024|2025|2026,10,2442,19,sp500_pit,9,11,1,13,4,2,0,38.69,
HRS,2016|2017|2018|2019,4,878,7,sp500_pit,4,3,0,5,2,0,0,33.36,
HSIC,2016|2017|2018|2019|2020|2021|2022|2024|2025|2026,10,2443,10,sp500_pit,4,6,0,1,7,2,0,301.46,
HST,2016|2017|2018|2019|2020|2021|2022|2024|2025|2026,10,2443,8,sp500_pit,6,2,0,6,2,0,0,200.71,
HSY,2016|2017|2018|2019|2020|2021|2022|2024|2025|2026,10,2443,17,sp500_pit,6,12,1,11,3,3,0,421.55,
HUBB,2016|2017|2018|2019|2020|2021|2022|2024|2025|2026,10,2443,19,sp500_pit,11,8,0,14,2,3,0,90.41,
HUM,2016|2017|2018|2019|2020|2021|2022|2024|2025|2026,10,2443,21,sp500_pit,12,9,0,14,4,3,0,93.88,
HWM,2020|2021|2022|2024|2025|2026,6,1375,12,sp500_pit,7,5,0,9,0,3,0,32.93,
IAU,2016|2017|2018|2019|2020|2021|2023|2024|2025|2026,10,2442,19,etf,12,7,0,17,2,0,0,46.48,
IBB,2016|2017|2018|2019|2020|2021|2023|2024|2025|2026,10,2442,158,etf,107,51,0,152,4,2,0,103.67,
IBKR,2016|2017|2018|2019|2020|2021|2022|2024|2025|2026,10,2443,22,sp500_pit,9,13,0,13,7,2,0,73.45,
IBM,2016|2017|2018|2019|2020|2021|2022|2024|2025|2026,10,2443,39,sp500_pit,18,21,0,31,5,3,0,757.33,
ICE,2016|2017|2018|2019|2020|2021|2022|2024|2025|2026,10,2443,16,sp500_pit,8,8,0,11,2,3,0,507.74,
ICLN,2016|2017|2018|2019|2020|2021|2023|2024|2025|2026,10,2442,93,etf,58,35,0,88,2,3,0,476.19,
IDXX,2016|2017|2018|2019|2020|2021|2022|2024|2025|2026,10,2443,9,sp500_pit,4,5,0,3,4,2,0,194.61,
IEX,2016|2017|2018|2019|2020|2021|2022|2024|2025|2026,10,2443,20,sp500_pit,9,11,0,16,1,3,0,314.26,
IFF,2016|2017|2018|2019|2020|2021|2022|2024|2025|2026,10,2443,16,sp500_pit,12,4,0,13,0,3,0,267.31,
ILMN,2016|2017|2018|2019|2020|2021|2022|2024|2025|2026,10,2443,13,sp500_pit,5,8,0,3,8,2,0,101.89,
INCY,2016|2017|2018|2019|2020|2021|2022|2024|2025|2026,10,2443,11,sp500_pit,7,4,0,2,7,2,0,240.42,
INDA,2016|2017|2018|2019|2020|2021|2023|2024|2025|2026,10,2442,172,etf,109,63,0,166,6,0,0,132.55,
INFO,2016|2017|2018|2019|2020|2021|2022|2024|2025|2026,10,1872,174,sp500_pit,93,81,0,14,6,154,0,282.02,
INTC,2016|2017|2018|2019|2020|2021|2022|2024|2025|2026,10,2443,15,sp500_pit,9,6,0,10,3,2,0,359.77,
INTU,2016|2017|2018|2019|2020|2021|2022|2024|2025|2026,10,2443,17,sp500_pit,7,10,0,7,8,2,0,110.37,
INVH,2017|2018|2019|2020|2021|2022|2024|2025|2026,9,2171,22,sp500_pit,14,9,1,13,6,3,0,328.26,
IP,2016|2017|2018|2019|2020|2021|2022|2024|2025|2026,10,2442,11,sp500_pit,2,9,0,5,4,2,0,122.47,
IPG,2016|2017|2018|2019|2020|2021|2022|2024|2025,9,2241,11,sp500_pit,6,5,0,7,1,3,0,235.13,
IPGP,2016|2017|2018|2019|2020|2021|2022|2024|2025|2026,10,2443,9,sp500_pit,6,3,0,3,4,2,0,295.9,
IQV,2016|2017|2018|2019|2020|2021|2022|2024|2025|2026,10,2442,16,sp500_pit,11,5,0,12,2,2,0,32.89,
IR,2016|2017|2018|2019|2020|2021|2022|2024|2025|2026,10,2353,14,sp500_pit,8,6,0,8,3,3,0,163.03,
IRM,2016|2017|2018|2019|2020|2021|2022|2024|2025|2026,10,2442,13,sp500_pit,6,7,0,7,4,2,0,77.96,
ISRG,2016|2017|2018|2019|2020|2021|2022|2024|2025|2026,10,2443,7,sp500_pit,4,3,0,3,2,2,0,72.08,
IT,2016|2017|2018|2019|2020|2021|2022|2024|2025|2026,10,2443,20,sp500_pit,11,9,0,13,4,3,0,309.5,
ITB,2016|2017|2018|2019|2020|2021|2023|2024|2025|2026,10,2442,48,etf,18,30,0,43,5,0,0,43.01,
ITW,2016|2017|2018|2019|2020|2021|2022|2024|2025|2026,10,2442,26,sp500_pit,20,6,0,19,5,2,0,63.41,
IVZ,2016|2017|2018|2019|2020|2021|2022|2024|2025|2026,10,2443,10,sp500_pit,6,4,0,3,4,3,0,457.18,
IWM,2016|2017|2018|2019|2020|2021|2023|2024|2025|2026,10,2442,95,etf,54,42,1,66,29,0,0,372.99,
J,2016|2017|2018|2019|2020|2021|2022|2024|2025|2026,10,2442,17,sp500_pit,9,8,0,12,3,2,0,143.74,
JBHT,2016|2017|2018|2019|2020|2021|2022|2024|2025|2026,10,2443,6,sp500_pit,2,4,0,2,2,2,0,65.19,
JBL,2016|2017|2018|2019|2020|2021|2022|2024|2025|2026,10,2442,12,sp500_pit,9,3,0,8,2,2,0,65.59,
JCI,2016|2017|2018|2019|2020|2021|2022|2024|2025|2026,10,2442,21,sp500_pit,8,13,0,16,3,2,0,21.64,
JEF,2016|2017|2018|2019|2020|2021|2022|2024|2025|2026,10,2442,11,sp500_pit,8,3,0,4,5,2,0,85.41,
JETS,2016|2017|2018|2019|2020|2021|2023|2024|2025|2026,10,2442,30,etf,12,18,0,25,2,3,0,27.6,
JKHY,2016|2017|2018|2019|2020|2021|2022|2024|2025|2026,10,2443,15,sp500_pit,7,8,0,7,6,2,0,322.23,
JNJ,2016|2017|2018|2019|2020|2021|2022|2024|2025|2026,10,2442,36,sp500_pit,19,17,0,28,6,2,0,85.79,
JNPR,2016|2017|2018|2019|2020|2021|2022|2024|2025,9,2137,22,sp500_pit,7,15,0,14,5,3,0,539.63,
JPM,2016|2017|2018|2019|2020|2021|2022|2024|2025|2026,10,2443,30,sp500_pit,16,14,0,23,4,3,0,104.44,
JWN,2016|2017|2018|2019|2020|2021|2022|2024|2025,9,2109,13,sp500_pit,3,10,0,7,3,3,0,287.36,
K,2016|2017|2018|2019|2020|2021|2022|2024|2025,9,2249,23,sp500_pit,10,13,0,18,2,3,0,114.18,
KDP,2016|2017|2018|2019|2020|2021|2022|2024|2025|2026,10,2443,7,sp500_pit,2,5,0,5,2,0,0,6.93,
KEY,2016|2017|2018|2019|2020|2021|2022|2024|2025|2026,10,2443,16,sp500_pit,10,6,0,10,4,2,0,196.08,
KEYS,2016|2017|2018|2019|2020|2021|2022|2024|2025|2026,10,2443,22,sp500_pit,10,12,0,14,5,3,0,126.03,
KHC,2016|2017|2018|2019|2020|2021|2022|2024|2025|2026,10,2443,10,sp500_pit,5,5,0,4,4,2,0,1005.25,
KIM,2016|2017|2018|2019|2020|2021|2022|2024|2025|2026,10,2443,14,sp500_pit,12,2,0,10,1,3,0,177.36,
KKR,2016|2017|2018|2019|2020|2021|2022|2024|2025|2026,10,2443,18,sp500_pit,8,10,0,13,2,3,0,207.92,
KLAC,2016|2017|2018|2019|2020|2021|2022|2024|2025|2026,10,2443,12,sp500_pit,7,5,0,3,7,2,0,145.63,
KMB,2016|2017|2018|2019|2020|2021|2022|2024|2025|2026,10,2443,22,sp500_pit,10,12,0,13,6,3,0,310.09,
KMI,2016|2017|2018|2019|2020|2021|2022|2024|2025|2026,10,2442,11,sp500_pit,8,3,0,7,2,2,0,199.52,
KMX,2016|2017|2018|2019|2020|2021|2022|2024|2025|2026,10,2443,8,sp500_pit,5,3,0,3,2,3,0,448.53,
KO,2016|2017|2018|2019|2020|2021|2022|2024|2025|2026,10,2442,23,sp500_pit,10,13,0,20,3,0,0,14.26,
KORS,2016|2017|2018,3,754,2,sp500_pit,1,1,0,2,0,0,0,4.04,
KR,2016|2017|2018|2019|2020|2021|2022|2024|2025|2026,10,2443,20,sp500_pit,8,12,0,14,4,2,0,373.36,
KRE,2016|2017|2018|2019|2020|2021|2023|2024|2025|2026,10,2442,37,etf,19,18,0,35,2,0,0,14.92,
KSA,2016|2017|2018|2019|2020|2021|2023|2024|2025|2026,10,2381,36,etf,21,15,0,34,2,0,0,15.8,
KSS,2016|2017|2018|2019|2020|2021|2022|2024|2025|2026,10,2442,19,sp500_pit,8,11,0,11,6,2,0,260.03,
KSU,2016|2017|2018|2019|2020|2021,6,1498,9,sp500_pit,1,8,0,7,0,2,0,93.59,
KVUE,2024|2025|2026,3,681,5,sp500_pit,5,0,0,5,0,0,0,23.5,
L,2016|2017|2018|2019|2020|2021|2022|2024|2025|2026,10,2443,25,sp500_pit,15,10,0,19,2,4,0,167.91,
LB,2016|2017|2018|2019|2020|2021|2024|2025|2026,9,1963,11,sp500_pit,4,7,0,8,2,1,0,77.39,
LDOS,2016|2017|2018|2019|2020|2021|2022|2024|2025|2026,10,2443,24,sp500_pit,12,12,0,15,5,4,0,372.8,
LEG,2016|2017|2018|2019|2020|2021|2022|2024|2025|2026,10,2426,22,sp500_pit,15,7,0,16,3,3,0,303.94,
LEN,2016|2017|2018|2019|2020|2021|2022|2024|2025|2026,10,2442,14,sp500_pit,5,9,0,6,5,3,0,486.95,
LH,2016|2017|2018|2019|2020|2021|2022|2024|2025|2026,10,2443,20,sp500_pit,5,15,0,13,4,3,0,207.07,
LHX,2016|2017|2018|2019|2020|2021|2022|2024|2025|2026,10,2443,19,sp500_pit,7,12,0,13,2,4,0,277.94,
LII,2016|2017|2018|2019|2020|2021|2022|2024|2025|2026,10,2443,16,sp500_pit,8,8,0,10,2,4,0,322.45,
LIN,2018|2019|2020|2021|2022|2024|2025|2026,8,1730,19,sp500_pit,12,7,0,14,1,4,0,70.0,
LIT,2016|2017|2018|2019|2020|2021|2023|2024|2025|2026,10,2442,24,etf,16,8,0,18,5,1,0,67.19,
LITE,2016|2017|2018|2019|2020|2021|2022|2024|2025|2026,10,2443,17,sp500_pit,9,8,0,9,6,2,0,145.05,
LKQ,2016|2017|2018|2019|2020|2021|2022|2024|2025|2026,10,2443,12,sp500_pit,4,8,0,2,8,2,0,176.52,
LLL,2016|2017|2018|2019|2021|2022,6,1127,12,sp500_pit,10,3,1,7,5,0,0,68.97,
LLTC,2016|2017,2,299,1,sp500_pit,0,1,0,1,0,0,0,1.7,
LLY,2016|2017|2018|2019|2020|2021|2022|2024|2025|2026,10,2443,17,sp500_pit,12,5,0,14,0,3,0,76.31,
LM,2016|2017|2018|2019|2020,5,1153,9,sp500_pit,5,4,0,9,0,0,0,18.09,
LMT,2016|2017|2018|2019|2020|2021|2022|2024|2025|2026,10,2443,35,sp500_pit,17,18,0,29,3,3,0,329.41,
LNC,2016|2017|2018|2019|2020|2021|2022|2024|2025|2026,10,2443,14,sp500_pit,5,9,0,6,4,4,0,63.29,
LNT,2016|2017|2018|2019|2020|2021|2022|2024|2025|2026,10,2443,7,sp500_pit,6,1,0,5,2,0,0,1287.66,
LOW,2016|2017|2018|2019|2020|2021|2022|2024|2025|2026,10,2443,19,sp500_pit,14,5,0,13,2,4,0,295.27,
LRCX,2016|2017|2018|2019|2020|2021|2022|2024|2025|2026,10,2443,14,sp500_pit,8,6,0,8,4,2,0,92.24,
LULU,2016|2017|2018|2019|2020|2021|2022|2024|2025|2026,10,2443,18,sp500_pit,7,11,0,4,12,2,0,79.11,
LUMN,2016|2017|2018|2019|2020|2021|2022|2024|2025|2026,10,2443,18,sp500_pit,11,7,0,9,5,4,0,264.84,
LUV,2016|2017|2018|2019|2020|2021|2022|2024|2025|2026,10,2443,14,sp500_pit,7,8,1,6,4,4,0,339.63,
LVLT,2016|2017,2,462,4,sp500_pit,3,1,0,2,2,0,0,46.37,
LVS,2016|2017|2018|2019|2020|2021|2022|2024|2025|2026,10,2442,26,sp500_pit,15,11,0,17,6,3,0,314.1,
LW,2016|2017|2018|2019|2020|2021|2022|2024|2025|2026,10,2226,13,sp500_pit,6,7,0,5,4,4,0,173.88,
LYB,2016|2017|2018|2019|2020|2021|2022|2024|2025|2026,10,2443,12,sp500_pit,7,5,0,4,4,4,0,88.11,
LYV,2016|2017|2018|2019|2020|2021|2022|2024|2025|2026,10,2443,16,sp500_pit,13,3,0,10,2,4,0,472.6,
M,2016|2017|2018|2019|2020|2021|2022|2024|2025|2026,10,2443,18,sp500_pit,10,8,0,10,4,4,0,727.74,
MA,2016|2017|2018|2019|2020|2021|2022|2024|2025|2026,10,2443,46,sp500_pit,27,19,0,37,5,4,0,137.75,
MAA,2016|2017|2018|2019|2020|2021|2022|2024|2025|2026,10,2443,27,sp500_pit,13,14,0,19,4,4,0,192.62,
MAC,2016|2017|2018|2019|2020|2021|2022|2024|2025|2026,10,2442,13,sp500_pit,8,5,0,9,1,3,0,220.32,
MAR,2016|2017|2018|2019|2020|2021|2022|2024|2025|2026,10,2443,15,sp500_pit,6,9,0,6,7,2,0,220.63,
MAS,2016|2017|2018|2019|2020|2021|2022|2024|2025|2026,10,2443,12,sp500_pit,7,5,0,8,0,4,0,216.92,
MAT,2016|2017|2018|2019|2020|2021|2022|2024|2025|2026,10,2443,12,sp500_pit,9,3,0,4,6,2,0,215.05,
MCD,2016|2017|2018|2019|2020|2021|2022|2024|2025|2026,10,2443,31,sp500_pit,14,17,0,26,1,4,0,131.73,
MCHI,2016|2017|2018|2019|2020|2021|2023|2024|2025|2026,10,2442,38,etf,24,14,0,32,4,2,0,80.81,
MCHP,2016|2017|2018|2019|2020|2021|2022|2024|2025|2026,10,2443,19,sp500_pit,7,12,0,9,8,2,0,248.49,
MCK,2016|2017|2018|2019|2020|2021|2022|2024|2025|2026,10,2443,20,sp500_pit,11,9,0,13,3,4,0,165.35,
MCO,2016|2017|2018|2019|2020|2021|2022|2024|2025|2026,10,2442,20,sp500_pit,11,9,0,14,3,3,0,176.43,
MDLZ,2016|2017|2018|2019|2020|2021|2022|2024|2025|2026,10,2443,16,sp500_pit,7,9,0,4,10,2,0,316.71,
MDT,2016|2017|2018|2019|2020|2021|2022|2024|2025|2026,10,2442,21,sp500_pit,7,14,0,14,5,2,0,61.05,
MDY,2016|2017|2018|2019|2020|2021|2023|2024|2025|2026,10,2442,69,etf,48,21,0,66,3,0,0,667.12,
MET,2016|2017|2018|2019|2020|2021|2022|2024|2025|2026,10,2442,13,sp500_pit,6,7,0,7,3,3,0,84.09,
META,2016|2017|2018|2019|2020|2021|2022|2024|2025|2026,10,2443,20,sp500_pit,13,7,0,12,6,2,0,1358.78,
MGM,2016|2017|2018|2019|2020|2021|2022|2024|2025|2026,10,2443,23,sp500_pit,13,10,0,15,4,4,0,343.76,
MHK,2016|2017|2018|2019|2020|2021|2022|2024|2025|2026,10,2443,20,sp500_pit,14,6,0,9,7,4,0,357.3,
MJN,2016|2017,2,365,5,sp500_pit,2,3,0,3,2,0,0,35.34,
MKC,2016|2017|2018|2019|2020|2021|2022|2024|2025|2026,10,2442,25,sp500_pit,16,9,0,15,7,3,0,121.06,
MKTX,2016|2017|2018|2019|2020|2021|2022|2024|2025|2026,10,2443,12,sp500_pit,4,8,0,5,5,2,0,129.65,
MLM,2016|2017|2018|2019|2020|2021|2022|2024|2025|2026,10,2442,12,sp500_pit,8,4,0,3,6,3,0,265.12,
MMC,2016|2017|2018|2019|2020|2024|2025|2026,8,1769,17,unknown,10,7,0,15,2,0,0,15.01,
MMM,2016|2017|2018|2019|2020|2021|2022|2024|2025|2026,10,2443,33,sp500_pit,23,10,0,25,4,4,0,104.17,
MNK,2016|2017|2018|2019|2020|2022,6,1247,8,sp500_pit,4,4,0,6,1,1,0,105.37,
MNST,2016|2017|2018|2019|2020|2021|2022|2024|2025|2026,10,2443,7,sp500_pit,2,5,0,3,2,2,0,432.47,
MO,2016|2017|2018|2019|2020|2021|2022|2024|2025|2026,10,2443,23,sp500_pit,10,13,0,16,4,3,0,658.11,
MOH,2016|2017|2018|2019|2020|2021|2022|2024|2025|2026,10,2443,15,sp500_pit,11,4,0,7,4,4,0,216.75,
MON,2016|2017|2018|2021|2022,5,966,27,sp500_pit,21,6,0,17,2,8,0,241.66,
MOS,2016|2017|2018|2019|2020|2021|2022|2024|2025|2026,10,2443,21,sp500_pit,6,15,0,12,5,4,0,254.34,
MPC,2016|2017|2018|2019|2020|2021|2022|2024|2025|2026,10,2443,22,sp500_pit,15,7,0,13,6,3,0,720.95,
MPWR,2016|2017|2018|2019|2020|2021|2022|2024|2025|2026,10,2443,16,sp500_pit,5,11,0,3,11,2,0,449.48,
MRK,2016|2017|2018|2019|2020|2021|2022|2024|2025|2026,10,2443,24,sp500_pit,10,14,0,17,4,3,0,7903.5,
MRNA,2018|2019|2020|2021|2022|2024|2025|2026,8,1705,4,sp500_pit,4,0,0,3,1,0,0,67.38,
MRO,2016|2017|2018|2019|2020|2021|2022|2024,8,1988,17,sp500_pit,9,8,0,7,6,4,0,315.48,
MRSH,2016|2017|2018|2019|2020|2021|2022|2024|2025|2026,10,2442,21,sp500_pit,12,9,0,16,2,3,0,81.35,
MRVL,2016|2017|2018|2019|2020|2021|2022|2024|2025|2026,10,2443,11,sp500_pit,7,4,0,4,5,2,0,288.46,
MS,2016|2017|2018|2019|2020|2021|2022|2024|2025|2026,10,2443,16,sp500_pit,8,8,0,11,3,2,0,216.17,
MSCI,2016|2017|2018|2019|2020|2021|2022|2024|2025|2026,10,2443,24,sp500_pit,10,14,0,17,3,4,0,280.53,
MSFT,2016|2017|2018|2019|2020|2021|2022|2024|2025|2026,10,2443,24,sp500_pit,12,12,0,16,6,2,0,159.34,
MSI,2016|2017|2018|2019|2020|2021|2022|2024|2025|2026,10,2443,21,sp500_pit,9,12,0,15,2,4,0,318.97,
MTB,2016|2017|2018|2019|2020|2021|2022|2024|2025|2026,10,2442,21,sp500_pit,17,4,0,14,4,3,0,338.47,
MTCH,2016|2017|2018|2019|2020|2021|2022|2024|2025|2026,10,2443,15,sp500_pit,8,7,0,7,6,2,0,584.15,
MTD,2016|2017|2018|2019|2020|2021|2022|2024|2025|2026,10,2443,24,sp500_pit,15,9,0,18,2,4,0,405.32,
MU,2016|2017|2018|2019|2020|2021|2022|2024|2025|2026,10,2443,19,sp500_pit,15,5,1,12,5,2,0,464.07,
MUR,2016|2017|2018|2019|2020|2021|2022|2024|2025|2026,10,2443,16,sp500_pit,8,8,0,10,2,4,0,517.71,
MXIM,2016|2017|2018|2019|2020|2021,6,1422,13,sp500_pit,5,8,0,3,8,2,0,242.46,
MYL,2016|2017|2018|2019|2020,5,1228,5,sp500_pit,0,5,0,2,1,2,0,505.85,
NAVI,2016|2017|2018|2019|2020|2021|2022|2024|2025|2026,10,2443,11,sp500_pit,7,4,0,3,6,2,0,212.82,
NBL,2016|2017|2018|2019|2020,5,1197,1,sp500_pit,1,0,0,1,0,0,0,69.52,
NCLH,2016|2017|2018|2019|2020|2021|2022|2024|2025|2026,10,2442,46,sp500_pit,29,17,0,39,4,3,0,158.18,
NDAQ,2016|2017|2018|2019|2020|2021|2022|2024|2025|2026,10,2443,8,sp500_pit,2,6,0,1,5,2,0,191.84,
NDSN,2016|2017|2018|2019|2020|2021|2022|2024|2025|2026,10,2443,14,sp500_pit,6,8,0,5,7,2,0,286.47,
NEE,2016|2017|2018|2019|2020|2021|2022|2024|2025|2026,10,2443,16,sp500_pit,7,9,0,11,2,3,0,240.39,
NEM,2016|2017|2018|2019|2020|2021|2022|2024|2025|2026,10,2442,9,sp500_pit,3,6,0,4,2,3,0,93.53,
NFLX,2016|2017|2018|2019|2020|2021|2022|2024|2025|2026,10,2443,14,sp500_pit,9,5,0,9,3,2,0,493.27,
NFX,2016|2017|2018|2019|2026,5,813,28,sp500_pit,17,11,0,3,2,23,0,345.66,
NI,2016|2017|2018|2019|2020|2021|2022|2024|2025|2026,10,2443,20,sp500_pit,9,11,0,16,1,3,0,135.09,
NKE,2016|2017|2018|2019|2020|2021|2022|2024|2025|2026,10,2443,22,sp500_pit,8,14,0,17,1,4,0,332.48,
NKTR,2016|2017|2018|2019|2020|2021|2022|2024|2025|2026,10,2443,16,sp500_pit,8,8,0,10,4,2,0,267.07,
NLOK,2019|2020,2,292,1,unknown,1,0,0,1,0,0,0,16.82,
NLSN,2016|2017|2018|2019|2020|2021|2022,7,1706,14,sp500_pit,9,5,0,10,0,4,0,271.99,
NOC,2016|2017|2018|2019|2020|2021|2022|2024|2025|2026,10,2443,19,sp500_pit,10,9,0,12,4,3,0,599.94,
NOV,2016|2017|2018|2019|2020|2021|2022|2024|2025|2026,10,2443,16,sp500_pit,9,7,0,10,2,4,0,293.32,
NOW,2016|2017|2018|2019|2020|2021|2022|2024|2025|2026,10,2443,22,sp500_pit,4,18,0,9,9,4,0,339.45,
NRG,2016|2017|2018|2019|2020|2021|2022|2024|2025|2026,10,2442,13,sp500_pit,4,9,0,9,1,3,0,148.17,
NSC,2016|2017|2018|2019|2020|2021|2022|2024|2025|2026,10,2443,20,sp500_pit,10,10,0,10,6,4,0,517.18,
NTAP,2016|2017|2018|2019|2020|2021|2022|2024|2025|2026,10,2443,10,sp500_pit,6,4,0,3,5,2,0,106.82,
NTRS,2016|2017|2018|2019|2020|2021|2022|2024|2025|2026,10,2443,10,sp500_pit,6,4,0,3,5,2,0,81.29,
NUE,2016|2017|2018|2019|2020|2021|2022|2024|2025|2026,10,2443,22,sp500_pit,17,6,1,16,2,4,0,534.64,
NVDA,2016|2017|2018|2019|2020|2021|2022|2024|2025|2026,10,2443,15,sp500_pit,11,4,0,8,5,2,0,5981.61,
NVR,2016|2017|2018|2019|2020|2021|2022|2024|2025|2026,10,2443,66,sp500_pit,36,30,0,60,2,4,0,625.68,
NWL,2016|2017|2018|2019|2020|2021|2022|2024|2025|2026,10,2443,6,sp500_pit,2,4,0,3,3,0,0,33.71,
NWS,2016|2017|2018|2019|2020|2021|2022|2024|2025|2026,10,2443,9,sp500_pit,6,3,0,7,0,2,0,189.27,
NWSA,2016|2017|2018|2019|2020|2021|2022|2024|2025|2026,10,2443,7,sp500_pit,5,2,0,1,4,2,0,181.02,
NXPI,2016|2017|2018|2019|2020|2021|2022|2024|2025|2026,10,2443,20,sp500_pit,9,11,0,17,1,2,0,177.57,
O,2016|2017|2018|2019|2020|2021|2022|2024|2025|2026,10,2443,36,sp500_pit,20,16,0,21,11,4,0,288.34,
ODFL,2016|2017|2018|2019|2020|2021|2022|2024|2025|2026,10,2443,13,sp500_pit,7,6,0,4,7,2,0,146.56,
OGN,2021|2022|2024|2025|2026,5,1080,5,sp500_pit,2,3,0,2,1,2,0,455.66,
OI,2016|2017|2018|2019|2020|2021|2022|2024|2025|2026,10,2443,13,sp500_pit,5,8,0,4,5,4,0,250.9,
OKE,2016|2017|2018|2019|2020|2021|2022|2024|2025|2026,10,2442,23,sp500_pit,15,8,0,11,9,3,0,196.15,
OMC,2016|2017|2018|2019|2020|2021|2022|2024|2025|2026,10,2443,16,sp500_pit,6,10,0,12,1,3,0,88.34,
ON,2016|2017|2018|2019|2020|2021|2022|2024|2025|2026,10,2443,13,sp500_pit,10,3,0,7,4,2,0,301.86,
ORCL,2016|2017|2018|2019|2020|2021|2022|2024|2025|2026,10,2443,26,sp500_pit,9,17,0,18,4,4,0,56.19,
ORLY,2016|2017|2018|2019|2020|2021|2022|2024|2025|2026,10,2443,11,sp500_pit,4,7,0,2,7,2,0,84.51,
OTIS,2020|2021|2022|2024|2025|2026,6,1373,11,sp500_pit,7,4,0,5,2,4,0,168.21,
OXY,2016|2017|2018|2019|2020|2021|2022|2024|2025|2026,10,2443,26,sp500_pit,16,10,0,13,9,4,0,441.39,
PALL,2016|2017|2018|2019|2020|2021|2023|2024|2025|2026,10,2442,35,etf,18,17,0,27,3,5,0,32.12,
PANW,2016|2017|2018|2019|2020|2021|2022|2024|2025|2026,10,2443,11,sp500_pit,7,4,0,8,2,1,0,53.96,
PARA,2016|2017|2018|2021|2022|2024|2025|2026,8,1702,45,sp500_pit,25,20,0,20,1,24,0,738.1,
PAYC,2016|2017|2018|2019|2020|2021|2022|2024|2025|2026,10,2443,17,sp500_pit,9,8,0,6,7,4,0,592.85,
PAYX,2016|2017|2018|2019|2020|2021|2022|2024|2025|2026,10,2443,10,sp500_pit,4,7,1,1,7,2,0,209.18,
PBCT,2016|2017|2018|2019|2020|2021|2022,7,1574,10,sp500_pit,6,4,0,1,7,2,0,22.86,
PBI,2016|2017|2018|2019|2020|2021|2022|2024|2025|2026,10,2442,17,sp500_pit,11,6,0,8,6,3,0,334.45,
PCAR,2016|2017|2018|2019|2020|2021|2022|2024|2025|2026,10,2443,19,sp500_pit,9,10,0,3,14,2,0,126.92,
PCG,2016|2017|2018|2019|2020|2021|2022|2024|2025|2026,10,2443,18,sp500_pit,8,11,1,9,6,3,0,348.21,
PCL,2016|2025|2026,3,53,16,sp500_pit,5,11,0,0,0,16,0,80.37,
PCP,2016,1,19,0,sp500_pit,0,0,0,0,0,0,0,0.0,
PDCO,2016|2017|2018|2019|2020|2021|2022|2024|2025,9,2086,16,sp500_pit,5,11,0,5,9,2,0,145.86,
PEAK,2019|2020|2024,3,334,2,unknown,1,1,0,1,1,0,0,17.96,
PEG,2016|2017|2018|2019|2020|2021|2022|2024|2025|2026,10,2443,20,sp500_pit,9,11,0,13,4,3,0,199.46,
PENN,2016|2017|2018|2019|2020|2021|2022|2024|2025|2026,10,2443,4,sp500_pit,4,0,0,0,2,2,0,26.23,
PEP,2016|2017|2018|2019|2020|2021|2022|2024|2025|2026,10,2443,10,sp500_pit,4,6,0,6,2,2,0,198.5,
PFE,2016|2017|2018|2019|2020|2021|2022|2024|2025|2026,10,2442,20,sp500_pit,11,9,0,16,2,2,0,58.14,
PFG,2016|2017|2018|2019|2020|2021|2022|2024|2025|2026,10,2443,9,sp500_pit,3,6,0,2,5,2,0,237.68,
PG,2016|2017|2018|2019|2020|2021|2022|2024|2025|2026,10,2443,27,sp500_pit,13,14,0,16,7,4,0,363.78,
PGR,2016|2017|2018|2019|2020|2021|2022|2024|2025|2026,10,2443,20,sp500_pit,12,8,0,9,8,3,0,257.32,
PH,2016|2017|2018|2019|2020|2021|2022|2024|2025|2026,10,2443,20,sp500_pit,10,10,0,11,5,4,0,269.77,
PHM,2016|2017|2018|2019|2020|2021|2022|2024|2025|2026,10,2443,12,sp500_pit,7,5,0,7,1,4,0,445.93,
PKG,2016|2017|2018|2019|2020|2021|2022|2024|2025|2026,10,2443,13,sp500_pit,4,9,0,7,2,4,0,361.51,
PKI,2016|2017|2018|2019|2020,5,1259,6,unknown,2,4,0,6,0,0,0,21.4,
PLD,2016|2017|2018|2019|2020|2021|2022|2024|2025|2026,10,2443,25,sp500_pit,12,13,0,19,3,3,0,89.8,
PLTR,2020|2021|2022|2024|2025|2026,6,1248,11,sp500_pit,6,5,0,7,1,3,0,545.3,
PM,2016|2017|2018|2019|2020|2021|2022|2024|2025|2026,10,2443,20,sp500_pit,10,10,0,12,4,4,0,191.99,
PNC,2016|2017|2018|2019|2020|2021|2022|2024|2025|2026,10,2442,21,sp500_pit,13,8,0,13,5,3,0,201.85,
PNR,2016|2017|2018|2019|2020|2021|2022|2024|2025|2026,10,2443,19,sp500_pit,11,8,0,13,2,4,0,268.12,
PNW,2016|2017|2018|2019|2020|2021|2022|2024|2025|2026,10,2443,21,sp500_pit,10,11,0,17,1,3,0,248.57,
PODD,2016|2017|2018|2019|2020|2021|2022|2024|2025|2026,10,2443,9,sp500_pit,3,6,0,2,5,2,0,132.13,
POM,2016|2025|2026,3,294,5,sp500_pit,1,4,0,2,1,2,0,698.53,
POOL,2016|2017|2018|2019|2020|2021|2022|2024|2025|2026,10,2443,14,sp500_pit,9,5,0,4,8,2,0,226.82,
PPG,2016|2017|2018|2019|2020|2021|2022|2024|2025|2026,10,2443,19,sp500_pit,14,5,0,14,1,4,0,232.72,
PPL,2016|2017|2018|2019|2020|2021|2022|2024|2025|2026,10,2443,30,sp500_pit,10,20,0,18,9,3,0,135.04,
PPLT,2016|2017|2018|2019|2020|2021|2023|2024|2025|2026,10,2442,41,etf,22,19,0,41,0,0,0,29.85,
PRGO,2016|2017|2018|2019|2020|2021|2022|2024|2025|2026,10,2443,13,sp500_pit,8,5,0,10,1,2,0,126.86,
PRU,2016|2017|2018|2019|2020|2021|2022|2024|2025|2026,10,2443,20,sp500_pit,11,9,0,13,3,4,0,178.73,
PSA,2016|2017|2018|2019|2020|2021|2022|2024|2025|2026,10,2443,20,sp500_pit,9,11,0,13,4,3,0,186.82,
PSKY,2025|2026,2,281,0,sp500_pit,0,0,0,0,0,0,0,0.0,
PSX,2016|2017|2018|2019|2020|2021|2022|2024|2025|2026,10,2443,17,sp500_pit,10,7,0,10,4,3,0,116.76,
PTC,2016|2017|2018|2019|2020|2021|2022|2024|2025|2026,10,2443,14,sp500_pit,7,7,0,4,8,2,0,330.0,
PVH,2016|2017|2018|2019|2020|2021|2022|2024|2025|2026,10,2443,20,sp500_pit,11,9,0,10,6,4,0,232.16,
PWR,2016|2017|2018|2019|2020|2021|2022|2024|2025|2026,10,2443,11,sp500_pit,6,5,0,4,3,4,0,723.27,
PX,2016|2017|2018|2021|2022|2024|2025|2026,8,1542,17,sp500_pit,7,10,0,16,0,1,0,392.0,
PXD,2016|2017|2018|2019|2020|2021|2022|2024,8,1847,16,sp500_pit,8,8,0,6,6,4,0,155.45,
PYPL,2016|2017|2018|2019|2020|2021|2022|2024|2025|2026,10,2443,12,sp500_pit,4,8,0,7,3,2,0,455.88,
Q,2016|2017|2025|2026,4,692,7,sp500_pit,5,2,0,7,0,0,0,18.21,
QCOM,2016|2017|2018|2019|2020|2021|2022|2024|2025|2026,10,2443,16,sp500_pit,10,6,0,10,4,2,0,274.58,
QQQ,2016|2017|2018|2019|2020|2021|2023|2024|2025|2026,10,2442,100,etf,60,44,4,67,31,2,0,270.34,
QRVO,2016|2017|2018|2019|2020|2021|2022|2024|2025|2026,10,2443,13,sp500_pit,7,6,0,7,4,2,0,351.88,
R,2016|2017|2018|2019|2020|2021|2022|2024|2025|2026,10,2443,10,sp500_pit,3,7,0,3,3,4,0,209.34,
RAI,2016|2017,2,392,7,sp500_pit,4,3,0,6,1,0,0,28.25,
RCL,2016|2017|2018|2019|2020|2021|2022|2024|2025|2026,10,2443,17,sp500_pit,9,8,0,9,4,4,0,163.52,
RDDT,2024|2025|2026,3,626,4,sp500_pit,4,0,0,4,0,0,0,29.84,
RE,2016|2017|2018|2019|2020,5,1259,13,unknown,5,8,0,12,1,0,0,43.9,
REG,2016|2017|2018|2019|2020|2021|2022|2024|2025|2026,10,2443,11,sp500_pit,2,9,0,8,3,0,0,505.39,
REGN,2016|2017|2018|2019|2020|2021|2022|2024|2025|2026,10,2443,7,sp500_pit,1,6,0,2,3,2,0,177.49,
RF,2016|2017|2018|2019|2020|2021|2022|2024|2025|2026,10,2443,16,sp500_pit,9,7,0,11,2,3,0,470.18,
RHI,2016|2017|2018|2019|2020|2021|2022|2024|2025|2026,10,2442,16,sp500_pit,10,6,0,11,2,3,0,165.68,
RHT,2016|2017|2018|2019,4,883,15,sp500_pit,7,8,0,15,0,0,0,17.66,
RIG,2016|2017|2018|2019|2020|2021|2022|2024|2025|2026,10,2443,14,sp500_pit,7,7,0,8,2,4,0,500.31,
RJF,2016|2017|2018|2019|2020|2021|2022|2024|2025|2026,10,2442,18,sp500_pit,10,8,0,12,3,3,0,106.51,
RL,2016|2017|2018|2019|2020|2021|2022|2024|2025|2026,10,2443,12,sp500_pit,7,5,0,5,3,4,0,279.16,
RMD,2016|2017|2018|2019|2020|2021|2022|2024|2025|2026,10,2443,25,sp500_pit,9,16,0,13,8,4,0,247.44,
ROK,2016|2017|2018|2019|2020|2021|2022|2024|2025|2026,10,2443,21,sp500_pit,11,10,0,12,5,4,0,166.75,
ROL,2016|2017|2018|2019|2020|2021|2022|2024|2025|2026,10,2443,23,sp500_pit,10,13,0,16,3,4,0,325.45,
ROP,2016|2017|2018|2019|2020|2021|2022|2024|2025|2026,10,2442,25,sp500_pit,14,11,0,20,2,3,0,69.48,
ROST,2016|2017|2018|2019|2020|2021|2022|2024|2025|2026,10,2443,11,sp500_pit,8,3,0,3,6,2,0,173.42,
RRC,2016|2017|2018|2019|2020|2021|2022|2024|2025|2026,10,2443,14,sp500_pit,7,7,0,6,4,4,0,447.59,
RSG,2016|2017|2018|2019|2020|2021|2022|2024|2025|2026,10,2443,20,sp500_pit,14,6,0,15,1,4,0,371.21,
RTN,2016|2017|2018|2019|2020,5,1070,15,sp500_pit,9,6,0,13,2,0,0,19.14,
RTX,2016|2017|2018|2019|2020|2021|2022|2024|2025|2026,10,2442,31,sp500_pit,15,16,0,24,4,3,0,97.59,
RVTY,2016|2017|2018|2019|2020|2021|2022|2024|2025|2026,10,2443,11,sp500_pit,6,5,0,7,1,3,0,317.59,
SATS,2016|2017|2018|2019|2020|2024|2025|2026,8,1879,16,unknown,1,15,0,3,11,2,0,466.02,
SBAC,2016|2017|2018|2019|2020|2021|2022|2024|2025|2026,10,2443,6,sp500_pit,3,3,0,1,3,2,0,60.75,
SBNY,2016|2017|2018|2019|2020|2021|2022,7,1762,9,sp500_pit,1,8,0,3,4,2,0,133.96,
SBUX,2016|2017|2018|2019|2020|2021|2022|2024|2025|2026,10,2443,13,sp500_pit,4,9,0,5,6,2,0,239.86,
SCG,2016|2017|2018,3,754,10,sp500_pit,6,4,0,6,4,0,0,16.18,
SCHW,2016|2017|2018|2019|2020|2021|2022|2024|2025|2026,10,2443,17,sp500_pit,10,7,0,10,4,3,0,192.89,
SE,2016|2017|2018|2019|2020|2021|2022|2024|2025|2026,10,2277,13,sp500_pit,7,6,0,4,6,3,0,158.05,
SEDG,2016|2017|2018|2019|2020|2021|2022|2024|2025|2026,10,2443,12,sp500_pit,6,6,0,2,8,2,0,424.53,
SEE,2016|2017|2018|2019|2020|2021|2022|2024|2025|2026,10,2330,12,sp500_pit,5,7,0,6,2,4,0,91.67,
SHW,2016|2017|2018|2019|2020|2021|2022|2024|2025|2026,10,2443,39,sp500_pit,17,22,0,28,7,4,0,324.6,
SIG,2016|2017|2018|2019|2020|2021|2022|2024|2025|2026,10,2443,19,sp500_pit,9,10,0,11,4,4,0,632.35,
SIVB,2016|2017|2018|2019|2020|2021|2022,7,1762,14,sp500_pit,10,4,0,2,10,2,0,186.92,
SJM,2016|2017|2018|2019|2020|2021|2022|2024|2025|2026,10,2442,24,sp500_pit,14,10,0,14,7,3,0,516.03,
SKYY,2016|2017|2018|2019|2020|2021|2023|2024|2025|2026,10,2442,51,etf,39,12,0,45,5,1,0,37.64,
SLB,2016|2017|2018|2019|2020|2021|2022|2024|2025|2026,10,2443,14,sp500_pit,8,6,0,8,2,4,0,403.73,
SLG,2016|2017|2018|2019|2020|2021|2022|2024|2025|2026,10,2443,21,sp500_pit,12,9,0,16,0,5,0,129.27,
SLV,2016|2017|2018|2019|2020|2021|2023|2024|2025|2026,10,2442,8,etf,6,2,0,7,1,0,0,580.87,
SMCI,2016|2017|2018|2020|2021|2022|2024|2025|2026,9,2094,9,sp500_pit,4,5,0,1,6,2,0,167.13,
SMH,2016|2017|2018|2019|2020|2021|2023|2024|2025|2026,10,2442,83,etf,63,20,0,79,4,0,0,177.48,
SNA,2016|2017|2018|2019|2020|2021|2022|2024|2025|2026,10,2443,19,sp500_pit,11,8,0,10,4,5,0,252.4,
SNDK,2025|2026,2,401,1,sp500_pit,1,0,0,1,0,0,0,212.09,
SNI,2016|2017|2018,3,547,7,sp500_pit,2,5,0,2,5,0,0,14.02,
SNPS,2016|2017|2018|2019|2020|2021|2022|2024|2025|2026,10,2443,11,sp500_pit,3,8,0,2,7,2,0,294.82,
SO,2016|2017|2018|2019|2020|2021|2022|2024|2025|2026,10,2443,21,sp500_pit,12,9,0,10,8,3,0,162.19,
SOLS,2025|2026,2,230,0,sp500_pit,0,0,0,0,0,0,0,0.0,
SOLV,2024|2025|2026,3,620,0,sp500_pit,0,0,0,0,0,0,0,0.0,
SOXX,2016|2017|2018|2019|2020|2021|2023|2024|2025|2026,10,2442,49,etf,26,23,0,45,2,2,0,117.03,
SOYB,2016|2017|2018|2019|2020|2021|2023|2024|2025|2026,10,2442,51,etf,31,20,0,42,2,7,0,75.72,
SPG,2016|2017|2018|2019|2020|2021|2022|2024|2025|2026,10,2443,24,sp500_pit,15,9,0,15,4,5,0,186.47,
SPGI,2016|2017|2018|2019|2020|2021|2022|2024|2025|2026,10,2442,20,sp500_pit,8,12,0,15,1,4,0,166.29,
SPLS,2016|2017|2026,3,587,71,sp500_pit,30,41,0,0,1,70,0,117.1,
SPY,2016|2017|2018|2019|2020|2021|2023|2024|2025|2026,10,2442,235,etf,126,114,5,152,83,0,0,8921.28,
SRCL,2016|2017|2018|2019|2020|2021|2022|2024,8,1974,11,sp500_pit,4,7,0,3,6,2,0,124.54,
SRE,2016|2017|2018|2019|2020|2021|2022|2024|2025|2026,10,2443,10,sp500_pit,1,9,0,4,2,4,0,73.13,
STE,2016|2017|2018|2019|2020|2021|2022|2024|2025|2026,10,2442,16,sp500_pit,8,8,0,13,0,3,0,57.31,
STI,2022|2024|2025|2026,4,732,17,sp500_pit,9,8,0,17,0,0,0,573.41,
STJ,2016|2017,2,254,7,sp500_pit,4,3,0,7,0,0,0,5.17,
STLD,2016|2017|2018|2019|2020|2021|2022|2024|2025|2026,10,2443,14,sp500_pit,5,9,0,4,8,2,0,76.06,
STT,2016|2017|2018|2019|2020|2021|2022|2024|2025|2026,10,2443,21,sp500_pit,12,9,0,12,4,5,0,463.75,
STX,2016|2017|2018|2019|2020|2021|2022|2023|2024|2025|2026,11,2693,15,sp500_pit,8,7,0,7,6,2,0,393.05,
STZ,2016|2017|2018|2019|2020|2021|2022|2023|2024|2025|2026,11,2692,17,sp500_pit,6,11,0,11,3,3,0,362.41,
SW,2016|2017|2018|2019|2020|2021|2022|2023|2024|2025|2026,11,2693,21,sp500_pit,10,11,0,13,3,5,0,382.31,
SWK,2016|2017|2018|2019|2020|2021|2022|2023|2024|2025|2026,11,2693,21,sp500_pit,13,8,0,12,4,5,0,320.61,
SWKS,2016|2017|2018|2019|2020|2021|2022|2023|2024|2025|2026,11,2693,7,sp500_pit,4,3,0,2,3,2,0,190.46,
SWN,2016|2017|2018|2019|2020|2021|2022|2023|2024,9,2200,7,sp500_pit,4,3,0,3,0,4,0,520.45,
SYF,2016|2017|2018|2019|2020|2021|2022|2023|2024|2025|2026,11,2693,19,sp500_pit,11,8,0,10,5,4,0,240.37,
SYK,2016|2017|2018|2019|2020|2021|2022|2023|2024|2025|2026,11,2693,27,sp500_pit,13,14,0,16,6,5,0,223.84,
SYMC,2016|2017|2018|2019,4,967,9,sp500_pit,4,5,0,1,6,2,0,114.61,
SYY,2016|2017|2018|2019|2020|2021|2022|2023|2024|2025|2026,11,2692,19,sp500_pit,6,13,0,14,2,3,0,56.73,
T,2016|2017|2018|2019|2020|2021|2022|2023|2024|2025|2026,11,2693,26,sp500_pit,14,12,0,16,6,4,0,234.78,
TAN,2016|2017|2018|2019|2020|2021|2023|2024|2025|2026,10,2442,36,etf,22,14,0,32,4,0,0,47.12,
TAP,2016|2017|2018|2019|2020|2021|2022|2023|2024|2025|2026,11,2692,20,sp500_pit,8,12,0,13,4,3,0,200.56,
TDC,2016|2017|2018|2019|2020|2021|2022|2023|2024|2025|2026,11,2693,15,sp500_pit,4,11,0,7,3,5,0,384.62,
TDG,2016|2017|2018|2019|2020|2021|2022|2023|2024|2025|2026,11,2693,25,sp500_pit,14,11,0,16,5,4,0,240.64,
TDY,2016|2017|2018|2019|2020|2021|2022|2023|2024|2025|2026,11,2693,25,sp500_pit,11,14,0,18,3,4,0,153.71,
TE,2020|2021|2022|2023|2024|2025|2026,7,1663,26,sp500_pit,12,14,0,9,3,14,0,656.46,
TECH,2016|2017|2018|2019|2020|2021|2022|2023|2024|2025|2026,11,2693,16,sp500_pit,8,8,0,6,8,2,0,433.86,
TEL,2016|2017|2018|2019|2020|2021|2022|2023|2024|2025|2026,11,2692,24,sp500_pit,15,9,0,19,1,4,0,164.58,
TER,2016|2017|2018|2019|2020|2021|2022|2023|2024|2025|2026,11,2693,10,sp500_pit,5,5,0,7,3,0,0,24.24,
TFC,2016|2017|2018|2019|2020|2021|2022|2023|2024|2025|2026,11,2693,21,sp500_pit,14,7,0,14,3,4,0,199.04,
TFX,2016|2017|2018|2019|2020|2021|2022|2023|2024|2025|2026,11,2692,18,sp500_pit,14,4,0,13,1,4,0,76.32,
TGNA,2016|2017|2018|2019|2020|2021|2022|2023|2024|2025|2026,11,2567,15,sp500_pit,5,10,0,11,0,4,0,296.93,
TGT,2016|2017|2018|2019|2020|2021|2022|2023|2024|2025|2026,11,2693,29,sp500_pit,16,13,0,18,6,5,0,168.02,
THC,2016|2017|2018|2019|2020|2021|2022|2023|2024|2025|2026,11,2693,9,sp500_pit,3,6,0,3,2,4,0,365.37,
THD,2016|2017|2018|2019|2020|2021|2023|2024|2025|2026,10,2442,53,etf,31,22,0,44,1,8,0,30.37,
TIF,2016|2017|2018|2019|2020|2021,6,1262,13,sp500_pit,7,6,0,10,3,0,0,39.08,
TJX,2016|2017|2018|2019|2020|2021|2022|2023|2024|2025|2026,11,2693,23,sp500_pit,14,9,0,17,2,4,0,313.33,
TKO,2016|2017|2018|2019|2020|2021|2022|2023|2024|2025|2026,11,2693,14,sp500_pit,6,8,0,8,2,4,0,109.17,
TMK,2016|2017|2018|2019,4,906,8,sp500_pit,5,3,0,6,2,0,0,10.13,
TMO,2016|2017|2018|2019|2020|2021|2022|2023|2024|2025|2026,11,2693,30,sp500_pit,11,19,0,18,7,5,0,69.93,
TMUS,2016|2017|2018|2019|2020|2021|2022|2023|2024|2025|2026,11,2693,13,sp500_pit,5,8,0,4,7,2,0,498.51,
TNL,2016|2017|2018|2019|2020|2021|2022,7,1762,21,sp500_pit,10,11,0,13,3,5,0,467.29,
TPL,2016|2017|2018|2019|2020|2021|2022|2023|2024|2025|2026,11,2693,143,sp500_pit,64,79,0,90,2,51,0,445.14,
TPR,2016|2017|2018|2019|2020|2021|2022|2023|2024|2025|2026,11,2693,20,sp500_pit,8,12,0,13,3,4,0,421.58,
TRGP,2016|2017|2018|2019|2020|2021|2022|2023|2024|2025|2026,11,2693,12,sp500_pit,6,6,0,7,1,4,0,405.91,
TRIP,2016|2017|2018|2019|2020|2021|2022|2023|2024|2025|2026,11,2693,9,sp500_pit,2,7,0,5,2,2,0,237.6,
TRMB,2016|2017|2018|2019|2020|2021|2022|2023|2024|2025|2026,11,2693,10,sp500_pit,2,8,0,1,7,2,0,284.08,
TROW,2016|2017|2018|2019|2020|2021|2022|2023|2024|2025|2026,11,2693,11,sp500_pit,3,8,0,3,6,2,0,45.21,
TRV,2016|2017|2018|2019|2020|2021|2022|2023|2024|2025|2026,11,2692,23,sp500_pit,10,13,0,12,8,3,0,291.42,
TSCO,2016|2017|2018|2019|2020|2021|2022|2023|2024|2025|2026,11,2693,9,sp500_pit,7,2,0,0,7,2,0,75.59,
TSLA,2016|2017|2018|2019|2020|2021|2022|2023|2024|2025|2026,11,2693,13,sp500_pit,11,2,0,7,4,2,0,3306.3,
TSN,2016|2017|2018|2019|2020|2021|2022|2023|2024|2025|2026,11,2693,18,sp500_pit,5,13,0,8,6,4,0,110.46,
TSS,2016|2017|2018|2019,4,933,11,sp500_pit,7,4,0,7,4,0,0,120.83,
TT,2016|2017|2018|2019|2020|2021|2022|2023|2024|2025|2026,11,2693,17,sp500_pit,8,9,0,7,5,5,0,556.76,
TTD,2016|2017|2018|2019|2020|2021|2022|2023|2024|2025|2026,11,2512,11,sp500_pit,5,6,0,3,6,2,0,285.77,
TTWO,2016|2017|2018|2019|2020|2021|2022|2023|2024|2025|2026,11,2693,11,sp500_pit,5,6,0,2,7,2,0,91.8,
TUR,2016|2017|2018|2019|2020|2021|2023|2024|2025|2026,10,2442,67,etf,34,33,0,60,5,2,0,136.8,
TWC,2016,1,94,6,sp500_pit,3,3,0,6,0,0,0,5.43,
TWTR,2016|2017|2018|2019|2020|2021|2022,7,1718,17,sp500_pit,7,10,0,12,0,5,0,223.73,
TWX,2016|2017|2018,3,617,17,sp500_pit,9,8,0,16,1,0,0,19.06,
TXN,2016|2017|2018|2019|2020|2021|2022|2023|2024|2025|2026,11,2693,12,sp500_pit,5,7,0,6,4,2,0,183.4,
TXT,2016|2017|2018|2019|2020|2021|2022|2023|2024|2025|2026,11,2692,35,sp500_pit,13,22,0,10,22,3,0,159.16,
TYL,2016|2017|2018|2019|2020|2021|2022|2023|2024|2025|2026,11,2693,27,sp500_pit,18,9,0,17,5,5,0,360.31,
UA,2016|2017|2018|2019|2020|2021|2022|2023|2024|2025|2026,11,2693,16,sp500_pit,7,9,0,8,3,5,0,303.03,
UAA,2016|2017|2018|2019|2020|2021|2022|2023|2024|2025|2026,11,2627,23,sp500_pit,11,12,0,15,3,5,0,1031.83,
UAL,2016|2017|2018|2019|2020|2021|2022|2023|2024|2025|2026,11,2693,11,sp500_pit,3,8,0,8,3,0,0,53.11,
UBER,2019|2020|2021|2022|2023|2024|2025|2026,8,1850,14,sp500_pit,6,8,0,8,1,5,0,725.44,
UDR,2016|2017|2018|2019|2020|2021|2022|2023|2024|2025|2026,11,2692,30,sp500_pit,9,21,0,24,3,3,0,85.14,
UGA,2016|2017|2018|2019|2020|2021|2023|2024|2025|2026,10,2442,54,etf,31,23,0,35,5,14,0,43.72,
UHS,2016|2017|2018|2019|2020|2021|2022|2023|2024|2025|2026,11,2693,20,sp500_pit,7,13,0,13,3,4,0,157.83,
ULTA,2016|2017|2018|2019|2020|2021|2022|2023|2024|2025|2026,11,2693,20,sp500_pit,7,13,0,8,10,2,0,41.68,
UNG,2016|2017|2018|2019|2020|2021|2023|2024|2025|2026,10,2442,10,etf,4,6,0,9,1,0,0,264.67,
UNH,2016|2017|2018|2019|2020|2021|2022|2023|2024|2025|2026,11,2693,42,sp500_pit,24,18,0,28,10,4,0,196.26,
UNM,2016|2017|2018|2019|2020|2021|2022|2023|2024|2025|2026,11,2693,18,sp500_pit,9,9,0,9,5,4,0,165.69,
UNP,2016|2017|2018|2019|2020|2021|2022|2023|2024|2025|2026,11,2693,20,sp500_pit,10,10,0,14,2,4,0,316.8,
UPS,2016|2017|2018|2019|2020|2021|2022|2023|2024|2025|2026,11,2693,26,sp500_pit,15,11,0,17,4,5,0,223.53,
URBN,2016|2017|2018|2019|2020|2021|2022|2023|2024|2025|2026,11,2693,12,sp500_pit,5,7,0,4,6,2,0,113.9,
URI,2016|2017|2018|2019|2020|2021|2022|2023|2024|2025|2026,11,2693,24,sp500_pit,9,15,0,15,4,5,0,618.53,
USB,2016|2017|2018|2019|2020|2021|2022|2023|2024|2025|2026,11,2693,23,sp500_pit,11,12,0,12,7,4,0,532.74,
USO,2016|2017|2018|2019|2020|2021|2023|2024|2025|2026,10,2442,6,etf,5,1,0,5,1,0,0,80.36,
UTX,2016|2017|2018|2019|2020,5,1070,17,unknown,10,7,0,13,4,0,0,62.09,
V,2016|2017|2018|2019|2020|2021|2022|2023|2024|2025|2026,11,2692,54,sp500_pit,31,23,0,47,5,2,0,559.65,
VAR,2016|2017|2018|2019|2020|2021,6,1329,29,sp500_pit,14,15,0,26,3,0,0,36.59,
VEEV,2016|2017|2018|2019|2020|2021|2022|2023|2024|2025|2026,11,2693,29,sp500_pit,20,9,0,22,2,5,0,325.91,
VFC,2016|2017|2018|2019|2020|2021|2022|2023|2024|2025|2026,11,2693,21,sp500_pit,8,13,0,12,4,5,0,163.62,
VIAB,2016|2017|2018|2019,4,988,6,sp500_pit,1,5,0,2,2,2,0,97.81,
VIAC,2019|2020|2021|2022,4,555,0,sp500_pit,0,0,0,0,0,0,0,0.0,
VICI,2018|2019|2020|2021|2022|2023|2024|2025|2026,9,2169,18,sp500_pit,9,9,0,11,2,5,0,418.14,
VLO,2016|2017|2018|2019|2020|2021|2022|2023|2024|2025|2026,11,2692,16,sp500_pit,6,10,0,9,3,4,0,163.73,
VLTO,2023|2024|2025|2026,4,744,2,sp500_pit,2,0,0,2,0,0,0,0.97,
VMC,2016|2017|2018|2019|2020|2021|2022|2023|2024|2025|2026,11,2692,19,sp500_pit,12,7,0,11,4,4,0,251.48,
VNO,2016|2017|2018|2019|2020|2021|2022|2023|2024|2025|2026,11,2693,25,sp500_pit,13,12,0,16,4,5,0,202.34,
VNT,2020|2021|2022|2023|2024|2025|2026,7,1492,9,sp500_pit,3,6,0,3,1,5,0,200.28,
VOO,2016|2017|2018|2019|2020|2021|2023|2024|2025|2026,10,2442,83,etf,63,20,0,81,2,0,0,274.39,
VRSK,2016|2017|2018|2019|2020|2021|2022|2023|2024|2025|2026,11,2693,11,sp500_pit,6,5,0,1,8,2,0,550.0,
VRSN,2016|2017|2018|2019|2020|2021|2022|2023|2024|2025|2026,11,2693,8,sp500_pit,3,5,0,2,4,2,0,175.83,
VRT,2018|2019|2020|2021|2022|2023|2024|2025|2026,9,2016,66,sp500_pit,23,43,0,11,0,55,0,337.59,
VRTX,2016|2017|2018|2019|2020|2021|2022|2023|2024|2025|2026,11,2693,9,sp500_pit,4,6,1,0,7,2,0,123.77,
VST,2017|2018|2019|2020|2021|2022|2023|2024|2025|2026,10,2353,15,sp500_pit,9,6,0,7,3,5,0,220.51,
VTI,2016|2017|2018|2019|2020|2021|2023|2024|2025|2026,10,2442,63,etf,50,13,0,58,5,0,0,53.74,
VTR,2016|2017|2018|2019|2020|2021|2022|2023|2024|2025|2026,11,2693,19,sp500_pit,11,8,0,12,3,4,0,493.02,
VTRS,2020|2021|2022|2023|2024|2025|2026,7,1468,1,sp500_pit,1,0,0,1,0,0,0,4.5,
VZ,2016|2017|2018|2019|2020|2021|2022|2023|2024|2025|2026,11,2693,26,sp500_pit,10,16,0,18,5,3,0,7262.66,
WAB,2016|2017|2018|2019|2020|2021|2022|2023|2024|2025|2026,11,2692,18,sp500_pit,10,8,0,12,2,4,0,143.64,
WAT,2016|2017|2018|2019|2020|2021|2022|2023|2024|2025|2026,11,2692,18,sp500_pit,10,8,0,10,4,4,0,237.55,
WBA,2016|2017|2018|2019|2020|2021|2022|2023|2024|2025,10,2427,12,sp500_pit,2,10,0,4,6,2,0,2013.77,
WBD,2022|2023|2024|2025|2026,5,1119,4,sp500_pit,1,3,0,4,0,0,0,10.98,
WCG,2016|2017|2018|2019|2020,5,1021,7,sp500_pit,2,5,0,7,0,0,0,13.04,
WDAY,2016|2017|2018|2019|2020|2021|2022|2023|2024|2025|2026,11,2693,10,sp500_pit,4,6,0,2,6,2,0,209.12,
WDC,2016|2017|2018|2019|2020|2021|2022|2023|2024|2025|2026,11,2693,16,sp500_pit,9,7,0,3,11,2,0,353.0,
WEAT,2016|2017|2018|2019|2020|2021|2023|2024|2025|2026,10,2442,16,etf,9,7,0,14,1,1,0,100.57,
WEC,2016|2017|2018|2019|2020|2021|2022|2023|2024|2025|2026,11,2692,20,sp500_pit,10,10,0,12,5,3,0,112.86,
WELL,2016|2017|2018|2019|2020|2021|2022|2023|2024|2025|2026,11,2693,28,sp500_pit,11,17,0,20,4,4,0,152.84,
WFC,2016|2017|2018|2019|2020|2021|2022|2023|2024|2025|2026,11,2693,35,sp500_pit,15,20,0,24,7,4,0,580.84,
WFM,2016|2017,2,416,1,sp500_pit,0,1,0,1,0,0,0,6.48,
WHR,2016|2017|2018|2019|2020|2021|2022|2023|2024|2025|2026,11,2693,14,sp500_pit,7,7,0,6,4,4,0,503.35,
WLTW,2016|2017|2018|2019,4,1005,6,unknown,4,2,0,3,1,2,0,143.94,
WM,2016|2017|2018|2019|2020|2021|2023|2024|2025|2026,10,2442,26,sp500_pit,12,14,0,15,9,2,0,414.78,
WMB,2016|2017|2018|2019|2020|2021|2023|2024|2025|2026,10,2442,14,sp500_pit,7,7,0,10,2,2,0,18.08,
WMT,2016|2017|2018|2019|2020|2021|2023|2024|2025|2026,10,2442,23,sp500_pit,10,13,0,16,5,2,0,558.0,
WRB,2016|2017|2018|2019|2020|2021|2023|2024|2025|2026,10,2442,16,sp500_pit,8,8,0,12,2,2,0,79.33,
WRK,2016|2017|2018|2019|2023|2024,6,1384,8,unknown,5,3,0,6,2,0,0,55.24,
WSM,2016|2017|2018|2019|2020|2021|2023|2024|2025|2026,10,2442,16,sp500_pit,4,12,0,9,5,2,0,336.21,
WST,2016|2017|2018|2019|2020|2021|2023|2024|2025|2026,10,2442,17,sp500_pit,9,8,0,10,5,2,0,158.46,
WTW,2016|2017|2018|2019|2020|2021|2023|2024|2025|2026,10,2441,8,sp500_pit,5,3,0,4,2,2,0,143.94,
WU,2016|2017|2018|2019|2020|2021|2023|2024|2025|2026,10,2441,12,sp500_pit,6,6,0,11,0,1,0,57.36,
WY,2016|2017|2018|2019|2020|2021|2023|2024|2025|2026,10,2442,21,sp500_pit,9,12,0,15,4,2,0,128.6,
WYND,2018|2019,2,399,4,unknown,2,2,0,4,0,0,0,29.23,
WYNN,2016|2017|2018|2019|2020|2021|2023|2024|2025|2026,10,2442,7,sp500_pit,3,4,0,3,2,2,0,43.31,
XBI,2016|2017|2018|2019|2020|2021|2023|2024|2025|2026,10,2442,24,etf,15,9,0,21,3,0,0,31.27,
XEC,2016|2017|2018|2019|2020|2021,6,1447,5,sp500_pit,2,3,0,3,1,1,0,172.88,
XEL,2016|2017|2018|2019|2020|2021|2023|2024|2025|2026,10,2442,11,sp500_pit,7,4,0,6,3,2,0,23.44,
XL,2016|2017|2018|2020|2021,5,937,14,sp500_pit,8,6,0,11,1,2,0,288.81,
XLB,2016|2017|2018|2019|2020|2021|2023|2024|2025|2026,10,2442,47,etf,28,19,0,40,7,0,0,154.53,
XLC,2018|2019|2020|2021|2023|2024|2025|2026,8,1823,29,etf,19,10,0,23,6,0,0,9.35,
XLE,2016|2017|2018|2019|2020|2021|2023|2024|2025|2026,10,2442,32,etf,15,17,0,24,8,0,0,962.83,
XLF,2016|2017|2018|2019|2020|2021|2023|2024|2025|2026,10,2442,71,etf,35,36,0,58,13,0,0,1006.13,
XLI,2016|2017|2018|2019|2020|2021|2023|2024|2025|2026,10,2442,57,etf,39,18,0,46,11,0,0,150.59,
XLK,2016|2017|2018|2019|2020|2021|2023|2024|2025|2026,10,2442,42,etf,33,9,0,41,1,0,0,46.91,
XLNX,2016|2017|2018|2019|2020|2021,6,1511,11,sp500_pit,6,5,0,4,5,2,0,195.99,
XLP,2016|2017|2018|2019|2020|2021|2023|2024|2025|2026,10,2442,61,etf,42,19,0,57,4,0,0,34.87,
XLRE,2016|2017|2018|2019|2020|2021|2023|2024|2025|2026,10,2440,40,etf,21,19,0,32,8,0,0,17.73,
XLU,2016|2017|2018|2019|2020|2021|2023|2024|2025|2026,10,2442,23,etf,17,6,0,15,8,0,0,113.38,
XLV,2016|2017|2018|2019|2020|2021|2023|2024|2025|2026,10,2442,52,etf,33,19,0,44,8,0,0,148.12,
XLY,2016|2017|2018|2019|2020|2021|2023|2024|2025|2026,10,2442,74,etf,49,25,0,59,15,0,0,93.36,
XME,2016|2017|2018|2019|2020|2021|2023|2024|2025|2026,10,2442,18,etf,12,6,0,14,4,0,0,8.19,
XOM,2016|2017|2018|2019|2020|2021|2023|2024|2025|2026,10,2442,23,sp500_pit,13,10,0,19,2,2,0,105.67,
XOP,2016|2017|2018|2019|2020|2021|2023|2024|2025|2026,10,2442,24,etf,12,12,0,21,3,0,0,537.15,
XRAY,2016|2017|2018|2019|2020|2021|2023|2024|2025|2026,10,2442,6,sp500_pit,2,4,0,1,3,2,0,176.69,
XRX,2016|2017|2018|2019|2020|2021|2023|2024|2025|2026,10,2442,14,sp500_pit,9,5,0,8,5,1,0,126.38,
XYL,2016|2017|2018|2019|2020|2021|2023|2024|2025|2026,10,2442,20,sp500_pit,9,11,0,12,6,2,0,70.23,
XYZ,2016|2017|2018|2019|2020|2021|2023|2024|2025|2026,10,2442,22,sp500_pit,15,7,0,18,2,2,0,360.69,
YUM,2016|2017|2018|2019|2020|2021|2023|2024|2025|2026,10,2442,24,sp500_pit,10,14,0,18,4,2,0,63.52,
ZBH,2016|2017|2018|2019|2020|2021|2023|2024|2025|2026,10,2442,21,sp500_pit,10,11,0,16,3,2,0,43.7,
ZBRA,2016|2017|2018|2019|2020|2021|2023|2024|2025|2026,10,2442,13,sp500_pit,7,6,0,5,6,2,0,159.71,
ZION,2016|2017|2018|2019|2020|2021|2023|2024|2025|2026,10,2442,18,sp500_pit,4,14,0,5,11,2,0,146.86,
ZTS,2016|2017|2018|2019|2020|2021|2023|2024|2025|2026,10,2442,17,sp500_pit,12,5,0,14,1,2,0,128.12,
