symbol,asset_class,bid_months,ask_months,first,last,missing_months,one_sided_months,empty_months,bid_rows,ask_rows,newest_write,complete
EURUSD,fx,199,187,2010-01,2026-08,14,14,0,103410,97234,2026-09-19T15:04:46+00:00,false
GBPUSD,fx,190,194,2010-01,2026-08,16,16,0,98685,100873,2026-09-19T16:44:27+00:00,false
USDJPY,fx,92,85,2010-01,2018-01,121,19,0,47850,44143,2026-09-19T18:31:36+00:00,false
USDCHF,fx,0,0,"","",200,0,0,0,0,"",false
AUDUSD,fx,0,0,"","",200,0,0,0,0,"",false
USDCAD,fx,0,0,"","",200,0,0,0,0,"",false
NZDUSD,fx,104,84,2015-10,2026-08,122,32,0,53931,43667,2026-09-20T10:51:01+00:00,false
EURJPY,fx,131,100,2010-01,2022-12,120,71,0,68024,51903,2026-09-20T18:24:24+00:00,false
GBPJPY,fx,0,0,"","",200,0,0,0,0,"",false
EURGBP,fx,0,0,"","",200,0,0,0,0,"",false
EURCHF,fx,0,0,"","",200,0,0,0,0,"",false
AUDJPY,fx,18,8,2018-12,2020-08,194,14,0,9316,4143,2026-09-21T08:04:12+00:00,false
EURAUD,fx,100,94,2018-01,2026-08,113,20,0,51967,48764,2026-09-21T13:29:51+00:00,false
GBPCHF,fx,199,189,2010-11,2026-08,11,10,0,103418,98233,2026-09-21T14:25:22+00:00,false
CADJPY,fx,198,187,2010-05,2026-08,15,15,0,102886,97243,2026-09-21T15:47:31+00:00,false
XAUUSD,metal,198,196,2010-01,2026-08,6,6,0,98650,97607,2026-09-21T16:21:50+00:00,false
XAGUSD,metal,190,198,2010-01,2026-08,12,12,0,94490,98436,2026-09-21T17:27:56+00:00,false
LIGHTCMDUSD,energy_cfd,1,0,"","",200,1,0,6,0,2026-09-21T17:27:56+00:00,false
BRENTCMDUSD,energy_cfd,2,0,"","",200,2,0,888,0,2026-09-21T21:08:17+00:00,false
USA500IDXUSD,index_cfd,39,39,2021-01,2024-04,162,2,0,19204,19183,2026-09-22T01:51:07+00:00,false
USA30IDXUSD,index_cfd,0,0,"","",200,0,0,0,0,"",false
USATECHIDXUSD,index_cfd,0,0,"","",200,0,0,0,0,"",false
USSC2000IDXUSD,index_cfd,30,0,"","",200,30,0,14832,0,2026-09-22T11:39:02+00:00,false
DEUIDXEUR,index_cfd,0,0,"","",200,0,0,0,0,"",false
GBRIDXGBP,index_cfd,0,0,"","",200,0,0,0,0,"",false
JPNIDXJPY,index_cfd,0,0,"","",200,0,0,0,0,"",false
FRAIDXEUR,index_cfd,0,0,"","",200,0,0,0,0,"",false
AUSIDXAUD,index_cfd,0,0,"","",200,0,0,0,0,"",false
HKGIDXHKD,index_cfd,0,0,"","",200,0,0,0,0,"",false
