symbol,asset_class,window_first,window_last,months_both_sides,bars_1h,first,last,frozen_stretches,frozen_bars,long_gaps,longest_gap_days,wick_flags,verified_events,spread_spikes,zero_or_neg_spread,saturday_bars,sunday_bars,weekday_missing_hours,bars_1d,thin_days_flagged,weekend_daily_bars,d008_1h,d008_1d,measured_on
AUDUSD,fx,2014-06,2026-08,147,76362,2014-06-01,2026-08-31,0,0,0,3,0,"",93,0,0,1696,71,3194,16,0,true,true,2026-09-29
CADJPY,fx,2026-06,2026-08,3,1584,2026-06-01,2026-08-31,0,0,0,2,0,"",30,0,0,39,0,65,0,0,false,false,2026-09-29
DEUIDXEUR,index_cfd,2026-03,2026-08,6,2959,2026-03-01,2026-08-31,0,0,0,3,0,"",0,0,0,50,82,130,0,0,false,false,2026-09-29
EURAUD,fx,2026-08,2026-08,1,507,2026-08-02,2026-08-31,0,0,0,2,0,"",1,0,0,15,0,21,0,0,false,false,2026-09-29
EURUSD,fx,2010-01,2026-08,200,103935,2010-01-01,2026-08-31,0,0,0,3,0,"",1187,1,0,2320,88,4345,19,0,true,true,2026-09-29
GBPCHF,fx,2013-03,2026-08,162,84126,2013-03-01,2026-08-31,0,0,0,3,0,"",587,0,0,1870,92,3520,18,0,true,true,2026-09-29
GBPUSD,fx,2010-01,2026-08,200,103920,2010-01-01,2026-08-31,0,0,0,3,0,"",864,0,0,2306,89,4345,19,0,true,true,2026-09-29
NZDUSD,fx,2026-07,2026-08,2,1056,2026-07-01,2026-08-31,0,0,0,2,0,"",6,0,0,27,0,44,0,0,false,false,2026-09-29
USDCHF,fx,2010-01,2026-08,200,103916,2010-01-01,2026-08-31,0,0,0,3,0,2015-01-15 09:00,769,0,0,2308,89,4345,19,0,true,true,2026-09-29
USDJPY,fx,2010-01,2026-08,200,103925,2010-01-01,2026-08-31,0,0,0,3,0,"",1580,0,0,2310,89,4345,19,0,true,true,2026-09-29
USSC2000IDXUSD,index_cfd,2026-07,2026-08,2,1008,2026-07-01,2026-08-31,0,0,0,2,0,"",0,0,0,18,26,44,0,0,false,false,2026-09-29
XAGUSD,metal,2026-01,2026-08,8,3921,2026-01-01,2026-08-31,0,0,0,3,0,"",6,0,0,61,101,171,0,0,false,false,2026-09-29
XAUUSD,metal,2019-12,2026-08,81,39891,2019-12-01,2026-08-31,0,0,0,3,0,"",25,0,0,579,1059,1751,10,0,true,true,2026-09-29
