symbol,asset_class,required_from,window_first,window_last,months,years,share_of_required,bounding_gap,missing_before,complete,bars_1h,bars_1d,d008_1h,d008_1d,note,measured_at
EURUSD,fx,2010-01,2010-01,2026-08,200,16.67,1.0,,0,true,103935,4345,true,true,"",2026-09-29T16:22+00:00
GBPUSD,fx,2010-01,2010-01,2026-08,200,16.67,1.0,,0,true,103920,4345,true,true,"",2026-09-29T16:22+00:00
USDJPY,fx,2010-01,2010-01,2026-08,200,16.67,1.0,,0,true,103925,4345,true,true,"",2026-09-29T16:22+00:00
USDCHF,fx,2010-01,2010-01,2026-08,200,16.67,1.0,,0,true,103916,4345,true,true,"",2026-09-29T16:22+00:00
AUDUSD,fx,2010-01,,,0,0.0,0.0,2026-08,73,false,0,0,false,false,"",2026-09-29T16:22+00:00
USDCAD,fx,2010-01,,,0,0.0,0.0,2026-08,200,false,0,0,false,false,"",2026-09-29T16:22+00:00
NZDUSD,fx,2010-01,2026-07,2026-08,2,0.17,0.01,2026-06,122,false,1056,44,false,false,"",2026-09-29T16:22+00:00
EURJPY,fx,2010-01,,,0,0.0,0.0,2026-08,120,false,0,0,false,false,"",2026-09-29T16:22+00:00
GBPJPY,fx,2010-01,,,0,0.0,0.0,2026-08,200,false,0,0,false,false,"",2026-09-29T16:22+00:00
EURGBP,fx,2010-01,,,0,0.0,0.0,2026-08,200,false,0,0,false,false,"",2026-09-29T16:22+00:00
EURCHF,fx,2010-01,,,0,0.0,0.0,2026-08,200,false,0,0,false,false,"",2026-09-29T16:22+00:00
AUDJPY,fx,2010-01,,,0,0.0,0.0,2026-08,194,false,0,0,false,false,"",2026-09-29T16:22+00:00
EURAUD,fx,2010-01,2026-08,2026-08,1,0.08,0.005,2026-07,113,false,507,21,false,false,"",2026-09-29T16:22+00:00
GBPCHF,fx,2010-01,2013-03,2026-08,162,13.5,0.81,2013-02,11,false,84126,3520,true,true,"",2026-09-29T16:22+00:00
CADJPY,fx,2010-01,2026-06,2026-08,3,0.25,0.015,2026-05,15,false,1584,65,false,false,"",2026-09-29T16:22+00:00
XAUUSD,metal,2010-01,2019-12,2026-08,81,6.75,0.405,2019-11,6,false,39891,1751,true,true,"",2026-09-29T16:22+00:00
XAGUSD,metal,2010-01,2026-01,2026-08,8,0.67,0.04,2025-12,12,false,3921,171,false,false,"",2026-09-29T16:22+00:00
LIGHTCMDUSD,energy_cfd,2011-09,,,0,0.0,0.0,2026-08,180,false,0,0,false,false,"",2026-09-29T16:22+00:00
BRENTCMDUSD,energy_cfd,2010-12,,,0,0.0,0.0,2026-08,189,false,0,0,false,false,"",2026-09-29T16:22+00:00
USA500IDXUSD,index_cfd,2011-09,,,0,0.0,0.0,2026-08,142,false,0,0,false,false,"",2026-09-29T16:22+00:00
USA30IDXUSD,index_cfd,2013-09,,,0,0.0,0.0,2026-08,156,false,0,0,false,false,"",2026-09-29T16:22+00:00
USATECHIDXUSD,index_cfd,2011-09,,,0,0.0,0.0,2026-08,180,false,0,0,false,false,"",2026-09-29T16:22+00:00
USSC2000IDXUSD,index_cfd,2018-08,2026-07,2026-08,2,0.17,0.021,2026-06,95,false,1008,44,false,false,"",2026-09-29T16:22+00:00
DEUIDXEUR,index_cfd,2013-09,2026-03,2026-08,6,0.5,0.038,2026-02,11,false,2959,130,false,false,"",2026-09-29T16:22+00:00
GBRIDXGBP,index_cfd,2011-09,,,0,0.0,0.0,2026-08,180,false,0,0,false,false,"",2026-09-29T16:22+00:00
JPNIDXJPY,index_cfd,2011-09,,,0,0.0,0.0,2026-08,180,false,0,0,false,false,"",2026-09-29T16:22+00:00
FRAIDXEUR,index_cfd,2011-09,,,0,0.0,0.0,2026-08,180,false,0,0,false,false,"",2026-09-29T16:22+00:00
AUSIDXAUD,index_cfd,2014-06,,,0,0.0,0.0,2026-08,147,false,0,0,false,false,"",2026-09-29T16:22+00:00
HKGIDXHKD,index_cfd,2013-06,,,0,0.0,0.0,2026-08,159,false,0,0,false,false,"",2026-09-29T16:22+00:00
