session_date,symbols,no_hourly_bar,median_rth_bars
2021-04-19,472,26,1.0
2022-03-08,466,104,1.0
2021-10-25,433,29,1.0
2022-01-24,370,24,2.0
2018-05-03,202,2,1.0
2018-05-02,202,3,1.0
2022-01-26,118,24,6.0
2021-08-04,35,27,6.0
2021-07-29,34,26,4.0
2021-08-16,34,27,6.0
2021-08-12,34,28,5.5
2021-09-24,34,28,6.0
2021-08-05,34,27,6.0
2021-08-09,34,27,6.0
2021-08-26,33,27,5.5
2021-12-27,33,26,6.0
2021-08-06,33,27,5.5
2021-09-03,33,28,5.0
2021-08-13,33,28,4.0
2021-08-10,33,29,5.5
2021-09-07,33,27,4.5
2021-02-04,33,30,6.0
2021-07-30,33,26,5.0
2021-08-11,33,27,5.5
2021-06-25,32,26,4.5
2021-06-03,32,27,6.0
2021-07-02,32,27,5.0
2021-02-09,32,30,5.0
2021-08-03,32,27,4.0
2021-10-14,32,26,5.0
2021-08-18,32,27,5.0
2021-10-08,32,27,6.0
2021-12-22,32,26,4.5
2021-08-17,32,27,3.0
2021-02-02,32,29,6.0
2021-09-29,32,27,6.0
2021-10-05,32,27,5.0
2021-07-28,32,26,4.0
2021-10-12,32,27,6.0
2021-10-20,32,27,6.0
2021-07-14,32,26,5.0
2021-07-22,32,26,4.5
2021-06-29,32,26,4.5
2021-07-26,32,26,6.0
2021-02-05,32,30,6.0
2021-02-11,32,29,6.0
2021-09-09,32,28,4.5
2021-08-20,32,27,6.0
2021-09-21,32,29,6.0
2021-06-14,32,26,5.0
2021-08-27,32,29,6.0
2021-08-23,32,27,5.0
2021-05-17,31,26,5.0
2021-12-31,31,25,6.0
2021-05-24,31,26,5.0
2021-04-12,31,26,4.0
2021-05-28,31,26,5.0
2021-05-04,31,26,6.0
2021-08-24,31,28,6.0
2021-01-06,31,29,5.5
2021-07-07,31,26,5.0
2021-10-18,31,26,6.0
2021-04-06,31,26,6.0
2021-03-18,31,26,5.0
2021-07-01,31,26,5.0
2021-11-24,31,27,6.0
2021-07-13,31,26,6.0
2021-03-22,31,26,5.0
2021-09-01,31,27,3.0
2021-04-15,31,26,5.0
2021-06-10,31,26,5.0
2021-04-14,31,26,3.0
2021-07-23,31,26,6.0
2021-10-06,31,27,5.5
2021-10-01,31,27,5.0
2021-05-05,31,26,5.0
2021-09-14,31,27,6.0
2021-01-20,31,29,6.0
2021-09-23,31,27,4.0
2021-10-29,31,26,6.0
2021-12-30,31,25,5.0
2021-07-12,31,26,4.0
2021-04-16,31,26,4.0
2021-03-26,31,26,6.0
2021-02-16,31,28,6.0
2021-04-21,31,26,6.0
2021-07-16,31,26,4.0
2021-06-11,31,26,5.0
2021-08-25,31,27,3.5
2021-02-08,31,30,6.0
2021-09-16,31,27,5.0
2021-12-10,31,25,4.0
2021-07-27,31,26,4.0
2021-07-21,31,26,4.0
2021-11-08,31,25,5.0
2021-08-31,31,27,5.0
2021-08-19,31,28,5.0
2021-04-20,31,27,6.0
2021-08-30,31,27,3.0
2022-01-13,31,25,6.0
2021-06-15,31,27,5.5
2021-06-04,31,27,3.0
2021-01-15,31,29,6.0
2021-04-30,31,26,5.0
2021-02-10,31,29,6.0
2021-01-11,31,29,6.0
2021-01-22,31,29,5.5
2021-06-24,31,26,5.0
2021-09-27,30,27,3.0
2021-04-28,30,26,4.5
2021-03-31,30,26,5.5
2021-04-07,30,26,4.5
2021-04-22,30,26,6.0
2021-01-29,30,29,6.0
2021-05-10,30,26,5.5
2021-09-22,30,27,3.0
2021-05-27,30,27,5.0
2022-03-09,30,25,5.0
2021-01-27,30,29,6.0
2021-05-18,30,27,6.0
2022-03-14,30,27,6.0
2022-01-28,30,24,4.5
2021-12-29,30,25,5.0
2021-04-13,30,26,4.5
2021-06-09,30,26,3.5
2021-10-07,30,27,4.0
2021-11-11,30,25,4.0
2021-10-11,30,28,3.5
2021-05-25,30,26,4.5
2022-02-02,30,24,3.5
2021-06-22,30,26,4.0
2021-11-17,30,25,5.0
2021-08-02,30,26,3.5
2021-03-09,30,27,6.0
2021-03-03,30,27,6.0
2021-06-23,30,27,4.0
2021-07-09,30,26,4.5
2021-09-15,30,27,5.0
2022-01-27,30,24,4.5
2022-03-04,30,25,4.0
2021-05-26,30,26,3.5
2021-05-19,30,26,4.5
2021-04-23,30,26,5.5
2021-03-17,30,26,4.5
2021-03-29,30,26,4.0
2022-01-07,30,25,4.0
2021-03-11,30,27,5.0
2022-01-06,30,25,5.0
2021-06-07,30,27,5.0
2021-09-13,30,27,2.0
2021-03-25,30,26,5.0
2021-10-13,30,26,5.5
2021-06-30,30,26,5.0
2021-07-15,30,27,3.0
2021-12-28,30,25,5.0
2021-10-15,30,26,6.0
2021-09-20,30,27,5.0
2021-06-16,30,26,2.0
2021-05-07,30,26,5.0
2021-09-10,30,28,4.5
2021-04-26,30,26,3.0
2021-01-12,30,29,6.0
2021-06-08,30,26,3.0
2021-01-04,30,29,6.0
2021-02-03,30,29,6.0
2021-01-26,30,29,6.0
2021-12-23,30,27,5.0
2021-05-03,30,26,6.0
2021-09-17,30,28,4.0
2021-09-02,30,27,2.0
2021-11-19,30,26,6.0
2021-10-04,30,27,4.0
2021-04-08,30,26,4.5
2021-11-04,30,26,5.0
2022-03-11,30,26,3.5
2021-07-08,30,26,6.0
2021-03-23,30,26,5.5
2021-03-19,30,26,4.5
2021-12-08,30,26,6.0
2021-03-24,30,26,4.0
2021-09-08,29,29,
2021-12-03,29,25,4.5
2021-12-17,29,25,5.0
2022-01-12,29,25,4.5
2021-03-05,29,27,6.0
2022-03-31,29,23,5.0
2021-07-19,29,27,4.0
2021-01-21,29,29,
2021-11-09,29,26,6.0
2021-10-22,29,25,4.5
2022-03-07,29,25,3.5
2021-01-25,29,29,
2021-10-27,29,25,4.0
2022-03-02,29,25,2.5
2021-11-22,29,25,3.5
2021-02-01,29,29,
2021-03-10,29,27,6.0
2021-04-27,29,26,5.0
2021-01-08,29,29,
2021-11-10,29,25,4.5
2022-03-22,29,25,5.0
2021-03-16,29,26,4.0
2022-02-10,29,24,5.0
2021-12-16,29,26,6.0
2021-09-28,29,27,3.0
2021-01-19,29,29,
2022-02-01,29,24,5.0
2021-07-20,29,26,1.0
2021-10-26,29,25,5.0
2021-01-05,29,29,
2021-10-28,29,25,3.5
2021-06-18,29,26,5.0
2021-12-21,29,26,5.0
2021-12-15,29,26,6.0
2021-11-15,29,25,4.5
2022-01-31,29,25,5.5
2022-01-25,29,24,4.0
2022-03-10,29,25,3.0
2021-11-02,29,25,5.0
2021-05-21,29,26,5.0
2021-05-13,29,26,3.0
2022-02-22,29,24,5.0
2021-01-07,29,29,
2021-10-21,29,27,5.5
2021-06-28,29,26,5.0
2022-02-11,29,25,5.5
2021-05-20,29,26,4.0
2021-06-01,29,26,6.0
2021-07-06,29,26,4.0
2022-02-18,29,24,3.0
2021-01-13,29,29,
2021-02-25,29,27,6.0
2021-11-05,29,25,4.0
2021-02-12,29,28,6.0
2021-11-18,29,27,5.5
2021-03-08,29,27,3.5
2021-02-19,29,27,5.5
2022-02-28,29,25,4.5
2022-03-23,29,25,4.0
2021-05-06,29,26,4.0
2021-03-12,29,27,5.5
2021-06-21,29,26,3.0
2021-01-28,29,29,
2022-02-04,29,24,5.0
2022-02-15,29,25,5.0
2022-03-29,29,25,5.0
2021-12-09,29,25,5.0
2021-04-09,29,26,5.0
2022-03-03,29,25,3.5
2022-02-17,29,24,5.0
2022-02-08,29,24,3.0
2021-02-24,29,27,5.0
2021-11-01,29,25,3.5
2022-02-07,29,24,4.0
2021-01-14,29,29,
2021-12-06,29,25,4.0
2021-05-14,29,26,5.0
2021-04-01,29,26,5.0
2022-03-25,29,24,5.0
2021-03-30,29,27,1.5
2021-12-13,28,25,3.0
2021-11-03,28,25,5.0
2021-12-02,28,25,6.0
2022-02-09,28,25,4.0
2022-01-21,28,24,3.0
2022-01-04,28,26,2.5
2021-12-01,28,25,6.0
2022-03-28,28,24,4.0
2021-06-02,28,26,1.5
2021-05-11,28,26,4.5
2021-12-07,28,25,4.0
2022-02-25,28,25,5.0
2021-02-26,28,27,5.0
2022-08-16,28,21,6.0
2022-09-21,28,19,5.0
2021-11-16,28,26,5.5
2021-09-30,28,27,4.0
2022-03-24,28,25,5.0
2022-08-09,28,19,4.0
2021-11-23,28,25,5.0
2021-03-15,28,28,
2021-10-19,28,28,
2021-02-23,28,27,6.0
2021-04-29,28,26,5.0
2022-02-23,28,24,3.5
2022-01-14,28,25,3.0
2022-01-11,28,26,2.5
2022-02-14,28,24,3.5
2022-01-10,28,25,5.0
2022-01-05,28,26,4.0
2021-12-20,28,26,3.5
2022-06-01,28,22,6.0
2022-03-01,28,25,5.0
2022-02-16,28,25,5.0
2022-05-05,28,22,4.5
2021-02-18,28,27,6.0
2022-02-24,28,24,3.0
2022-02-03,28,24,4.5
2022-01-19,28,25,4.0
2021-06-17,28,26,3.0
2021-11-29,28,25,5.0
2021-12-14,28,25,5.0
2021-02-17,28,27,6.0
2021-11-12,28,25,3.0
2022-05-13,27,21,3.5
2022-06-03,27,22,2.0
2022-05-18,27,21,3.5
2021-03-01,27,27,
2022-01-20,27,24,2.0
2021-02-22,27,27,
2022-10-18,27,20,5.0
2021-03-04,27,27,
2022-04-29,27,22,5.0
2022-03-17,27,25,3.5
2022-06-09,27,21,5.0
2022-03-16,27,24,2.0
2022-05-25,27,24,6.0
2022-05-19,27,22,4.0
2022-03-18,27,24,5.0
2022-08-31,27,20,5.0
2022-10-07,27,21,5.0
2022-05-26,27,24,6.0
2022-04-13,27,23,4.5
2021-11-26,27,25,1.0
2022-05-04,27,23,3.5
2022-05-06,27,24,5.0
2022-01-03,27,25,5.5
2022-04-14,27,23,6.0
2021-04-05,27,26,1.0
2021-11-30,27,25,4.5
2022-05-23,27,23,5.5
2022-09-29,27,22,6.0
2022-03-15,27,25,4.5
2021-03-02,27,27,
2021-05-12,27,26,4.0
2022-08-30,27,21,5.0
2022-09-28,27,21,5.5
2022-05-20,27,23,6.0
2022-04-20,27,23,5.5
2022-05-03,27,22,2.0
2022-04-19,27,24,6.0
2022-07-25,27,21,5.0
2022-01-18,27,25,3.5
2022-08-18,26,20,3.0
2022-07-19,26,20,4.5
2022-10-27,26,20,3.5
2022-05-31,26,21,4.0
2022-04-11,26,23,5.0
2022-07-26,26,21,4.0
2022-06-22,26,21,5.0
2022-11-23,26,17,5.0
2022-05-11,26,21,4.0
2022-04-04,26,23,5.0
2022-10-13,26,20,4.5
2022-08-23,26,22,5.0
2022-06-27,26,22,5.5
2022-04-08,26,22,2.5
2022-09-15,26,20,4.0
2022-07-15,26,20,4.5
2022-08-05,26,21,5.0
2022-09-09,26,20,5.5
2022-05-16,26,22,3.5
2022-06-15,26,20,4.0
2022-09-14,26,20,4.5
2022-11-04,26,19,5.0
2022-07-22,26,20,5.5
2022-09-27,26,21,5.0
2022-12-01,26,17,5.0
2022-07-01,26,20,6.0
2022-08-19,26,21,5.0
2022-10-24,26,20,4.0
2022-04-26,26,22,4.0
2022-10-19,26,21,6.0
2022-05-09,26,22,4.0
2022-07-28,26,20,4.5
2022-07-21,26,21,5.0
2022-03-30,26,23,1.0
2022-09-30,26,20,3.0
2022-06-06,26,22,3.5
2022-05-02,26,22,3.0
2022-05-12,26,21,3.0
2022-04-25,26,22,5.0
2022-10-17,26,19,4.0
2022-08-10,26,19,5.0
2022-04-22,26,22,4.5
2022-04-12,26,22,5.0
2022-10-05,26,20,4.5
2022-03-21,26,24,3.0
2022-04-18,26,22,4.0
2022-07-18,26,20,5.0
2022-10-26,26,22,5.5
2022-05-27,26,22,2.5
2022-06-07,26,23,4.0
2022-12-16,25,18,5.0
2022-06-14,25,20,2.0
2022-05-17,25,22,3.0
2022-12-12,25,18,5.0
2022-08-04,25,21,4.0
2022-04-28,25,22,4.0
2022-08-25,25,20,4.0
2022-09-13,25,22,4.0
2022-06-10,25,21,4.5
2022-04-05,25,22,4.0
2022-09-08,25,21,4.0
2022-05-24,25,23,3.0
2022-10-12,25,19,4.5
2022-10-31,25,19,5.5
2022-10-20,25,20,1.0
2022-11-29,25,19,6.0
2022-06-23,25,22,6.0
2022-06-30,25,20,4.0
2022-08-15,25,22,4.0
2022-10-11,25,21,4.5
2022-07-06,25,21,3.5
2022-10-04,25,19,4.5
2022-06-29,25,20,5.0
2022-07-12,25,19,5.0
2022-08-12,25,21,5.0
2022-06-02,25,24,6.0
2022-09-20,25,19,4.0
2022-09-07,25,20,4.0
2022-09-22,25,19,3.5
2022-12-02,25,18,4.0
2022-08-03,25,19,5.0
2022-06-08,25,23,3.5
2022-07-14,25,21,5.0
2022-11-18,25,19,4.0
2022-08-08,25,21,4.5
2022-08-24,25,22,6.0
2022-04-06,25,22,2.0
2022-04-01,25,23,2.0
2022-07-27,25,20,4.0
2022-10-14,25,22,4.0
2022-07-29,25,19,4.0
2022-04-07,25,22,2.0
2022-06-17,25,21,4.5
2022-07-13,25,21,5.0
2022-09-16,25,21,5.5
2022-06-24,25,23,5.5
2022-08-26,25,20,4.0
2022-11-22,25,18,2.0
2022-10-21,25,19,3.0
2022-10-06,25,19,3.0
2022-09-06,25,22,6.0
2022-11-01,24,19,5.0
2022-12-08,24,17,5.0
2023-05-05,24,17,6.0
2022-08-22,24,21,5.0
2022-09-01,24,21,5.0
2022-09-19,24,19,2.0
2022-11-21,24,19,4.0
2022-10-10,24,21,5.0
2022-07-08,24,21,5.0
2023-05-04,24,17,4.0
2022-09-02,24,20,3.5
2022-10-28,24,19,5.0
2022-10-25,24,19,2.0
2022-11-16,24,20,4.5
2022-12-20,24,18,5.5
2022-07-07,24,21,5.0
2022-10-03,24,20,5.0
2022-07-20,24,19,4.0
2022-12-23,24,18,5.5
2022-11-14,24,18,4.0
2022-09-26,24,19,5.0
2022-12-05,24,18,5.0
2022-07-11,24,22,5.0
2022-11-11,24,19,2.0
2022-04-21,24,23,3.0
2022-04-27,24,23,6.0
2022-11-28,24,19,6.0
2022-11-07,24,19,5.0
2022-08-02,24,20,5.0
2022-06-16,24,21,4.0
2022-06-21,24,21,2.0
2022-05-10,24,22,4.0
2023-05-01,24,16,5.5
2022-08-01,24,20,4.0
2022-12-15,24,18,4.5
2022-08-17,24,20,2.5
2022-06-13,24,22,5.0
2022-07-05,24,19,5.0
2022-12-14,23,17,4.5
2022-11-02,23,20,5.0
2023-03-28,23,17,5.5
2022-11-25,23,18,2.0
2022-08-29,23,20,2.0
2022-11-30,23,17,3.5
2023-05-15,23,16,5.0
2022-12-27,23,18,5.0
2022-12-21,23,18,6.0
2022-09-12,23,22,3.0
2022-11-17,23,19,2.5
2022-06-28,23,20,2.0
2022-12-07,23,17,3.5
2022-08-11,23,20,2.0
2022-11-09,23,18,4.0
2022-12-22,23,18,5.0
2023-04-12,23,16,4.0
2023-04-03,23,17,6.0
2023-04-26,23,16,6.0
2022-09-23,23,21,4.0
2022-11-03,23,20,6.0
2022-12-06,23,17,4.5
2023-04-06,22,17,4.0
2022-12-19,22,18,4.5
2023-03-21,22,17,5.0
2023-04-28,22,18,6.0
2023-03-30,22,18,5.5
2022-11-15,22,18,3.5
2020-10-14,22,15,6.0
2020-03-12,22,12,6.0
2023-04-11,22,16,5.0
2022-11-10,22,18,3.5
2023-04-17,22,18,5.5
2023-04-13,22,18,6.0
2023-03-02,22,15,6.0
2022-11-08,22,19,5.0
2023-03-31,22,17,6.0
2023-04-04,22,16,4.5
2023-03-22,22,18,5.5
2023-04-14,22,18,6.0
2023-03-27,22,17,5.0
2023-05-02,22,17,5.0
2023-04-21,22,17,5.0
2023-02-16,22,16,6.0
2023-03-24,22,17,6.0
2022-12-09,22,18,5.5
2023-05-10,21,16,5.0
2023-04-18,21,18,5.0
2023-01-19,21,17,4.5
2023-04-27,21,16,2.0
2023-07-11,21,13,6.0
2020-07-01,21,14,6.0
2023-03-29,21,16,4.0
2023-02-09,21,17,6.0
2023-03-09,21,15,6.0
2022-12-28,21,18,6.0
2020-06-29,21,15,6.0
2023-02-17,21,16,5.0
2023-05-11,21,17,5.0
2023-03-23,21,17,5.5
2023-01-11,21,16,6.0
2023-03-17,21,17,5.5
2020-03-09,21,12,6.0
2023-04-24,21,17,4.0
2023-01-10,21,16,4.0
2023-03-16,21,17,5.0
2022-12-13,21,18,4.0
2023-05-03,21,18,6.0
2023-03-14,21,17,6.0
2023-03-08,20,16,6.0
2023-01-18,20,16,6.0
2020-10-21,20,15,5.0
2023-01-23,20,15,4.0
2023-01-24,20,16,5.0
2023-06-05,20,14,6.0
2023-06-06,20,14,5.5
2023-04-05,20,17,5.0
2023-04-25,20,16,3.0
2020-10-16,20,15,4.0
2020-10-05,20,14,6.0
2023-02-21,20,15,6.0
2023-04-20,20,16,4.0
2023-02-22,20,15,5.0
2023-01-27,20,16,5.5
2023-04-10,20,18,4.0
2020-12-11,20,15,5.0
2023-03-20,20,16,2.5
2023-01-20,20,17,6.0
2023-01-04,20,15,4.0
2023-04-19,20,17,6.0
2023-03-03,20,16,4.0
2020-11-20,20,15,6.0
2023-06-02,20,14,6.0
2023-02-14,20,17,5.0
2023-05-31,20,14,5.5
2023-01-13,20,15,2.0
2023-05-08,20,17,6.0
2023-01-05,20,16,5.5
2023-05-18,20,14,5.5
2020-10-20,20,16,6.0
2023-01-06,20,15,6.0
2023-05-12,20,17,3.0
2022-12-29,20,18,3.5
2019-10-14,19,9,5.0
2020-10-29,19,15,5.0
2023-07-06,19,15,5.0
2020-10-27,19,15,4.5
2023-01-26,19,17,6.0
2023-01-31,19,15,3.5
2023-02-27,19,15,6.0
2023-06-07,19,15,5.5
2020-11-09,19,15,6.0
2020-10-13,19,15,5.5
2023-07-05,19,14,5.0
2023-06-09,19,16,6.0
2023-03-15,19,17,4.0
2020-10-26,19,15,5.5
2020-11-25,19,16,4.0
2022-12-30,19,18,2.0
2020-12-18,19,15,5.5
2020-11-03,19,15,5.0
2023-08-22,19,14,6.0
2023-01-03,19,15,2.5
2023-02-07,19,16,6.0
2023-02-23,19,15,4.5
2023-02-06,19,16,5.0
2023-02-28,19,16,6.0
2023-02-15,19,15,3.5
2023-02-03,19,17,6.0
2020-07-30,19,14,6.0
2023-03-13,19,16,3.0
2023-02-13,19,17,5.5
2023-01-17,19,17,6.0
2020-12-09,19,15,5.0
2020-12-07,19,15,6.0
2023-05-09,19,17,3.0
2020-10-23,19,15,3.5
2023-01-25,19,15,3.5
2020-11-19,19,15,4.5
2023-02-02,19,15,3.5
2023-10-05,19,13,6.0
2023-06-21,19,14,3.0
2023-03-01,19,16,6.0
2023-06-22,19,15,6.0
2023-02-01,19,15,4.0
2020-11-10,19,15,6.0
2023-08-09,19,15,6.0
2020-10-15,19,15,5.5
2023-05-19,19,14,6.0
2023-03-06,19,16,3.0
2020-08-14,19,14,5.0
2023-11-10,19,12,3.0
2023-02-08,19,16,5.0
2020-11-16,18,15,5.0
2020-10-12,18,15,4.0
2020-08-19,18,14,3.0
2020-11-04,18,15,4.0
2020-11-11,18,16,6.0
2020-11-30,18,15,5.0
2020-11-05,18,15,5.0
2020-01-10,18,13,5.0
2020-10-30,18,15,5.0
2020-11-12,18,15,6.0
2020-11-18,18,15,4.0
2020-11-02,18,15,5.0
2023-08-24,18,14,4.0
2020-09-28,18,14,5.5
2020-11-13,18,15,5.0
2023-05-24,18,15,4.0
2020-06-30,18,15,5.0
2023-06-20,18,14,5.5
2020-10-06,18,14,6.0
2023-06-30,18,15,4.0
2023-07-07,18,14,3.5
2020-07-29,18,14,6.0
2023-08-10,18,14,6.0
2020-12-10,18,15,5.0
2020-10-08,18,14,5.5
2023-06-01,18,14,3.5
2023-06-14,18,14,4.0
2020-10-19,18,15,4.0
2020-12-15,18,15,5.0
2020-07-17,18,14,5.5
2023-11-27,18,13,6.0
2020-01-16,18,12,5.5
2023-05-30,18,15,5.0
2023-06-28,18,14,3.5
2023-01-09,18,15,4.0
2020-10-28,18,15,5.0
2020-11-06,18,16,3.5
2023-01-12,18,17,3.0
2020-12-08,18,15,4.0
2020-10-22,18,15,6.0
2023-10-31,18,12,5.5
2023-06-23,18,14,2.5
2023-08-17,18,15,6.0
2020-12-23,18,14,6.0
2020-05-22,18,13,5.0
2020-01-02,18,13,5.0
2020-08-06,18,14,5.0
2020-12-14,18,15,6.0
2020-12-03,18,15,5.0
2023-11-15,18,12,5.5
2023-07-21,18,14,5.0
2023-03-07,18,16,3.5
2019-07-24,18,9,6.0
2020-08-21,18,14,4.5
2020-10-02,18,14,5.5
2023-05-23,18,14,4.5
2020-11-24,18,15,6.0
2020-03-16,18,12,6.0
2020-08-26,18,14,6.0
2023-07-26,18,13,6.0
2020-06-25,18,13,5.0
2023-05-26,18,15,5.0
2020-12-02,18,15,5.0
2020-09-29,18,14,5.5
2023-06-13,18,14,4.5
2023-02-24,18,16,3.5
2023-06-15,18,14,6.0
2023-05-16,18,14,4.5
2023-10-06,18,13,6.0
2020-11-17,17,15,4.0
2023-09-22,17,13,5.0
2020-09-01,17,14,5.0
2020-11-23,17,15,5.0
2023-06-12,17,14,6.0
2020-04-29,17,13,5.5
2020-09-24,17,14,4.0
2020-04-16,17,12,5.0
2023-08-02,17,13,3.5
2020-12-22,17,14,5.0
2020-08-28,17,14,6.0
2023-09-05,17,13,5.0
2020-08-27,17,14,5.0
2018-12-13,17,8,6.0
2020-07-10,17,14,6.0
2019-10-21,17,9,6.0
2019-11-11,17,11,5.0
2020-09-17,17,14,6.0
2020-12-28,17,14,6.0
2020-04-30,17,13,5.5
2023-07-13,17,13,5.0
2023-07-10,17,14,4.0
2020-09-14,17,14,6.0
2023-09-15,17,13,4.0
2023-11-13,17,13,6.0
2020-12-16,17,15,4.0
2020-04-07,17,13,6.0
2023-08-23,17,13,4.0
2023-06-08,17,15,3.5
2019-12-05,17,10,4.0
2020-09-04,17,14,6.0
2020-08-11,17,15,5.0
2020-07-24,17,14,5.0
2023-06-29,17,14,3.0
2020-04-01,17,12,6.0
2020-01-13,17,14,6.0
2020-12-24,17,14,3.0
2023-05-25,17,15,3.0
2020-08-05,17,14,5.0
2020-06-02,17,13,6.0
2020-08-18,17,14,5.0
2023-02-10,17,16,1.0
2020-09-09,17,14,5.0
2020-09-25,17,14,5.0
2020-12-17,17,15,4.0
2023-05-22,17,14,5.0
2020-08-17,17,14,6.0
2020-08-04,17,14,5.0
2023-07-17,17,13,4.0
2019-11-15,17,10,5.0
2019-11-08,17,10,5.0
2020-07-16,17,14,6.0
2020-06-22,17,13,6.0
2020-12-01,17,15,5.5
2020-07-28,17,14,6.0
2020-05-21,17,13,5.0
2023-06-27,17,15,5.5
2023-07-19,17,14,4.0
2020-11-27,17,16,3.0
2023-10-11,17,13,6.0
2023-03-10,17,15,2.0
2020-09-10,17,14,5.0
2020-10-07,17,14,6.0
2023-07-28,17,13,4.0
2020-05-19,17,14,6.0
2019-07-26,17,9,5.0
2020-05-12,17,13,4.5
2020-05-01,17,13,5.0
2020-12-31,17,14,6.0
2023-10-16,17,12,4.0
2020-04-03,17,12,5.0
2020-07-09,17,14,6.0
2023-01-30,17,17,
2023-09-25,17,12,5.0
2020-02-07,17,13,5.5
2020-01-15,17,12,6.0
2023-06-26,17,14,5.0
2020-06-17,17,13,4.0
2020-07-20,17,14,4.0
2020-09-02,17,14,5.0
2023-10-10,17,12,6.0
2023-09-07,17,12,6.0
2020-06-26,17,13,5.5
2020-08-31,17,14,4.0
2023-09-13,17,12,3.0
2020-12-04,17,15,6.0
2023-07-14,17,14,6.0
2023-08-28,17,15,3.5
2020-02-06,17,12,4.0
2020-09-30,17,14,4.0
2023-11-16,17,12,6.0
2020-02-19,17,12,5.0
2020-09-21,17,14,5.0
2023-08-14,17,14,6.0
2020-04-27,17,13,5.5
2020-08-24,17,15,6.0
2023-09-08,17,12,6.0
2020-07-08,17,14,3.0
2023-10-13,17,14,5.0
2020-06-09,17,13,5.0
2020-06-23,17,13,5.5
2023-08-08,17,14,6.0
2023-09-18,17,13,5.0
2023-05-17,17,14,5.0
2023-10-03,17,13,5.0
2023-06-16,17,15,5.5
2020-08-25,17,14,5.0
2023-11-20,17,12,6.0
2020-03-03,16,12,6.0
2023-10-30,16,13,6.0
2023-08-18,16,13,2.0
2023-12-06,16,13,6.0
2020-07-07,16,14,4.0
2019-07-25,16,9,6.0
2019-08-22,16,9,5.0
2019-11-25,16,10,5.0
2023-09-20,16,13,6.0
2019-10-03,16,9,5.0
2020-06-08,16,14,6.0
2023-09-12,16,12,5.0
2020-01-09,16,13,5.0
2020-01-07,16,13,6.0
2023-08-03,16,13,3.0
2020-06-18,16,13,5.0
2020-07-15,16,14,4.0
2020-01-14,16,12,4.5
2020-05-04,16,13,5.0
2019-07-05,16,9,5.0
2020-12-21,16,15,5.0
2023-08-29,16,14,4.0
2023-08-31,16,12,4.0
2020-01-24,16,12,5.0
2023-09-28,16,13,6.0
2023-10-19,16,13,5.0
2023-07-18,16,14,4.0
2023-10-27,16,14,5.5
2019-10-04,16,9,4.0
2019-08-15,16,9,6.0
2020-01-21,16,12,6.0
2019-03-20,16,9,6.0
2023-07-12,16,13,3.0
2023-08-16,16,14,3.5
2023-09-14,16,13,5.0
2019-11-05,16,10,5.5
2020-04-22,16,12,4.5
2020-05-15,16,13,5.0
2020-08-07,16,14,3.0
2023-08-01,16,14,4.5
2020-08-10,16,14,3.0
2020-04-08,16,12,5.5
2023-07-31,16,14,4.0
2020-09-23,16,14,4.5
2020-05-26,16,14,5.5
2020-01-17,16,12,4.0
2020-07-02,16,14,6.0
2023-09-29,16,12,4.5
2019-11-06,16,10,6.0
2019-08-21,16,9,5.0
2020-01-22,16,12,5.5
2020-07-21,16,14,5.0
2023-09-26,16,12,5.5
2020-04-15,16,12,5.5
2019-10-23,16,9,5.0
2020-08-13,16,14,5.0
2020-12-29,16,14,6.0
2020-04-24,16,12,5.5
2020-09-08,16,14,4.0
2020-06-01,16,13,6.0
2020-05-06,16,13,5.0
2019-08-16,16,9,5.0
2023-12-26,16,11,4.0
2020-06-16,16,13,5.0
2019-10-25,16,9,6.0
2020-01-23,16,12,4.5
2023-08-04,16,14,3.0
2020-02-14,16,12,5.0
2023-08-30,16,12,4.5
2020-06-04,16,14,4.5
2019-08-06,16,9,6.0
2023-11-01,16,13,6.0
2023-09-06,16,13,6.0
2019-02-28,16,10,5.5
2020-09-15,16,14,3.5
2020-07-31,16,14,5.5
2023-09-11,16,12,4.0
2020-02-20,16,12,5.0
2023-11-22,16,14,4.5
2023-10-09,16,13,6.0
2020-06-03,16,13,6.0
2019-09-26,16,9,5.0
2023-12-11,16,12,4.0
2020-09-16,16,14,3.0
2020-10-01,16,14,4.5
2023-12-19,16,11,6.0
2023-07-24,16,14,4.5
2019-11-26,16,10,5.0
2023-11-02,16,13,6.0
2023-08-11,16,14,3.5
2019-09-09,16,9,6.0
2020-07-06,16,14,6.0
2020-05-08,16,13,6.0
2019-10-15,16,9,6.0
2020-03-13,16,12,6.0
2020-08-12,16,14,6.0
2019-07-30,16,9,6.0
2019-11-19,16,10,4.5
2023-12-27,16,11,5.0
2023-10-12,16,13,5.0
2023-10-17,16,12,3.5
2023-07-03,16,15,3.0
2020-09-18,16,14,6.0
2020-09-11,16,14,5.0
2020-07-27,16,14,6.0
2020-01-06,16,13,6.0
2019-09-11,16,9,6.0
2018-11-07,16,8,6.0
2023-11-03,16,13,6.0
2023-09-27,16,14,4.0
2023-07-25,16,13,2.0
2020-09-22,16,14,3.5
2020-07-14,16,14,4.5
2023-07-27,16,14,5.0
2023-10-25,16,12,2.5
2023-10-02,16,12,4.5
2020-10-09,16,14,3.5
2020-08-20,16,14,3.0
2020-06-12,16,13,6.0
2019-03-22,16,9,6.0
2023-11-07,16,12,3.5
2023-10-04,16,13,4.0
2020-12-30,16,14,6.0
2020-05-28,16,13,5.0
2019-09-27,16,9,5.0
2019-10-22,15,9,4.0
2019-07-31,15,9,5.5
2020-04-28,15,13,4.5
2020-02-11,15,12,3.0
2019-08-28,15,9,4.0
2023-10-26,15,13,3.0
2023-12-05,15,12,4.0
2019-11-14,15,10,5.0
2023-12-28,15,11,3.5
2020-03-27,15,13,6.0
2019-08-02,15,9,5.5
2019-11-20,15,11,5.0
2020-05-20,15,13,2.5
2023-11-30,15,12,3.0
2020-07-22,15,14,5.0
2023-11-29,15,12,6.0
2023-10-20,15,12,1.0
2023-11-14,15,12,3.0
2023-08-07,15,13,2.0
2023-11-08,15,14,5.0
2023-11-28,15,12,3.0
2020-05-05,15,13,5.5
2020-04-14,15,12,6.0
2019-11-07,15,11,5.5
2019-10-24,15,9,5.0
2023-12-22,15,11,4.5
2020-05-14,15,13,3.0
2019-08-27,15,9,6.0
2019-05-07,15,8,6.0
2020-04-02,15,12,6.0
2019-09-30,15,9,5.0
2023-10-24,15,12,2.0
2019-10-08,15,9,3.5
2019-10-09,15,9,5.0
2020-01-08,15,13,5.0
2019-04-08,15,8,6.0
2019-12-04,15,10,5.0
2019-11-01,15,10,6.0
2020-01-28,15,12,6.0
2020-06-11,15,13,4.0
2020-04-06,15,12,6.0
2020-01-29,15,12,4.0
2023-08-21,15,13,1.0
2019-03-14,15,9,6.0
2020-06-19,15,13,4.0
2023-09-01,15,12,3.0
2020-03-24,15,12,6.0
2020-05-13,15,13,3.0
2023-10-18,15,12,1.0
2019-11-18,15,10,5.0
2023-12-20,15,11,5.5
2020-03-26,15,12,4.0
2023-12-21,15,11,5.0
2023-12-15,15,12,6.0
2023-11-17,15,13,5.0
2019-10-17,15,9,4.5
2018-11-06,15,8,6.0
2020-06-24,15,13,4.0
2019-10-11,15,9,5.5
2020-05-27,15,13,3.5
2020-05-11,15,14,6.0
2019-03-13,15,9,5.0
2020-03-04,15,12,5.0
2019-07-01,15,9,6.0
2020-08-03,15,14,4.0
2019-08-26,15,9,5.0
2023-12-07,15,13,4.0
2019-07-08,15,9,6.0
2020-01-31,15,12,5.0
2020-04-17,15,12,5.0
2020-03-06,15,12,5.0
2019-08-19,15,9,5.0
2020-07-13,15,14,6.0
2023-08-25,15,14,3.0
2020-03-20,15,12,5.0
2020-02-21,15,12,6.0
2019-08-12,15,10,6.0
2020-06-10,15,13,3.0
2019-11-13,15,10,4.0
2023-08-15,15,14,1.0
2023-12-08,15,12,3.0
2020-02-10,15,12,4.0
2019-12-30,15,10,6.0
2020-02-26,15,12,6.0
2018-11-19,15,8,6.0
2020-07-23,15,14,6.0
2023-12-14,15,12,3.0
2020-02-13,15,12,6.0
2019-09-06,15,9,5.0
2020-05-29,15,13,4.5
2020-09-03,15,14,3.0
2019-10-18,15,10,5.0
2019-11-27,15,11,5.0
2023-07-20,15,14,1.0
2023-11-09,15,12,3.0
2020-06-15,15,13,4.0
2020-02-25,15,12,6.0
2019-07-12,15,9,5.0
2019-09-25,15,9,6.0
2023-11-21,15,12,3.0
2019-09-19,14,9,5.0
2019-08-07,14,9,6.0
2020-05-07,14,14,
2019-11-21,14,10,3.5
2019-08-09,14,9,5.0
2023-10-23,14,12,1.0
2019-09-20,14,9,5.0
2019-02-15,14,9,6.0
2019-10-28,14,9,4.0
2020-03-10,14,12,4.0
2019-09-24,14,9,6.0
2020-02-05,14,13,6.0
2019-07-16,14,10,6.0
2019-12-03,14,10,4.5
2020-03-11,14,12,5.0
2019-07-29,14,9,4.0
2020-01-30,14,12,4.0
2019-11-22,14,10,5.5
2019-04-30,14,8,5.5
2020-03-19,14,12,4.5
2023-12-01,14,12,3.5
2019-07-02,14,9,5.0
2020-06-05,14,13,1.0
2020-03-30,14,12,3.0
2019-12-27,14,10,5.5
2019-07-09,14,9,4.0
2019-05-10,14,8,5.0
2023-09-21,14,12,3.0
2019-05-23,14,8,6.0
2023-12-12,14,12,2.5
2019-09-18,14,9,6.0
2020-03-05,14,12,3.5
2019-08-20,14,9,6.0
2019-02-27,14,9,5.0
2019-10-07,14,9,3.0
2019-08-01,14,9,5.0
2019-06-19,14,8,5.0
2019-12-10,14,10,4.5
2019-07-19,14,9,5.0
2020-03-25,14,12,4.0
2019-07-22,14,9,5.0
2020-01-03,14,13,5.0
2019-07-11,14,9,6.0
2019-10-10,14,9,4.0
2019-10-01,14,9,5.0
2019-01-14,14,8,5.0
2019-06-27,14,8,6.0
2019-03-19,14,9,6.0
2019-02-14,14,9,6.0
2019-08-05,14,9,6.0
2019-09-12,14,9,6.0
2019-12-17,14,10,5.5
2023-11-06,14,13,1.0
2018-09-14,14,6,5.0
2020-01-27,14,12,4.5
2019-11-12,14,10,4.5
2019-09-10,14,9,5.0
2019-03-21,14,9,5.0
2019-05-03,14,8,5.5
2023-12-13,14,12,5.5
2020-04-21,14,12,3.5
2019-12-06,14,10,5.0
2020-03-02,14,12,5.0
2020-02-27,14,12,5.5
2019-12-13,14,10,5.5
2020-02-18,14,12,5.5
2020-02-04,14,12,3.0
2020-03-17,14,12,5.0
2020-02-12,14,12,5.5
2023-11-24,14,12,1.0
2016-10-28,14,2,5.0
2019-11-29,14,11,2.0
2023-12-04,14,12,2.5
2019-10-31,14,9,4.0
2019-10-30,14,9,5.0
2020-05-18,14,14,
2023-09-19,14,13,1.0
2019-01-23,13,8,5.0
2019-08-30,13,9,4.5
2018-11-16,13,8,6.0
2019-07-10,13,9,4.5
2020-04-23,13,12,6.0
2019-04-10,13,8,6.0
2018-11-14,13,8,6.0
2019-01-11,13,8,6.0
2019-06-04,13,8,6.0
2019-04-15,13,8,6.0
2019-07-18,13,9,4.5
2019-01-18,13,8,6.0
2019-11-04,13,10,5.0
2019-04-18,13,9,6.0
2019-03-05,13,9,5.0
2018-10-31,13,7,6.0
2019-12-18,13,10,6.0
2019-09-17,13,9,4.5
2018-12-28,13,8,6.0
2019-03-25,13,9,5.0
2018-12-11,13,8,5.0
2019-05-30,13,8,5.0
2019-07-23,13,10,5.0
2019-12-20,13,10,5.0
2019-02-12,13,9,6.0
2019-07-15,13,9,4.0
2020-03-23,13,12,3.0
2019-04-26,13,9,4.5
2019-05-13,13,8,5.0
2019-10-02,13,9,4.5
2019-07-17,13,9,5.5
2019-05-06,13,8,5.0
2019-08-29,13,9,4.0
2019-06-24,13,8,5.0
2019-06-06,13,8,5.0
2017-03-24,13,3,6.0
2019-12-24,13,10,3.0
2018-11-26,13,8,6.0
2019-04-22,13,8,6.0
2018-11-27,13,8,5.0
2019-01-04,13,8,5.0
2020-02-03,13,12,3.0
2019-12-16,13,10,5.0
2019-04-05,13,8,6.0
2019-08-23,13,9,5.5
2019-03-27,13,9,4.5
2019-01-03,13,8,6.0
2020-03-18,13,12,5.0
2019-01-29,13,8,5.0
2019-12-09,13,10,6.0
2020-04-13,13,12,2.0
2018-09-27,13,6,6.0
2020-04-09,13,12,1.0
2019-04-17,13,8,6.0
2019-02-08,13,9,4.5
2019-09-23,13,9,4.0
2019-10-16,13,9,4.5
2020-03-31,13,12,5.0
2018-11-13,13,8,5.0
2019-12-19,13,10,5.0
2020-04-20,13,12,2.0
2019-05-16,13,8,3.0
2019-03-26,13,9,4.5
2019-01-25,13,8,5.0
2019-06-18,13,8,6.0
2019-05-15,13,8,5.0
2019-05-01,13,8,5.0
2018-12-07,13,8,5.0
2019-12-23,13,10,6.0
2016-02-18,13,2,5.0
2019-04-01,13,9,5.0
2019-01-15,13,8,6.0
2019-09-13,13,9,5.0
2018-11-09,13,8,6.0
2018-12-14,13,8,6.0
2020-02-28,13,12,4.0
2019-05-20,13,8,5.0
2019-04-24,13,8,5.0
2019-05-28,13,8,5.0
2023-12-29,13,11,3.0
2019-06-12,13,8,5.0
2019-05-17,13,9,4.5
2023-12-18,13,11,4.0
2019-12-12,13,10,5.0
2019-09-16,13,9,6.0
2016-02-19,12,1,4.0
2019-03-11,12,9,4.0
2018-11-08,12,8,6.0
2019-01-16,12,8,5.0
2019-06-14,12,8,5.0
2019-05-09,12,8,4.0
2019-06-17,12,9,6.0
2019-04-16,12,9,6.0
2018-08-30,12,6,6.0
2017-04-07,12,3,5.0
2019-03-18,12,9,3.0
2019-04-23,12,8,4.0
2018-08-28,12,5,6.0
2019-05-24,12,8,5.0
2016-04-08,12,1,6.0
2019-05-08,12,8,4.0
2017-07-28,12,3,5.0
2018-11-28,12,8,5.0
2019-04-09,12,8,3.5
2019-06-21,12,8,4.0
2018-12-04,12,8,5.5
2019-08-14,12,9,6.0
2018-11-29,12,8,5.0
2018-12-18,12,8,5.5
2019-02-26,12,9,5.0
2019-06-28,12,8,5.5
2019-09-03,12,9,5.0
2019-01-28,12,8,6.0
2019-03-06,12,9,3.0
2016-10-20,12,2,5.0
2018-12-12,12,8,4.5
2019-01-10,12,8,5.5
2019-04-29,12,8,5.5
2020-02-24,12,12,
2017-01-27,12,2,5.0
2016-09-30,12,2,5.0
2019-12-31,12,10,3.5
2016-09-20,12,3,6.0
2019-01-09,12,8,5.5
2018-11-21,12,8,6.0
2016-05-23,12,3,5.0
2019-06-20,12,8,3.5
2019-09-05,12,9,5.0
2016-05-12,12,1,5.0
2018-11-30,12,8,5.0
2018-09-13,12,7,5.0
2019-04-25,12,8,5.5
2016-10-05,12,2,5.0
2016-12-29,12,2,5.0
2019-01-07,12,8,4.5
2016-09-28,12,2,5.0
2019-03-12,12,9,6.0
2019-05-31,12,8,4.0
2019-09-04,12,9,6.0
2016-10-07,12,2,3.5
2019-06-11,12,8,4.5
2017-04-06,12,3,5.0
2016-09-21,12,3,6.0
2019-10-29,12,10,5.5
2019-12-02,12,10,2.5
2019-02-07,12,8,6.0
2016-02-12,12,1,5.0
2019-08-08,12,9,6.0
2016-09-16,12,3,6.0
2019-05-14,12,8,5.0
2019-12-26,12,10,6.0
2019-03-15,12,9,3.0
2018-11-15,12,8,5.0
2019-07-03,12,9,3.0
2018-12-03,12,8,4.0
2019-04-04,12,8,4.5
2019-02-13,12,9,5.0
2019-05-21,12,8,3.5
2019-01-24,12,8,4.0
2016-09-15,12,4,5.5
2018-12-21,12,8,4.5
2019-04-02,12,8,4.5
2019-05-29,12,8,4.5
2018-12-27,12,8,4.5
2019-03-28,12,9,3.0
2018-10-15,12,6,5.5
2019-06-10,12,8,6.0
2018-11-12,12,8,6.0
2019-06-03,11,8,4.0
2016-10-14,11,2,3.0
2018-12-19,11,8,5.0
2019-01-17,11,8,5.0
2016-05-04,11,2,6.0
2024-06-18,11,4,6.0
2017-04-04,11,3,4.0
2016-11-07,11,2,6.0
2016-02-10,11,1,3.5
2017-09-26,11,4,5.0
2019-05-02,11,8,6.0
2019-02-21,11,9,3.5
2018-08-08,11,5,5.5
2019-02-19,11,9,3.5
2018-11-02,11,7,5.0
2019-02-25,11,10,6.0
2016-02-11,11,1,5.0
2017-03-31,11,3,5.5
2017-11-21,11,3,5.5
2019-03-08,11,9,4.5
2019-06-25,11,8,6.0
2019-02-11,11,9,4.0
2016-11-04,11,2,4.0
2017-03-27,11,3,5.0
2016-05-09,11,2,6.0
2019-03-04,11,9,3.0
2018-09-25,11,6,5.0
2019-05-22,11,8,5.0
2016-05-13,11,1,3.0
2019-06-07,11,8,5.0
2019-02-01,11,9,5.5
2016-10-06,11,3,4.5
2017-05-22,11,3,6.0
2019-04-11,11,8,3.0
2016-11-01,11,2,4.0
2016-06-01,11,1,3.5
2018-11-01,11,8,6.0
2019-12-11,11,10,4.0
2019-08-13,11,9,2.0
2016-05-25,11,1,4.5
2019-01-30,11,8,5.0
2019-04-03,11,8,6.0
2019-02-05,11,8,6.0
2016-02-01,11,1,3.0
2017-03-28,11,4,4.0
2019-02-04,11,8,6.0
2016-10-26,11,2,3.0
2016-10-19,11,2,5.0
2019-03-29,11,9,4.5
2018-08-09,11,4,5.0
2016-01-06,11,1,5.5
2018-12-10,11,8,5.0
2018-09-19,11,6,5.0
2016-11-03,11,2,4.0
2019-06-13,11,8,5.0
2016-12-27,11,2,5.0
2018-07-31,11,4,6.0
2018-08-22,11,4,5.0
2019-06-26,11,8,5.0
2019-01-08,11,8,5.0
2016-01-26,11,0,4.0
2018-12-20,11,8,6.0
2018-07-30,11,4,6.0
2016-05-11,11,2,5.0
2017-03-06,11,3,6.0
2019-03-01,11,9,3.0
2019-01-22,11,8,6.0
2018-08-29,11,5,5.5
2018-12-26,11,8,5.0
2018-12-17,11,8,5.0
2016-07-18,11,1,4.5
2016-09-14,11,4,4.0
2016-06-30,11,1,6.0
2019-02-06,11,8,6.0
2018-09-10,11,5,5.5
2018-10-16,11,6,6.0
2017-03-15,11,3,5.5
2017-03-07,11,3,4.5
2019-02-22,11,9,4.5
2017-04-03,11,3,5.5
2019-04-12,11,8,5.0
2016-05-02,10,1,5.0
2017-10-02,10,4,6.0
2018-09-18,10,6,6.0
2018-08-10,10,4,5.0
2018-09-20,10,6,5.0
2017-09-28,10,5,6.0
2018-08-07,10,4,5.5
2016-10-24,10,2,3.5
2018-07-13,10,4,5.5
2016-06-22,10,2,3.5
2016-01-27,10,0,3.5
2016-05-18,10,1,5.0
2018-11-20,10,8,4.0
2017-09-20,10,4,6.0
2016-09-19,10,2,3.5
2016-02-16,10,3,5.0
2017-03-23,10,3,4.0
2019-06-05,10,9,1.0
2016-10-17,10,2,4.0
2026-08-31,10,3,5.0
2017-10-20,10,3,5.0
2016-10-10,10,2,4.0
2017-01-20,10,2,5.5
2017-05-11,10,3,6.0
2018-10-03,10,6,6.0
2019-03-07,10,9,2.0
2018-12-31,10,8,5.5
2017-10-04,10,4,5.0
2016-12-02,10,2,5.0
2018-12-24,10,8,2.0
2018-09-21,10,6,5.5
2026-08-12,10,1,4.0
2016-12-15,10,2,4.0
2018-09-11,10,5,5.0
2017-03-22,10,3,3.0
2018-03-06,10,2,5.5
2016-11-18,10,2,4.5
2018-10-08,10,6,6.0
2017-10-11,10,4,4.5
2016-09-29,10,2,4.0
2018-09-12,10,6,5.0
2016-05-17,10,1,4.0
2016-06-03,10,1,5.0
2016-07-19,10,1,5.0
2016-07-21,10,2,3.5
2016-03-14,10,0,4.5
2016-09-27,10,3,5.0
2018-09-17,10,6,5.0
2017-12-07,10,3,5.0
2017-08-22,10,3,5.0
2018-10-26,10,6,5.5
2025-08-27,10,2,5.0
2016-03-29,10,1,6.0
2019-02-20,10,9,5.0
2018-09-26,10,6,4.5
2017-05-12,10,3,5.0
2018-12-06,10,8,4.5
2017-01-12,10,2,5.5
2016-07-26,10,2,6.0
2017-09-22,10,4,5.5
2016-07-25,10,1,5.0
2017-10-17,10,4,5.0
2016-09-23,10,3,5.0
2016-06-17,10,1,6.0
2026-08-24,10,3,5.0
2018-09-07,10,6,5.5
2016-12-07,10,2,3.5
2017-07-05,10,3,5.0
2017-04-12,10,3,6.0
2017-04-21,10,4,5.0
2016-04-27,10,0,5.0
2017-10-12,10,4,5.0
2016-02-24,10,1,5.0
2017-03-08,10,3,4.0
2016-01-25,10,1,5.0
2018-11-05,10,8,4.5
2016-02-23,10,0,4.5
2018-08-02,10,4,5.0
2017-02-28,10,3,5.0
2016-10-04,10,2,5.0
2017-08-02,10,3,5.0
2016-11-22,10,3,4.0
2016-12-23,10,2,4.5
2017-03-17,10,3,5.0
2018-10-19,10,6,3.5
2017-09-29,10,4,5.5
2016-04-26,10,1,4.0
2018-10-02,10,6,5.5
2016-02-25,10,1,3.0
2016-06-09,10,1,5.0
2018-08-31,10,5,5.0
2016-10-21,10,3,3.0
2019-01-31,10,8,4.0
2019-01-02,10,8,4.0
2017-07-17,10,3,5.0
2016-10-18,10,4,4.5
2016-08-19,10,1,4.0
2018-09-05,10,5,5.0
2018-09-24,10,6,5.0
2026-08-25,10,3,5.0
2017-01-31,10,2,6.0
2016-01-05,10,2,5.5
2018-10-18,10,6,6.0
2018-10-04,10,6,6.0
2016-11-15,10,2,4.0
2018-11-23,10,8,2.5
2016-10-12,10,3,5.0
2018-08-17,10,4,5.0
2018-10-22,10,6,6.0
2018-10-01,10,6,6.0
2017-09-21,9,4,5.0
2017-03-03,9,4,5.0
2017-11-22,9,3,6.0
2017-08-04,9,3,6.0
2018-08-16,9,4,5.0
2016-12-08,9,2,4.0
2018-08-23,9,6,5.0
2017-02-07,9,2,6.0
2024-07-29,9,3,5.5
2017-02-02,9,2,6.0
2017-04-25,9,3,5.5
2016-09-22,9,2,4.0
2018-08-06,9,4,6.0
2017-06-26,9,3,5.0
2017-02-01,9,2,5.0
2016-06-23,9,2,3.0
2025-08-08,9,2,6.0
2016-01-14,9,1,4.0
2016-11-02,9,2,3.0
2018-07-26,9,4,6.0
2016-03-28,9,2,4.0
2024-12-26,9,1,6.0
2025-08-20,9,1,4.5
2016-05-16,9,1,4.5
2024-02-13,9,3,6.0
2016-05-27,9,2,2.0
2018-06-19,9,3,6.0
2018-07-27,9,4,6.0
2016-10-25,9,2,5.0
2016-02-03,9,1,4.5
2017-08-09,9,3,6.0
2016-12-20,9,2,4.0
2016-04-15,9,1,6.0
2016-08-23,9,1,3.5
2024-01-19,9,4,5.0
2024-01-25,9,4,5.0
2025-10-08,9,1,5.0
2016-05-06,9,2,3.0
2017-07-07,9,4,6.0
2025-12-15,9,1,5.5
2018-08-27,9,5,5.5
2016-11-21,9,2,4.0
2017-07-26,9,4,5.0
2016-01-29,9,2,3.0
2026-08-19,9,1,4.5
2016-09-26,9,2,3.0
2016-11-29,9,2,6.0
2017-03-13,9,3,5.0
2018-07-20,9,4,6.0
2017-10-05,9,4,5.0
2017-07-14,9,4,6.0
2026-08-14,9,2,4.0
2016-11-08,9,2,5.0
2016-03-09,9,1,4.0
2017-02-03,9,2,6.0
2017-01-19,9,2,6.0
2017-09-06,9,4,6.0
2017-12-20,9,3,5.0
2017-12-22,9,3,4.5
2018-08-24,9,5,5.5
2016-08-11,9,1,4.5
2017-04-24,9,3,6.0
2017-10-16,9,4,6.0
2024-02-08,9,4,6.0
2017-10-18,9,4,4.0
2017-10-10,9,4,6.0
2017-02-22,9,2,5.0
2016-05-10,9,1,4.0
2016-04-04,9,1,4.0
2018-07-23,9,4,6.0
2024-03-21,9,4,4.0
2025-08-28,9,1,3.0
2017-08-17,9,3,6.0
2016-01-11,9,0,5.0
2026-02-25,9,1,5.0
2017-01-05,9,2,4.0
2017-11-02,9,3,4.5
2025-11-11,9,2,6.0
2017-10-19,9,4,5.0
2018-10-05,9,6,4.0
2016-12-28,9,2,4.0
2016-07-27,9,1,4.0
2016-05-05,9,1,2.0
2016-11-09,9,2,5.0
2017-02-16,9,2,5.0
2018-10-11,9,6,4.0
2026-07-09,9,1,5.0
2016-03-24,9,0,5.0
2017-08-24,9,3,5.5
2017-01-30,9,2,4.0
2016-09-08,9,2,1.0
2016-06-21,9,1,3.0
2016-07-15,9,1,4.5
2017-12-29,9,3,5.0
2017-10-24,9,3,6.0
2018-08-03,9,5,4.5
2017-03-16,9,3,3.5
2017-08-18,9,3,5.0
2018-09-28,9,6,4.0
2016-12-06,9,2,5.0
2017-07-10,9,3,5.5
2026-08-20,9,3,3.0
2016-11-16,9,3,4.5
2017-02-24,9,2,5.0
2016-02-02,9,0,4.0
2016-02-22,9,0,3.0
2017-06-28,9,3,6.0
2024-07-17,9,3,6.0
2016-07-28,9,1,3.0
2024-11-22,9,2,5.0
2018-10-25,9,6,2.0
2017-09-07,9,4,5.0
2016-04-06,9,0,3.0
2016-05-24,9,1,3.0
2017-09-25,9,4,5.0
2016-12-22,9,2,4.0
2017-10-23,9,3,5.5
2016-05-20,9,1,3.5
2016-01-21,9,0,3.0
2025-12-04,9,3,5.0
2017-09-13,9,4,6.0
2024-01-26,9,4,5.0
2016-07-01,9,1,4.5
2016-08-31,9,1,4.5
2017-12-04,9,3,4.5
2026-08-27,9,2,4.0
2026-09-18,9,0,4.0
2017-08-14,9,3,5.5
2017-04-10,9,3,5.5
2018-10-09,9,6,4.0
2017-03-29,9,3,4.0
2024-01-04,9,3,4.5
2024-06-26,9,4,6.0
2016-02-17,9,1,5.0
2016-08-12,9,1,3.0
2016-10-27,9,2,3.0
2026-09-02,9,2,3.0
2017-10-06,9,4,5.0
2018-10-24,9,6,4.0
2017-05-23,9,3,4.5
2016-03-10,9,0,4.0
2017-07-12,9,4,5.0
2026-09-09,9,4,4.0
2017-08-11,9,3,5.0
2016-11-17,9,2,4.0
2018-10-17,9,6,3.0
2017-03-14,9,3,5.0
2016-05-26,9,2,4.0
2016-01-13,9,0,4.0
2017-07-20,9,3,4.0
2024-06-07,9,3,5.5
2018-08-14,9,4,5.0
2025-10-13,9,2,5.0
2018-08-21,9,5,5.5
2016-09-13,9,2,2.0
2017-02-06,9,2,5.0
2017-10-09,9,4,5.0
2024-10-11,9,1,5.0
2016-11-10,9,2,5.0
2026-09-16,9,0,3.0
2016-06-13,9,2,5.0
2016-07-22,9,1,2.5
2017-09-19,9,4,4.0
2016-03-23,9,2,4.0
2017-09-18,9,4,5.0
2018-09-06,9,6,5.0
2016-01-28,9,1,4.5
2016-08-26,9,1,6.0
2016-08-29,9,1,5.0
2018-04-12,9,2,6.0
2016-06-08,9,1,4.5
2016-08-18,8,2,4.5
2017-01-09,8,2,4.0
2024-05-10,8,4,6.0
2025-04-22,8,0,5.5
2017-05-03,8,3,5.0
2025-08-22,8,1,5.0
2017-11-14,8,3,6.0
2026-09-10,8,1,2.0
2017-08-07,8,3,5.0
2017-09-15,8,4,5.5
2026-01-22,8,1,6.0
2026-07-23,8,2,6.0
2018-07-17,8,4,6.0
2018-09-04,8,5,6.0
2025-10-22,8,1,3.0
2025-08-26,8,1,4.0
2025-10-29,8,2,5.5
2017-06-14,8,4,5.0
2017-01-26,8,3,6.0
2018-07-24,8,4,6.0
2026-04-02,8,1,4.0
2017-02-21,8,2,4.5
2017-06-22,8,4,6.0
2018-10-29,8,6,2.0
2017-01-25,8,2,5.5
2017-02-14,8,2,5.5
2017-10-25,8,3,6.0
2017-08-21,8,3,6.0
2026-09-15,8,3,3.0
2017-07-11,8,4,5.5
2018-06-11,8,3,5.0
2024-07-23,8,3,6.0
2024-10-15,8,2,5.5
2016-06-06,8,2,3.5
2018-01-08,8,3,5.0
2024-06-28,8,3,6.0
2017-04-26,8,3,6.0
2018-06-28,8,3,5.0
2024-01-30,8,3,6.0
2026-08-28,8,1,2.0
2017-06-06,8,3,5.0
2017-06-05,8,3,6.0
2017-07-13,8,4,5.5
2026-07-07,8,0,3.0
2016-10-11,8,3,4.0
2016-06-24,8,2,5.0
2016-08-16,8,1,6.0
2026-09-01,8,3,6.0
2017-01-17,8,2,5.5
2026-07-14,8,1,3.0
2024-10-30,8,1,5.0
2017-08-28,8,3,6.0
2024-12-11,8,3,6.0
2026-08-13,8,2,2.5
2016-10-13,8,2,2.0
2025-08-29,8,1,4.0
2025-08-06,8,2,6.0
2026-06-29,8,1,6.0
2016-09-01,8,2,5.5
2024-01-24,8,3,5.0
2017-09-12,8,4,5.5
2017-06-08,8,3,6.0
2016-12-30,8,2,3.5
2016-06-28,8,1,3.0
2024-05-09,8,4,6.0
2018-08-01,8,4,6.0
2017-02-09,8,2,3.0
2016-02-05,8,1,2.0
2026-07-13,8,1,4.0
2017-10-13,8,4,4.5
2024-07-15,8,3,6.0
2017-11-01,8,3,5.0
2016-04-14,8,0,3.0
2016-09-12,8,3,4.0
2018-07-12,8,4,5.0
2025-09-11,8,1,6.0
2016-02-29,8,1,3.0
2016-04-05,8,1,2.0
2016-01-20,8,0,4.5
2024-02-16,8,3,6.0
2018-05-08,8,2,6.0
2017-08-15,8,3,6.0
2026-08-06,8,2,4.0
2024-08-13,8,3,5.0
2024-04-25,8,4,6.0
2017-02-27,8,3,4.0
2017-10-31,8,3,6.0
2016-08-04,8,2,3.5
2016-07-07,8,1,4.0
2017-05-15,8,3,6.0
2017-03-02,8,3,3.0
2024-10-24,8,2,6.0
2024-07-19,8,3,6.0
2024-08-06,8,2,6.0
2018-05-16,8,2,6.0
2024-02-27,8,4,6.0
2016-06-27,8,1,4.0
2026-07-30,8,1,3.0
2016-09-09,8,2,3.0
2017-03-01,8,3,4.0
2017-01-18,8,2,5.0
2024-09-25,8,3,5.0
2025-09-17,8,0,4.5
2016-11-23,8,2,4.5
2017-08-23,8,3,5.0
2024-07-31,8,3,6.0
2017-12-19,8,3,6.0
2016-10-03,8,2,3.5
2018-04-03,8,2,5.0
2018-10-12,8,6,4.0
2025-11-14,8,2,6.0
2016-01-12,8,0,3.0
2024-02-06,8,4,6.0
2017-10-27,8,3,5.0
2017-05-26,8,3,5.0
2016-01-04,8,0,4.0
2026-03-12,8,0,4.5
2025-01-17,8,1,4.0
2017-09-27,8,4,5.0
2026-02-10,8,2,5.5
2024-01-11,8,4,5.5
2016-10-31,8,2,4.5
2017-01-11,8,2,5.5
2017-06-16,8,4,5.0
2017-06-20,8,4,6.0
2024-05-01,8,4,6.0
2017-08-31,8,3,6.0
2017-12-11,8,3,6.0
2016-04-13,8,0,3.5
2017-10-26,8,3,4.0
2017-10-03,8,5,5.0
2016-04-01,8,1,2.0
2018-10-10,8,6,4.5
2016-02-04,8,1,3.0
2024-03-15,8,3,6.0
2016-04-28,8,0,3.5
2016-03-15,8,1,4.0
2016-12-14,8,2,4.0
2017-03-30,8,3,5.0
2016-12-19,8,2,5.0
2025-10-14,8,3,5.0
2026-09-11,8,2,4.0
2016-03-21,8,1,4.0
2026-08-21,8,2,3.0
2016-03-03,8,1,5.0
2017-07-27,8,3,5.0
2024-03-26,8,4,5.5
2017-05-30,8,3,6.0
2017-07-19,8,4,4.5
2024-10-14,8,1,4.0
2026-08-26,8,1,4.0
2016-01-19,8,0,4.5
2026-09-03,8,2,3.5
2016-07-14,8,2,5.5
2026-06-26,8,1,5.0
2017-08-08,8,3,5.0
2017-10-30,8,3,5.0
2017-01-04,8,2,4.5
2026-07-27,8,2,6.0
2017-03-21,8,3,5.0
2017-05-25,8,3,6.0
2017-04-19,8,3,6.0
2025-11-25,8,2,6.0
2017-12-27,8,3,6.0
2024-07-26,8,3,6.0
2016-07-13,8,1,5.0
2017-11-03,8,3,4.0
2016-04-07,8,1,4.0
2016-12-13,8,2,4.5
2016-08-08,8,2,4.0
2017-12-08,8,3,5.0
2016-04-11,8,1,3.0
2018-07-25,8,4,6.0
2024-07-18,8,3,6.0
2024-08-30,8,3,6.0
2016-11-14,8,2,5.5
2018-03-14,8,2,6.0
2017-03-20,8,3,5.0
2016-09-06,8,1,3.0
2017-09-01,8,4,4.5
2018-10-23,8,6,4.5
2016-05-31,8,1,4.0
2016-08-05,8,1,3.0
2025-12-12,8,2,5.5
2018-03-27,8,2,5.0
2016-08-17,8,2,3.5
2016-05-19,8,1,3.0
2026-09-08,8,1,4.0
2017-12-28,8,3,6.0
2024-09-20,8,3,6.0
2024-02-28,8,3,5.0
2024-06-06,8,4,6.0
2016-04-20,8,0,4.5
2025-10-06,8,1,3.0
2025-05-19,8,0,5.5
2016-05-03,8,1,2.0
2016-07-05,8,1,4.0
2017-01-03,8,2,5.0
2017-05-10,8,4,6.0
2018-07-19,8,4,5.5
2026-08-10,8,1,5.0
2016-02-08,8,0,4.5
2016-02-09,8,0,3.5
2016-06-16,8,2,2.5
2017-03-10,8,3,5.0
2016-07-11,8,1,5.0
2017-12-18,8,3,6.0
2018-10-30,8,6,4.0
2016-11-30,7,2,5.0
2024-09-13,7,2,6.0
2025-09-23,7,1,5.5
2017-12-06,7,3,6.0
2017-04-11,7,3,5.0
2018-01-23,7,2,6.0
2017-04-17,7,3,6.0
2025-12-30,7,1,5.0
2026-07-29,7,3,4.5
2024-06-17,7,4,5.0
2024-05-31,7,4,6.0
2016-08-25,7,2,3.0
2016-02-26,7,1,3.5
2025-11-19,7,3,5.5
2018-07-02,7,3,4.5
2017-02-15,7,2,4.0
2017-06-09,7,3,5.0
2025-07-18,7,0,3.0
2016-07-06,7,1,3.0
2026-04-14,7,2,4.0
2024-09-18,7,3,6.0
2016-04-29,7,0,5.0
2016-12-12,7,2,3.0
2026-04-10,7,2,5.0
2025-12-11,7,1,4.0
2026-08-05,7,1,5.0
2016-03-11,7,1,4.5
2024-03-01,7,3,5.5
2016-03-01,7,1,2.5
2017-07-18,7,3,5.5
2024-04-26,7,4,6.0
2024-11-05,7,2,5.0
2025-12-23,7,2,4.0
2018-06-12,7,3,6.0
2024-05-24,7,4,6.0
2016-01-22,7,0,2.0
2025-05-15,7,0,6.0
2017-07-06,7,3,5.0
2025-12-08,7,0,5.0
2024-02-14,7,4,6.0
2024-03-20,7,3,5.5
2024-02-05,7,4,6.0
2017-12-21,7,3,5.0
2016-04-12,7,0,4.0
2017-04-05,7,3,4.0
2024-10-08,7,3,5.5
2016-07-20,7,2,3.0
2016-03-22,7,1,3.5
2026-04-09,7,2,5.0
2024-05-13,7,4,6.0
2024-01-02,7,4,6.0
2024-09-16,7,2,6.0
2025-12-05,7,1,3.5
2026-08-07,7,2,3.0
2024-12-10,7,1,4.5
2024-09-12,7,3,4.0
2024-03-04,7,3,6.0
2024-12-16,7,1,6.0
2017-11-30,7,3,4.5
2016-04-25,7,0,3.0
2018-05-31,7,3,6.0
2024-11-04,7,2,6.0
2016-06-10,7,2,3.0
2025-10-07,7,2,6.0
2016-04-19,7,0,4.0
2017-12-12,7,3,5.5
2024-05-08,7,4,6.0
2025-11-24,7,1,3.5
2024-04-24,7,4,5.0
2024-01-22,7,3,6.0
2024-08-09,7,3,6.0
2026-09-17,7,2,3.0
2024-08-22,7,3,5.0
2018-06-25,7,3,6.0
2016-08-09,7,1,2.5
2017-05-09,7,3,5.0
2026-01-20,7,1,5.5
2017-05-17,7,3,6.0
2026-02-27,7,1,4.5
2026-07-20,7,1,4.5
2017-12-14,7,3,5.5
2018-04-06,7,2,6.0
2017-05-31,7,3,6.0
2025-09-26,7,2,4.0
2018-08-13,7,4,5.0
2017-04-13,7,3,5.5
2026-01-21,7,2,6.0
2026-03-18,7,3,4.0
2025-12-09,7,1,3.5
2016-06-02,7,1,3.0
2016-08-10,7,1,3.5
2017-06-30,7,3,6.0
2026-09-04,7,2,2.0
2018-07-18,7,4,6.0
2025-09-09,7,1,4.5
2016-03-07,7,1,3.0
2024-06-13,7,4,6.0
2016-01-07,7,0,4.0
2025-05-16,7,0,6.0
2018-07-06,7,3,6.0
2026-04-29,7,1,4.0
2018-05-11,7,2,6.0
2017-11-07,7,3,5.0
2024-09-27,7,3,6.0
2016-04-22,7,1,4.0
2024-02-09,7,4,6.0
2024-01-29,7,3,4.0
2017-01-24,7,2,5.0
2016-12-05,7,2,4.0
2026-03-13,7,2,5.0
2026-06-02,7,1,5.0
2018-02-22,7,3,5.0
2024-12-18,7,1,5.5
2017-08-16,7,3,5.5
2016-04-21,7,1,2.5
2025-09-22,7,1,3.5
2026-03-17,7,2,4.0
2026-08-18,7,1,4.0
2024-11-19,7,1,5.0
2018-05-22,7,3,6.0
2018-01-19,7,2,6.0
2024-02-29,7,4,6.0
2016-06-07,7,2,5.0
2017-11-29,7,3,5.0
2018-02-28,7,2,6.0
2017-11-08,7,3,5.5
2017-07-25,7,3,2.5
2024-04-01,7,4,6.0
2024-03-07,7,4,6.0
2026-07-08,7,1,3.5
2026-07-22,7,1,4.5
2017-11-06,7,3,6.0
2026-04-27,7,2,4.0
2017-08-01,7,3,5.5
2016-06-14,7,2,5.0
2024-06-27,7,4,5.0
2024-04-23,7,4,6.0
2017-07-21,7,3,3.5
2017-02-17,7,2,4.0
2026-05-07,7,1,4.5
2018-07-10,7,3,6.0
2026-07-16,7,2,5.0
2017-12-26,7,3,4.0
2024-04-19,7,4,6.0
2016-08-24,7,1,4.0
2026-09-14,7,1,2.5
2025-08-05,7,1,4.5
2018-03-20,7,2,6.0
2017-11-10,7,3,5.5
2017-04-20,7,3,4.5
2017-04-27,7,3,4.5
2025-09-04,7,1,4.0
2018-01-10,7,3,4.5
2016-07-12,7,1,3.5
2018-01-09,7,3,4.5
2025-10-23,7,2,5.0
2017-05-08,7,3,5.5
2025-12-26,7,2,4.0
2016-12-09,7,2,6.0
2016-06-15,7,3,3.5
2025-12-02,7,1,5.0
2024-07-10,7,2,6.0
2017-09-14,7,4,4.0
2018-04-25,7,2,6.0
2024-02-07,7,3,4.5
2025-11-26,7,3,5.0
2026-03-03,7,1,4.5
2026-03-20,7,2,2.0
2024-08-19,7,3,6.0
2024-10-25,7,3,6.0
2024-06-03,7,3,4.5
2017-01-10,7,2,5.0
2026-02-12,7,2,4.0
2018-06-26,7,3,6.0
2018-04-17,7,2,6.0
2017-11-28,7,3,5.5
2024-08-14,7,3,6.0
2017-11-27,7,3,5.5
2025-12-22,7,1,3.5
2024-09-09,7,3,6.0
2024-08-12,7,2,6.0
2018-05-04,7,2,6.0
2017-11-24,7,3,3.0
2025-12-18,7,2,6.0
2025-09-08,7,1,4.5
2016-08-30,7,1,2.0
2026-06-30,7,1,4.0
2024-04-30,7,4,5.0
2018-08-20,7,5,6.0
2016-03-17,7,1,3.5
2026-07-15,7,2,5.0
2025-10-21,7,1,5.0
2017-08-03,7,3,4.5
2018-04-04,7,2,5.0
2024-02-23,7,4,6.0
2025-09-30,7,2,4.0
2026-07-31,7,1,3.5
2018-05-07,7,2,6.0
2024-01-23,7,4,6.0
2026-03-31,7,2,6.0
2017-03-09,7,3,4.0
2016-06-29,7,1,5.0
2016-01-08,7,1,4.5
2024-08-26,7,3,6.0
2017-12-01,7,3,5.0
2024-12-27,7,1,4.5
2018-04-13,7,2,5.0
2016-12-01,7,2,4.0
2024-09-11,7,3,6.0
2016-08-22,7,1,4.5
2017-09-05,7,4,5.0
2024-06-25,7,3,5.0
2016-12-21,7,2,4.0
2025-02-05,7,1,6.0
2025-03-20,7,2,5.0
2017-06-12,7,3,4.0
2026-04-01,7,2,6.0
2024-01-18,7,3,4.5
2018-03-02,7,2,6.0
2017-08-30,7,3,4.5
2016-07-29,7,2,3.0
2016-03-02,7,1,4.0
2017-04-18,7,3,6.0
2016-08-03,7,1,2.5
2026-02-02,7,2,5.0
2016-09-02,7,2,4.0
2024-10-09,7,3,4.5
2017-11-20,7,3,4.0
2025-12-31,7,1,3.5
2024-03-18,7,3,6.0
2024-05-03,7,4,5.0
2017-11-16,7,3,5.0
2017-01-06,7,2,4.0
2016-03-16,7,1,4.5
2026-05-06,7,1,3.0
2017-04-28,7,3,3.5
2017-05-19,7,3,6.0
2025-09-29,7,1,4.0
2016-11-28,7,2,4.0
2026-08-17,7,1,2.5
2026-07-17,7,1,4.0
2025-10-15,7,2,4.0
2017-09-08,7,4,5.0
2018-06-20,7,3,5.5
2016-09-07,7,3,2.5
2017-08-25,7,3,4.5
2024-02-12,7,4,6.0
2024-08-20,7,3,5.5
2026-04-06,7,2,3.0
2016-01-15,7,0,3.0
2018-01-12,7,3,5.5
2026-07-24,7,2,4.0
2025-08-11,6,1,4.0
2025-03-27,6,0,4.0
2024-07-01,6,3,6.0
2024-02-26,6,3,5.0
2026-06-18,6,1,4.0
2026-02-13,6,2,2.5
2018-02-14,6,2,6.0
2025-10-27,6,1,3.0
2026-02-04,6,1,5.0
2026-01-07,6,1,4.0
2024-01-16,6,4,5.0
2018-02-01,6,2,6.0
2018-02-08,6,2,6.0
2025-06-05,6,0,5.5
2018-06-08,6,3,6.0
2017-01-13,6,2,4.5
2024-10-10,6,1,5.0
2024-12-04,6,2,5.5
2016-03-04,6,1,4.0
2018-06-07,6,3,6.0
2018-02-21,6,2,5.5
2025-03-10,6,1,5.0
2025-08-25,6,1,3.0
2025-07-24,6,0,3.5
2018-03-29,6,2,5.5
2026-03-23,6,1,4.0
2018-02-27,6,2,5.5
2026-05-01,6,1,4.0
2024-10-31,6,3,6.0
2026-05-19,6,1,4.0
2016-03-30,6,1,2.0
2024-04-09,6,4,5.5
2025-10-31,6,1,2.0
2026-01-16,6,2,4.5
2024-06-24,6,4,6.0
2018-02-13,6,2,6.0
2025-02-12,6,1,5.0
2025-08-13,6,1,4.0
2017-12-05,6,3,6.0
2025-08-19,6,1,3.0
2024-09-19,6,2,4.5
2025-11-12,6,0,2.0
2017-06-23,6,3,4.0
2024-11-12,6,3,6.0
2018-04-24,6,2,5.5
2018-02-09,6,2,6.0
2024-02-22,6,4,5.0
2025-09-15,6,1,5.0
2026-01-27,6,1,5.0
2017-05-02,6,3,2.0
2025-08-01,6,2,4.5
2024-01-31,6,4,5.5
2025-09-18,6,1,5.0
2026-04-07,6,2,4.0
2026-02-17,6,2,4.0
2017-06-07,6,3,5.0
2018-01-04,6,3,6.0
2025-07-17,6,0,5.0
2016-04-18,6,0,3.0
2024-08-07,6,3,5.0
2024-08-27,6,2,5.5
2026-03-02,6,1,5.0
2026-04-08,6,1,4.0
2017-12-13,6,3,5.0
2026-04-23,6,3,6.0
2018-01-31,6,2,6.0
2026-02-23,6,1,6.0
2025-10-24,6,2,4.5
2025-02-24,6,1,5.0
2025-11-13,6,1,3.0
2024-05-22,6,3,6.0
2025-09-12,6,0,2.5
2026-02-09,6,2,4.0
2018-01-02,6,3,5.0
2026-02-19,6,1,5.0
2017-08-10,6,3,4.0
2017-07-31,6,3,4.0
2026-05-05,6,2,5.5
2026-03-27,6,1,2.0
2018-01-29,6,2,5.0
2026-03-05,6,1,4.0
2025-08-21,6,1,3.0
2016-03-08,6,0,2.5
2018-06-06,6,2,6.0
2017-06-15,6,3,5.0
2026-03-26,6,2,4.5
2018-01-03,6,3,4.0
2018-06-27,6,3,5.0
2018-08-15,6,4,5.5
2024-10-23,6,2,5.5
2025-09-05,6,1,2.0
2026-07-28,6,1,4.0
2025-12-24,6,2,2.5
2026-05-08,6,1,4.0
2025-03-21,6,1,5.0
2025-02-11,6,2,5.5
2026-08-03,6,0,2.5
2025-04-16,6,1,6.0
2026-05-18,6,1,4.0
2024-05-28,6,3,5.0
2025-05-22,6,0,5.5
2017-05-18,6,3,5.0
2025-02-06,6,1,6.0
2024-04-29,6,4,5.5
2025-07-15,6,2,5.5
2025-10-10,6,1,4.0
2018-04-30,6,2,6.0
2024-07-08,6,3,5.0
2024-12-13,6,2,6.0
2026-01-29,6,2,5.5
2024-02-20,6,3,6.0
2024-01-03,6,3,4.0
2024-03-19,6,3,6.0
2017-02-08,6,2,4.5
2026-05-04,6,2,5.0
2016-03-18,6,1,5.0
2018-06-14,6,3,6.0
2017-11-13,6,3,5.0
2016-03-31,6,2,4.0
2018-06-21,6,3,6.0
2024-06-05,6,3,6.0
2024-03-14,6,4,6.0
2024-01-09,6,3,5.0
2018-03-16,6,2,5.5
2026-08-11,6,2,4.0
2017-06-21,6,3,6.0
2024-02-02,6,4,6.0
2024-04-10,6,3,5.0
2026-01-30,6,1,3.0
2018-04-05,6,2,5.0
2018-04-18,6,2,5.5
2026-08-04,6,1,2.0
2026-04-20,6,1,3.0
2025-01-16,6,1,6.0
2018-07-16,6,4,6.0
2025-09-03,6,1,4.0
2025-07-21,6,0,4.5
2025-10-28,6,1,3.0
2024-08-23,6,3,5.0
2024-09-26,6,3,6.0
2024-03-08,6,4,5.0
2025-09-10,6,1,5.0
2017-05-01,6,3,6.0
2024-06-10,6,4,6.0
2018-06-29,6,3,4.0
2024-04-18,6,3,6.0
2018-03-07,6,2,6.0
2026-02-24,6,1,2.0
2026-01-15,6,1,3.0
2025-06-11,6,0,5.0
2017-05-04,6,3,6.0
2025-08-18,6,1,5.0
2024-03-25,6,3,3.0
2024-08-08,6,3,6.0
2025-09-19,6,1,6.0
2017-06-13,6,3,3.0
2025-08-07,6,2,3.5
2025-07-22,6,1,5.0
2026-04-13,6,1,4.0
2024-09-10,6,3,5.0
2024-05-30,6,4,5.5
2026-06-15,6,1,4.0
2024-08-15,6,3,6.0
2024-06-20,6,4,6.0
2018-03-23,6,2,5.5
2026-03-06,6,2,4.0
2026-03-09,6,1,5.0
2018-02-23,6,2,6.0
2025-11-18,6,3,5.0
2025-12-03,6,1,5.0
2024-11-14,6,3,6.0
2024-04-11,6,4,6.0
2026-02-20,6,1,5.0
2026-07-02,6,1,5.0
2026-04-16,6,2,3.0
2017-11-15,6,3,4.0
2017-05-24,6,3,6.0
2026-04-17,6,1,3.0
2025-08-04,6,1,5.0
2025-05-23,6,0,4.5
2025-10-16,6,2,3.5
2026-02-05,6,2,5.0
2016-11-11,6,2,3.5
2018-03-15,6,2,5.5
2025-09-25,6,2,2.5
2025-09-16,6,1,5.0
2026-04-21,6,1,2.0
2024-07-12,6,2,5.0
2026-02-26,6,2,4.0
2024-09-23,6,3,5.0
2026-04-24,6,1,2.0
2026-03-10,6,2,3.5
2024-09-04,6,3,5.0
2025-03-07,6,3,6.0
2017-08-29,6,3,5.0
2024-10-03,6,3,6.0
2017-02-23,6,2,5.0
2018-04-09,6,2,5.5
2024-07-05,6,3,6.0
2025-03-12,6,2,6.0
2017-07-24,6,4,3.5
2025-10-17,6,1,3.0
2024-11-25,6,1,6.0
2017-02-10,6,2,4.0
2018-01-11,6,3,6.0
2024-05-29,6,4,5.5
2024-11-27,6,1,6.0
2024-09-06,6,3,6.0
2025-07-07,6,1,6.0
2024-08-21,6,2,5.0
2026-02-06,6,2,4.5
2025-10-20,6,1,5.0
2016-07-08,6,2,3.0
2025-08-15,6,1,4.0
2024-08-29,6,3,6.0
2025-03-28,6,0,4.5
2024-07-09,6,2,5.5
2026-01-23,6,3,6.0
2018-02-07,6,2,4.5
2017-09-11,6,4,5.0
2024-11-20,6,2,5.5
2017-12-15,6,3,5.0
2026-04-22,6,2,4.5
2018-02-15,6,2,6.0
2024-12-06,6,3,6.0
2024-05-23,6,4,4.5
2025-11-03,6,1,3.0
2017-05-16,6,3,6.0
2025-07-14,6,0,5.0
2024-06-21,6,4,5.5
2025-10-02,6,1,5.0
2024-04-02,6,4,5.0
2025-07-08,6,1,4.0
2024-10-18,6,3,6.0
2024-03-27,6,4,5.0
2017-01-23,6,2,5.5
2018-05-25,6,3,5.0
2024-01-08,6,3,5.0
2024-07-25,6,3,5.0
2017-07-03,6,3,3.0
2026-04-28,6,1,3.0
2025-02-19,6,1,6.0
2025-11-17,6,2,3.0
2024-08-28,6,3,6.0
2025-09-02,6,1,6.0
2026-06-22,6,0,4.5
2026-05-28,6,1,5.0
2025-05-28,6,0,4.5
2018-07-11,6,3,5.0
2025-05-14,6,0,5.5
2018-03-19,6,2,5.5
2024-10-21,6,2,5.0
2024-07-30,6,3,5.0
2024-01-17,6,3,6.0
2024-02-15,6,4,6.0
2025-11-21,6,1,4.0
2025-06-26,6,1,6.0
2017-06-19,6,3,6.0
2025-07-10,6,1,3.0
2017-11-09,6,3,5.0
2016-08-15,6,2,4.5
2026-07-10,6,2,3.5
2024-01-12,5,4,6.0
2025-12-10,5,1,3.0
2025-03-17,5,1,5.5
2024-03-12,5,4,6.0
2024-10-07,5,3,6.0
2025-07-25,5,1,3.0
2024-05-14,5,4,5.0
2025-05-05,5,0,6.0
2024-05-20,5,3,3.0
2024-03-06,5,3,3.0
2024-10-04,5,3,5.0
2026-01-13,5,1,5.0
2018-01-22,5,2,5.0
2025-11-28,5,2,2.0
2024-06-04,5,4,6.0
2025-10-30,5,1,3.5
2025-01-28,5,2,5.0
2025-05-01,5,1,5.0
2024-07-16,5,2,6.0
2026-05-11,5,1,4.5
2025-05-21,5,0,4.0
2018-03-12,5,2,6.0
2025-01-15,5,1,5.0
2025-02-26,5,1,3.5
2025-08-14,5,1,2.5
2018-02-02,5,2,6.0
2017-06-27,5,3,5.5
2018-01-26,5,2,6.0
2025-02-10,5,3,6.0
2024-03-11,5,4,6.0
2024-10-29,5,2,6.0
2025-06-16,5,2,6.0
2024-07-02,5,2,6.0
2024-04-08,5,4,6.0
2025-10-09,5,1,3.5
2026-01-12,5,1,2.5
2025-05-08,5,0,5.0
2025-12-29,5,2,4.0
2025-02-18,5,1,4.0
2026-03-30,5,2,2.0
2026-03-24,5,2,4.0
2018-06-05,5,2,6.0
2025-01-22,5,1,5.0
2026-05-27,5,1,4.5
2024-03-22,5,4,4.0
2018-04-27,5,2,6.0
2024-09-17,5,3,5.5
2017-06-02,5,3,4.0
2025-01-31,5,1,3.5
2026-04-15,5,1,2.5
2018-04-19,5,2,6.0
2025-05-12,5,0,6.0
2025-02-27,5,1,4.0
2024-04-17,5,4,6.0
2024-02-01,5,4,6.0
2018-04-26,5,2,5.0
2026-06-16,5,3,5.0
2026-06-08,5,1,4.5
2026-01-06,5,1,3.5
2025-12-01,5,1,4.0
2025-02-03,5,1,3.5
2026-04-30,5,2,3.0
2018-07-09,5,3,6.0
2025-11-05,5,1,3.0
2025-07-29,5,1,4.0
2024-05-02,5,4,6.0
2026-02-18,5,2,3.0
2026-06-24,5,1,3.0
2025-05-29,5,0,5.0
2018-05-29,5,2,5.0
2025-02-13,5,1,4.0
2026-06-17,5,1,4.0
2024-05-07,5,4,5.0
2024-12-19,5,1,4.0
2026-05-14,5,1,3.5
2026-01-08,5,1,3.0
2024-12-09,5,3,6.0
2018-03-09,5,2,6.0
2024-04-05,5,3,3.5
2024-08-05,5,2,6.0
2024-06-12,5,4,6.0
2026-05-12,5,1,3.0
2026-07-21,5,0,2.0
2018-01-30,5,2,5.0
2026-02-11,5,1,3.0
2016-08-02,5,1,3.0
2024-03-13,5,3,3.5
2018-03-26,5,2,2.0
2024-04-16,5,4,5.0
2024-02-21,5,4,6.0
2018-05-14,5,2,5.0
2026-01-05,5,2,5.0
2026-06-23,5,1,5.5
2016-06-20,5,1,2.0
2025-07-30,5,1,6.0
2016-12-16,5,2,5.0
2025-12-19,5,1,2.5
2024-06-11,5,4,6.0
2025-02-25,5,1,4.0
2017-02-13,5,2,3.0
2025-01-08,5,1,4.0
2025-06-10,5,0,4.0
2025-07-09,5,1,4.5
2024-07-22,5,3,5.0
2024-12-24,5,1,2.5
2024-01-05,5,3,4.0
2025-11-10,5,2,5.0
2018-01-17,5,3,5.0
2018-01-05,5,3,5.0
2025-02-20,5,2,6.0
2018-05-23,5,2,6.0
2025-07-28,5,1,4.0
2018-07-03,5,3,3.0
2026-03-04,5,2,3.0
2026-07-01,5,1,2.5
2024-12-23,5,1,3.5
2024-05-16,5,4,6.0
2026-05-13,5,2,4.0
2018-06-13,5,3,6.0
2026-07-06,5,0,2.0
2018-05-17,5,2,4.0
2018-03-13,5,2,6.0
2018-03-21,5,2,6.0
2025-03-11,5,1,3.5
2024-11-11,5,1,4.0
2018-03-05,5,2,6.0
2024-07-24,5,2,4.0
2018-05-10,5,2,5.0
2026-06-10,5,1,5.0
2025-07-16,5,1,5.5
2018-05-18,5,3,6.0
2025-04-17,5,2,4.0
2026-06-11,5,1,3.0
2025-11-06,5,2,4.0
2024-09-30,5,3,6.0
2026-01-09,5,1,2.5
2024-05-06,5,4,5.0
2016-11-25,5,3,2.0
2026-05-26,5,2,6.0
2024-03-28,5,3,2.5
2025-06-03,5,0,3.0
2024-10-22,5,2,5.0
2025-07-01,5,1,5.5
2025-03-14,5,1,4.0
2024-03-05,5,3,3.5
2025-08-12,5,1,3.5
2025-12-17,5,3,5.0
2025-11-07,5,2,5.0
2025-03-24,5,0,5.0
2018-04-11,5,2,6.0
2024-10-17,5,1,2.5
2026-05-29,5,1,4.0
2024-05-21,5,4,6.0
2024-11-21,5,1,3.5
2024-11-07,5,2,6.0
2026-01-28,5,2,5.0
2024-04-15,5,4,6.0
2018-05-01,5,2,6.0
2026-06-01,5,1,4.5
2026-01-02,5,2,6.0
2018-05-21,5,3,6.0
2017-06-01,5,3,4.0
2025-11-04,5,1,4.0
2018-06-22,5,3,6.0
2026-05-22,5,1,3.5
2024-11-13,5,2,6.0
2025-01-07,5,1,4.5
2018-04-20,5,2,5.0
2026-03-11,5,2,2.0
2024-12-12,5,2,6.0
2018-06-18,5,3,5.5
2025-07-23,5,0,3.0
2025-01-27,5,2,6.0
2025-02-28,5,1,4.5
2026-02-03,5,1,3.0
2018-06-15,5,3,4.5
2017-05-05,5,3,3.0
2026-06-04,5,2,6.0
2018-05-09,5,2,5.0
2025-01-02,5,1,3.0
2025-10-03,5,1,4.5
2024-04-22,5,4,6.0
2025-02-07,5,1,5.0
2025-05-20,5,0,5.0
2018-01-18,5,3,4.5
2024-10-28,5,3,5.0
2017-06-29,5,4,6.0
2024-09-24,5,2,6.0
2024-10-16,5,1,4.0
2025-01-10,5,1,4.5
2018-03-28,5,2,4.0
2026-03-16,5,1,2.5
2025-01-03,5,1,3.5
2025-03-26,5,0,4.0
2025-09-24,5,1,1.5
2024-06-14,5,4,5.0
2017-11-17,5,3,6.0
2025-06-25,4,1,5.0
2026-05-15,4,1,2.0
2024-11-15,4,3,6.0
2026-03-19,4,1,3.0
2024-12-03,4,3,6.0
2025-03-06,4,2,3.5
2025-04-30,4,0,4.5
2025-05-07,4,1,5.0
2025-04-24,4,0,4.0
2024-11-18,4,2,4.0
2026-06-12,4,1,5.0
2025-04-14,4,0,3.5
2024-05-15,4,4,
2024-12-20,4,1,1.0
2025-04-21,4,0,4.5
2024-08-01,4,3,6.0
2026-03-25,4,2,1.5
2025-02-14,4,1,3.0
2025-02-04,4,2,5.0
2024-04-04,4,4,
2025-03-18,4,1,3.0
2018-03-01,4,2,5.0
2026-05-21,4,1,2.0
2026-06-05,4,1,5.0
2025-03-13,4,2,3.5
2024-11-26,4,1,1.0
2018-03-22,4,2,5.0
2018-05-30,4,2,5.5
2018-04-23,4,2,6.0
2026-06-09,4,1,6.0
2025-05-30,4,0,3.5
2025-04-01,4,0,3.5
2026-01-14,4,1,1.0
2024-10-01,4,3,5.0
2025-07-02,4,0,3.0
2025-03-05,4,1,5.0
2018-01-24,4,2,5.0
2025-03-31,4,0,5.0
2024-11-06,4,1,4.0
2018-01-16,4,3,3.0
2024-04-03,4,4,
2025-05-27,4,0,4.0
2025-04-15,4,1,4.0
2025-04-28,4,1,3.0
2018-02-12,4,2,5.5
2018-06-04,4,2,6.0
2018-06-01,4,2,4.0
2026-06-03,4,2,3.5
2025-11-20,4,1,2.0
2025-06-02,4,0,3.5
2018-03-08,4,2,5.0
2024-11-01,4,2,3.5
2025-01-13,4,2,4.0
2018-02-06,4,2,6.0
2025-01-23,4,1,3.0
2016-08-01,4,1,3.0
2024-08-16,4,3,6.0
2025-06-12,4,0,2.5
2018-05-15,4,2,3.5
2025-02-21,4,2,3.0
2024-05-17,4,4,
2025-01-30,4,2,3.5
2025-06-09,4,0,2.5
2024-10-02,4,3,6.0
2025-01-14,4,2,5.5
2025-05-09,4,0,3.5
2024-01-10,4,3,2.0
2024-11-29,4,2,2.0
2025-04-02,4,0,3.5
2025-10-01,4,1,3.0
2018-02-16,4,2,5.0
2018-05-24,4,2,5.5
2025-03-19,4,1,3.0
2025-01-24,4,1,2.0
2025-06-27,4,0,3.5
2025-04-29,4,0,4.0
2025-05-02,4,1,6.0
2025-06-17,4,0,4.5
2018-04-16,4,2,4.0
2026-01-26,4,1,3.0
2018-04-02,4,2,4.5
2025-12-16,4,2,3.5
2018-02-20,4,2,6.0
2018-02-26,4,2,5.5
2026-05-20,4,1,4.0
2025-04-11,4,1,4.0
2024-04-12,4,4,
2026-06-25,4,1,4.0
2025-04-09,3,0,4.0
2025-03-04,3,1,1.0
2024-09-03,3,3,
2025-05-13,3,0,4.0
2024-12-02,3,1,3.0
2025-05-06,3,0,3.0
2025-01-21,3,1,1.0
2025-07-03,3,0,1.0
2025-04-04,3,0,4.0
2025-06-20,3,0,3.0
2025-04-07,3,0,6.0
2025-04-23,3,0,1.0
2024-12-17,3,1,2.5
2025-06-30,3,1,4.0
2018-04-10,3,2,5.0
2025-07-31,3,1,2.5
2024-12-05,3,2,2.0
2025-06-18,3,0,2.0
2018-01-25,3,2,5.0
2025-06-06,3,0,2.0
2025-03-03,3,3,
2025-07-11,3,0,2.0
2024-12-30,3,2,2.0
2025-06-23,3,1,5.0
2025-01-29,3,1,1.0
2018-02-05,3,2,6.0
2024-12-31,3,1,2.5
2024-08-02,3,3,
2025-04-10,3,0,3.0
2025-03-25,3,0,4.0
2024-09-05,3,3,
2024-07-11,3,2,3.0
2024-11-08,3,1,2.0
2025-06-04,3,1,2.5
2018-07-05,3,3,
2025-01-06,3,2,5.0
2024-07-03,3,2,1.0
2025-04-03,3,1,4.0
2025-04-25,3,0,4.0
2025-06-13,2,1,1.0
2025-04-08,2,0,2.0
2025-06-24,2,1,2.0
