symbol,boundary_reason,boundary_date,crosscheck_verdict,name_verdict,outcome,boundary_trim,near_identical,name_evidence,crosscheck_evidence
AIB,trading_gap,2026-03-17,unsettled,ambiguous,kept (ambiguous),0,false,"AIB->AIBAF 2024-05-09, but AIBAF was renamed again (AIBAF->PSIG 2024-07-19); its current name does not identify the company that left AIB","ingested 0.2472 vs all-adjusted 0.2472 over 2024-05-08..2026-03-17; both feeds break alike, and MS-US-1D is ticker-keyed like the ingested feed, so it cannot separate a re-use from a halt"
AIM,stale_run,2025-06-17,unsettled,ambiguous,kept (ambiguous),0,false,"AIM->AIMI 2025-04-07, but AIMI was renamed again (AIMI->AIMID 2025-06-12); its current name does not identify the company that left AIM; arrived from AIMID on 2025-06-17","ingested 106.9547 vs all-adjusted 107.0000 over 2025-04-04..2025-06-17; both feeds break alike, and MS-US-1D is ticker-keyed like the ingested feed, so it cannot separate a re-use from a halt"
HCAC,trading_gap,2026-01-27,unsettled,ambiguous,kept (ambiguous),0,false,"HCAC->GOEV 2021-01-04, but GOEV was renamed again (GOEV->GOEVQ 2025-01-29); its current name does not identify the company that left HCAC","ingested 0.5100 vs all-adjusted 0.5100 over 2020-12-21..2026-01-27; both feeds break alike, and MS-US-1D is ticker-keyed like the ingested feed, so it cannot separate a re-use from a halt"
HCP,stale_run,2021-12-09,unsettled,ambiguous,kept (ambiguous),0,false,"HCP->PEAK 2019-11-06, but PEAK was renamed again (PEAK->DOC 2024-03-04); its current name does not identify the company that left HCP","ingested 2.3809 vs all-adjusted 2.3809 over 2019-11-04..2021-12-09; both feeds break alike, and MS-US-1D is ticker-keyed like the ingested feed, so it cannot separate a re-use from a halt"
JAN,trading_gap,2026-03-20,unsettled,ambiguous,kept (ambiguous),0,false,"JAN->ALTS 2024-07-15, but ALTS was renamed again (ALTS->AIFC 2026-04-29); its current name does not identify the company that left JAN","ingested 10.5830 vs all-adjusted 10.5821 over 2024-07-12..2026-03-20; both feeds break alike, and MS-US-1D is ticker-keyed like the ingested feed, so it cannot separate a re-use from a halt"
PAPL,trading_gap,2025-07-22,unsettled,ambiguous,kept (ambiguous),0,false,"PAPL->PAPLF 2025-05-15, but PAPLF was renamed again (PAPLF->PAPLD 2025-07-16); its current name does not identify the company that left PAPL; arrived from PAPLD on 2025-07-22",cross-check has no bar near 2024-12-31 on its own side
PTN,trading_gap,2025-11-12,unsettled,ambiguous,kept (ambiguous),0,false,"PTN->PTNT 2025-05-08, but PTNT was renamed again (PTNT->PTNTD 2025-08-12, PTNT->PTN 2025-11-12); its current name does not identify the company that left PTN; arrived from PTNT on 2025-11-12",cross-check has no bar near 2024-12-31 on its own side
QTI,trading_gap,2026-01-28,unsettled,ambiguous,kept (ambiguous),0,false,"QTI->QTIH 2025-01-28, but QTIH was renamed again (QTIH->QTI 2026-01-28); its current name does not identify the company that left QTI; arrived from GIA on 2024-03-05; arrived from QTIH on 2026-01-28","ingested 15.1607 vs all-adjusted 15.1607 over 2025-01-27..2026-01-28; both feeds break alike, and MS-US-1D is ticker-keyed like the ingested feed, so it cannot separate a re-use from a halt"
REED,trading_gap,2025-12-05,unsettled,ambiguous,kept (ambiguous),0,false,"REED->REEDD 2025-11-03, but REEDD was renamed again (REEDD->REED 2025-12-02); its current name does not identify the company that left REED; arrived from REEDD on 2025-12-02",the ingested series does not break at 2023-02-15..2025-12-05 (ratio 0.9784)
SEV,trading_gap,2025-10-16,unsettled,ambiguous,kept (ambiguous),0,false,"SEV->SEVCQ 2023-07-21, but SEVCQ was renamed again (SEVCQ->SEVCF 2024-04-25); its current name does not identify the company that left SEV","ingested 38.6473 vs all-adjusted 38.6473 over 2023-07-20..2025-10-16; both feeds break alike, and MS-US-1D is ticker-keyed like the ingested feed, so it cannot separate a re-use from a halt"
SPRB,stale_run,2025-09-15,unsettled,ambiguous,kept (ambiguous),0,false,"2 renames away inside the window: SPRB->SPRBX 2025-04-29, SPRB->SPRBD 2025-08-07; arrived from SPRBD on 2025-09-05","ingested 124.6819 vs all-adjusted 124.6819 over 2025-04-28..2025-09-15; both feeds break alike, and MS-US-1D is ticker-keyed like the ingested feed, so it cannot separate a re-use from a halt"
AGC,stale_run,2020-12-01,unsettled,disagrees,kept (disagrees),0,false,rename away (AGC->GRAB 2021-12-02) outside 2018-08-20..2020-12-01,"ingested 2.0896 vs all-adjusted 2.0896 over 2018-08-24..2020-12-01; both feeds break alike, and MS-US-1D is ticker-keyed like the ingested feed, so it cannot separate a re-use from a halt"
ATHN,stale_run,2021-05-07,unsettled,disagrees,kept (disagrees),0,false,rename away (ATHN->HLGN 2022-01-11) outside 2019-02-05..2021-05-07,"ingested 0.0712 vs all-adjusted 0.0712 over 2019-02-11..2021-05-07; both feeds break alike, and MS-US-1D is ticker-keyed like the ingested feed, so it cannot separate a re-use from a halt"
BBBY,trading_gap,2025-08-29,unsettled,disagrees,kept (disagrees),0,false,rename away (BBBY->NXH 2026-08-17) outside 2023-04-25..2025-08-29; arrived from BYON on 2025-08-29,"ingested 119.9734 vs all-adjusted 0.4503 over 2023-05-02..2025-08-29; the feeds break by different factors, and MS-US-1D is ticker-keyed like the ingested feed, so it cannot separate a re-use from a halt"
BURU,trading_gap,2026-09-14,unsettled,disagrees,kept (disagrees),0,false,rename away (BURU->BURUD 2024-07-24) outside 2025-12-24..2026-09-14; arrived from TWND on 2023-02-08; arrived from BURUD on 2026-09-14,cross-check has no bar near 2026-09-14 on its own side
CHK,stale_run,2021-02-10,unsettled,disagrees,kept (disagrees),0,false,rename away (CHK->EXE 2024-10-02) outside 2020-06-22..2021-02-10,"ingested 3.7966 vs all-adjusted 3.7968 over 2020-06-26..2021-02-10; both feeds break alike, and MS-US-1D is ticker-keyed like the ingested feed, so it cannot separate a re-use from a halt"
ESGL,stale_run,2023-08-04,unsettled,disagrees,kept (disagrees),0,false,rename away (ESGL->OIO 2026-03-10) outside 2020-02-11..2023-08-04; arrived from GENQ on 2023-08-21,"ingested 0.3994 vs all-adjusted 0.3994 over 2020-02-14..2023-08-04; both feeds break alike, and MS-US-1D is ticker-keyed like the ingested feed, so it cannot separate a re-use from a halt"
GV,stale_run,2022-05-17,unsettled,disagrees,kept (disagrees),0,false,rename away (GV->GVHGF 2026-07-31) outside 2020-12-23..2022-05-17; arrived from VEDU on 2023-10-09,cross-check has no bar near 2020-12-29 on its own side
LLL,stale_run,2021-10-13,unsettled,disagrees,kept (disagrees),0,false,rename away (LLL->JXJT 2022-10-10) outside 2019-06-24..2021-10-13; arrived from KBSF on 2021-10-13,"ingested 0.0134 vs all-adjusted 0.0134 over 2019-06-28..2021-10-13; both feeds break alike, and MS-US-1D is ticker-keyed like the ingested feed, so it cannot separate a re-use from a halt"
MNK,stale_run,2022-10-27,unsettled,disagrees,kept (disagrees),0,false,rename away (MNK->MNKTQ 2023-08-29) outside 2020-10-05..2022-10-27,"ingested 21.2000 vs all-adjusted 21.2000 over 2020-10-09..2022-10-27; both feeds break alike, and MS-US-1D is ticker-keyed like the ingested feed, so it cannot separate a re-use from a halt"
PHH,stale_run,2024-12-27,unsettled,disagrees,kept (disagrees),0,false,rename away (PHH->BYAH 2025-10-28) outside 2018-09-27..2024-12-27,"ingested 0.3700 vs all-adjusted 0.3700 over 2018-10-03..2024-12-27; both feeds break alike, and MS-US-1D is ticker-keyed like the ingested feed, so it cannot separate a re-use from a halt"
PX,stale_run,2021-10-21,unsettled,disagrees,kept (disagrees),0,false,rename away (PX->RPC 2026-02-11) outside 2018-10-24..2021-10-21,"ingested 0.0734 vs all-adjusted 0.0734 over 2018-10-30..2021-10-21; both feeds break alike, and MS-US-1D is ticker-keyed like the ingested feed, so it cannot separate a re-use from a halt"
REE,stale_run,2021-07-23,unsettled,disagrees,kept (disagrees),0,false,rename away (REE->REEAF 2026-07-14) outside 2016-02-22..2021-07-23; arrived from VCVC on 2021-07-30,"ingested 67.6159 vs all-adjusted 67.6159 over 2016-02-26..2021-07-23; both feeds break alike, and MS-US-1D is ticker-keyed like the ingested feed, so it cannot separate a re-use from a halt"
RSLS,stale_run,2021-06-16,unsettled,disagrees,kept (disagrees),0,false,rename away (RSLS->HIND 2025-08-15) outside 2018-12-24..2021-06-16; arrived from OBLN on 2021-06-16,"ingested 24.2588 vs all-adjusted 24.2588 over 2018-12-28..2021-06-16; both feeds break alike, and MS-US-1D is ticker-keyed like the ingested feed, so it cannot separate a re-use from a halt"
SIC,trading_gap,2026-08-17,unsettled,disagrees,kept (disagrees),0,false,rename away (SIC->PSOX 2026-08-26) outside 2021-10-13..2026-08-17,cross-check has no bar near 2026-08-17 on its own side
SWIN,stale_run,2023-09-07,unsettled,disagrees,kept (disagrees),0,false,rename away (SWIN->AXG 2025-10-10) outside 2018-10-15..2023-09-07,"ingested 0.1993 vs all-adjusted 0.1993 over 2018-10-19..2023-09-07; both feeds break alike, and MS-US-1D is ticker-keyed like the ingested feed, so it cannot separate a re-use from a halt"
XL,stale_run,2020-12-22,unsettled,disagrees,kept (disagrees),0,false,rename away (XL->SPRU 2022-11-14) outside 2018-09-05..2020-12-22; arrived from PIC on 2020-12-24,"ingested 0.3042 vs all-adjusted 0.3054 over 2018-09-11..2020-12-22; both feeds break alike, and MS-US-1D is ticker-keyed like the ingested feed, so it cannot separate a re-use from a halt"
ACI,stale_run,2020-06-26,unsettled,one_name,kept (one_name),0,false,no rename away from ACI; only today's holder is known,cross-check has no bar near 2016-01-08 on its own side
ADPT,stale_run,2019-06-27,unsettled,one_name,kept (one_name),0,false,no rename away from ADPT; only today's holder is known,cross-check has no bar near 2017-04-19 on its own side
ADT,stale_run,2018-01-19,unsettled,one_name,kept (one_name),0,false,no rename away from ADT; only today's holder is known,"ingested 0.2951 vs all-adjusted 0.2952 over 2016-04-29..2018-01-19; both feeds break alike, and MS-US-1D is ticker-keyed like the ingested feed, so it cannot separate a re-use from a halt"
AI,trading_gap,2020-12-09,unsettled,one_name,kept (one_name),0,false,AAIC is not in the assets file; AI->AAIC 2020-10-26,cross-check has no bar near 2019-12-31 on its own side
AKTS,trading_gap,2026-01-09,unsettled,one_name,kept (one_name),0,false,AKTSQ is not in the assets file; AKTS->AKTSQ 2024-12-18,"ingested 602.1505 vs all-adjusted 602.1505 over 2024-12-17..2026-01-09; both feeds break alike, and MS-US-1D is ticker-keyed like the ingested feed, so it cannot separate a re-use from a halt"
ALF,stale_run,2024-08-01,unsettled,one_name,kept (one_name),0,false,no rename away from ALF; only today's holder is known,"ingested 90.1890 vs all-adjusted 90.1890 over 2022-10-24..2024-08-01; both feeds break alike, and MS-US-1D is ticker-keyed like the ingested feed, so it cannot separate a re-use from a halt"
ALPS,trading_gap,2025-10-31,unsettled,one_name,kept (one_name),0,false,ALPSQ is not in the assets file; ALPS->ALPSQ 2023-07-21,cross-check has no bar near 2023-07-20 on its own side
AMLX,stale_run,2022-01-07,unsettled,one_name,kept (one_name),0,false,no rename away from AMLX; only today's holder is known,cross-check has no bar near 2018-04-19 on its own side
ANGI,trading_gap,2017-10-02,unsettled,one_name,kept (one_name),0,false,no rename away from ANGI; only today's holder is known,cross-check has no bar near 2016-12-30 on its own side
ANTX,stale_run,2022-03-25,unsettled,one_name,kept (one_name),0,false,no rename away from ANTX; only today's holder is known,cross-check has no bar near 2018-04-30 on its own side
APC,trading_gap,2026-02-12,unsettled,one_name,kept (one_name),0,false,no rename away from APC; only today's holder is known,"ingested 0.2412 vs all-adjusted 0.2412 over 2019-08-08..2026-02-12; both feeds break alike, and MS-US-1D is ticker-keyed like the ingested feed, so it cannot separate a re-use from a halt"
APUS,stale_run,2026-05-05,unsettled,one_name,kept (one_name),0,false,no rename away from APUS; only today's holder is known,"ingested 1.5957 vs all-adjusted 1.5957 over 2026-04-02..2026-05-05; both feeds break alike, and MS-US-1D is ticker-keyed like the ingested feed, so it cannot separate a re-use from a halt"
ARCI,trading_gap,2026-03-16,unsettled,one_name,kept (one_name),0,false,no rename away from ARCI; only today's holder is known,"ingested 2.3068 vs all-adjusted 2.3068 over 2019-09-10..2026-03-16; both feeds break alike, and MS-US-1D is ticker-keyed like the ingested feed, so it cannot separate a re-use from a halt"
ASPC,stale_run,2025-01-03,unsettled,one_name,kept (one_name),0,false,STIX is not in the assets file; ASPC->STIX 2022-09-09,"ingested 1.4316 vs all-adjusted 1.4316 over 2022-08-03..2025-01-03; both feeds break alike, and MS-US-1D is ticker-keyed like the ingested feed, so it cannot separate a re-use from a halt"
ASTC,trading_gap,2017-10-16,unsettled,one_name,kept (one_name),0,false,no rename away from ASTC; only today's holder is known,cross-check has no bar near 2016-12-30 on its own side
ASTI,stale_run,2022-08-24,unsettled,one_name,kept (one_name),0,false,no rename away from ASTI; only today's holder is known,"ingested 0.0303 vs all-adjusted 0.0303 over 2016-02-24..2022-08-24; both feeds break alike, and MS-US-1D is ticker-keyed like the ingested feed, so it cannot separate a re-use from a halt"
AT,trading_gap,2026-09-15,unsettled,one_name,kept (one_name),0,false,no rename away from AT; only today's holder is known,cross-check has no bar near 2026-09-15 on its own side
ATAI,stale_run,2021-06-18,unsettled,one_name,kept (one_name),0,false,no rename away from ATAI; only today's holder is known,cross-check has no bar near 2019-10-16 on its own side
AVIR,stale_run,2020-10-30,unsettled,one_name,kept (one_name),0,false,no rename away from AVIR; only today's holder is known,cross-check has no bar near 2018-02-13 on its own side
AVX,trading_gap,2021-07-08,unsettled,one_name,kept (one_name),0,false,no rename away from AVX; only today's holder is known; arrived from AGRI on 2025-11-13,cross-check has no bar near 2020-03-27 on its own side
BEAT,trading_gap,2021-11-11,unsettled,one_name,kept (one_name),0,false,no rename away from BEAT; only today's holder is known,cross-check has no bar near 2020-12-31 on its own side
BEBE,trading_gap,2026-02-06,unsettled,one_name,kept (one_name),0,false,no rename away from BEBE; only today's holder is known,"ingested 2.6533 vs all-adjusted 2.6533 over 2017-12-15..2026-02-06; both feeds break alike, and MS-US-1D is ticker-keyed like the ingested feed, so it cannot separate a re-use from a halt"
BID,trading_gap,2026-07-20,unsettled,one_name,kept (one_name),0,false,no rename away from BID; only today's holder is known,cross-check has no bar near 2026-07-20 on its own side
BIOA,stale_run,2024-09-26,unsettled,one_name,kept (one_name),0,false,no rename away from BIOA; only today's holder is known,"ingested 114.5091 vs all-adjusted 114.5091 over 2018-02-08..2024-09-26; both feeds break alike, and MS-US-1D is ticker-keyed like the ingested feed, so it cannot separate a re-use from a halt"
BMR,stale_run,2023-02-28,unsettled,one_name,kept (one_name),0,false,no rename away from BMR; only today's holder is known,"ingested 0.1533 vs all-adjusted 0.1533 over 2016-01-27..2023-02-28; both feeds break alike, and MS-US-1D is ticker-keyed like the ingested feed, so it cannot separate a re-use from a halt"
BNKD,stale_run,2025-02-20,unsettled,one_name,kept (one_name),0,false,no rename away from BNKD; only today's holder is known,"ingested 1.4697 vs all-adjusted 1.4697 over 2024-07-24..2025-02-20; both feeds break alike, and MS-US-1D is ticker-keyed like the ingested feed, so it cannot separate a re-use from a halt"
BOLD,stale_run,2024-03-28,unsettled,one_name,kept (one_name),0,false,no rename away from BOLD; only today's holder is known,"ingested 0.2376 vs all-adjusted 0.2376 over 2020-01-14..2024-03-28; both feeds break alike, and MS-US-1D is ticker-keyed like the ingested feed, so it cannot separate a re-use from a halt"
BRAC,stale_run,2022-02-23,unsettled,one_name,kept (one_name),0,false,no rename away from BRAC; only today's holder is known,"ingested 2.2090 vs all-adjusted 2.2090 over 2019-08-09..2022-02-23; both feeds break alike, and MS-US-1D is ticker-keyed like the ingested feed, so it cannot separate a re-use from a halt"
BTU,stale_run,2017-04-04,unsettled,one_name,kept (one_name),0,false,no rename away from BTU; only today's holder is known,"ingested 13.1643 vs all-adjusted 13.1602 over 2016-04-12..2017-04-04; both feeds break alike, and MS-US-1D is ticker-keyed like the ingested feed, so it cannot separate a re-use from a halt"
CA,stale_run,2023-12-15,unsettled,one_name,kept (one_name),0,false,no rename away from CA; only today's holder is known,"ingested 0.5676 vs all-adjusted 0.5677 over 2018-11-02..2023-12-15; both feeds break alike, and MS-US-1D is ticker-keyed like the ingested feed, so it cannot separate a re-use from a halt"
CAI,trading_gap,2025-06-18,unsettled,one_name,kept (one_name),0,false,no rename away from CAI; only today's holder is known,"ingested 0.5000 vs all-adjusted 0.5000 over 2021-11-22..2025-06-18; both feeds break alike, and MS-US-1D is ticker-keyed like the ingested feed, so it cannot separate a re-use from a halt"
CAM,trading_gap,2025-10-06,unsettled,one_name,kept (one_name),0,false,no rename away from CAM; only today's holder is known,"ingested 0.3790 vs all-adjusted 0.3789 over 2016-04-01..2025-10-06; both feeds break alike, and MS-US-1D is ticker-keyed like the ingested feed, so it cannot separate a re-use from a halt"
CAMP,trading_gap,2024-10-11,unsettled,one_name,kept (one_name),0,false,CAMPQ is not in the assets file; CAMP->CAMPQ 2024-06-12,cross-check has no bar near 2023-12-29 on its own side
CAPN,stale_run,2024-10-24,unsettled,one_name,kept (one_name),0,false,no rename away from CAPN; only today's holder is known,"ingested 14.2143 vs all-adjusted 14.2143 over 2017-05-11..2024-10-24; both feeds break alike, and MS-US-1D is ticker-keyed like the ingested feed, so it cannot separate a re-use from a halt"
CART,stale_run,2023-09-19,unsettled,one_name,kept (one_name),0,false,no rename away from CART; only today's holder is known,"ingested 2.5824 vs all-adjusted 2.5824 over 2019-12-31..2023-09-19; both feeds break alike, and MS-US-1D is ticker-keyed like the ingested feed, so it cannot separate a re-use from a halt"
CBK,trading_gap,2025-10-02,unsettled,one_name,kept (one_name),0,false,no rename away from CBK; only today's holder is known,"ingested 68.7679 vs all-adjusted 68.7734 over 2019-04-17..2025-10-02; both feeds break alike, and MS-US-1D is ticker-keyed like the ingested feed, so it cannot separate a re-use from a halt"
CBL,stale_run,2021-11-02,unsettled,one_name,kept (one_name),0,false,no rename away from CBL; only today's holder is known,"ingested 335.5705 vs all-adjusted 335.6913 over 2020-11-02..2021-11-02; both feeds break alike, and MS-US-1D is ticker-keyed like the ingested feed, so it cannot separate a re-use from a halt"
CCXI,trading_gap,2026-02-09,unsettled,one_name,kept (one_name),0,false,no rename away from CCXI; only today's holder is known,"ingested 0.1973 vs all-adjusted 0.1973 over 2022-10-19..2026-02-09; both feeds break alike, and MS-US-1D is ticker-keyed like the ingested feed, so it cannot separate a re-use from a halt"
CIVI,stale_run,2021-11-02,unsettled,one_name,kept (one_name),0,false,no rename away from CIVI; only today's holder is known; arrived from BCEI on 2021-11-02,"ingested 3.1599 vs all-adjusted 3.1598 over 2019-03-07..2021-11-02; both feeds break alike, and MS-US-1D is ticker-keyed like the ingested feed, so it cannot separate a re-use from a halt"
CMD,stale_run,2016-12-05,unsettled,one_name,kept (one_name),0,false,no rename away from CMD; only today's holder is known,"ingested 2.1823 vs all-adjusted 2.1825 over 2016-08-24..2016-12-05; both feeds break alike, and MS-US-1D is ticker-keyed like the ingested feed, so it cannot separate a re-use from a halt"
CNL,stale_run,2024-07-22,unsettled,one_name,kept (one_name),0,false,no rename away from CNL; only today's holder is known,cross-check has no bar near 2016-04-13 on its own side
CORZ,stale_run,2024-01-24,unsettled,one_name,kept (one_name),0,false,no rename away from CORZ; only today's holder is known; arrived from XPDI on 2022-01-24,"ingested 45.8056 vs all-adjusted 45.8056 over 2022-12-30..2024-01-24; both feeds break alike, and MS-US-1D is ticker-keyed like the ingested feed, so it cannot separate a re-use from a halt"
CRC,stale_run,2020-10-28,unsettled,one_name,kept (one_name),0,false,no rename away from CRC; only today's holder is known,"ingested 12.7119 vs all-adjusted 12.7177 over 2020-07-15..2020-10-28; both feeds break alike, and MS-US-1D is ticker-keyed like the ingested feed, so it cannot separate a re-use from a halt"
CTAA,trading_gap,2026-04-16,unsettled,one_name,kept (one_name),0,false,no rename away from CTAA; only today's holder is known,"ingested 0.3947 vs all-adjusted 0.3947 over 2021-02-12..2026-04-16; both feeds break alike, and MS-US-1D is ticker-keyed like the ingested feed, so it cannot separate a re-use from a halt"
CTRA,stale_run,2021-10-04,unsettled,one_name,kept (one_name),0,false,CTRA is not in the assets file; CTRA->AMR 2021-02-04; arrived from COG on 2021-10-04,"ingested 1.7069 vs all-adjusted 1.7356 over 2021-02-03..2021-10-04; both feeds break alike, and MS-US-1D is ticker-keyed like the ingested feed, so it cannot separate a re-use from a halt"
CTV,stale_run,2021-12-01,unsettled,one_name,kept (one_name),0,false,no rename away from CTV; only today's holder is known; arrived from IACB on 2021-12-01,"ingested 0.3478 vs all-adjusted 0.3538 over 2020-08-06..2021-12-01; both feeds break alike, and MS-US-1D is ticker-keyed like the ingested feed, so it cannot separate a re-use from a halt"
CTW,trading_gap,2025-08-06,unsettled,one_name,kept (one_name),0,false,no rename away from CTW; only today's holder is known,"ingested 0.1749 vs all-adjusted 0.1749 over 2018-08-20..2025-08-06; both feeds break alike, and MS-US-1D is ticker-keyed like the ingested feed, so it cannot separate a re-use from a halt"
CUB,stale_run,2024-08-09,unsettled,one_name,kept (one_name),0,false,no rename away from CUB; only today's holder is known,"ingested 0.1331 vs all-adjusted 0.1331 over 2021-05-24..2024-08-09; both feeds break alike, and MS-US-1D is ticker-keyed like the ingested feed, so it cannot separate a re-use from a halt"
DBD,stale_run,2023-08-14,unsettled,one_name,kept (one_name),0,false,no rename away from DBD; only today's holder is known,"ingested 82.2800 vs all-adjusted 82.2800 over 2023-05-26..2023-08-14; both feeds break alike, and MS-US-1D is ticker-keyed like the ingested feed, so it cannot separate a re-use from a halt"
DBGI,stale_run,2025-08-20,unsettled,one_name,kept (one_name),0,false,no rename away from DBGI; only today's holder is known,"ingested 4.4794 vs all-adjusted 4.4793 over 2024-12-17..2025-08-20; both feeds break alike, and MS-US-1D is ticker-keyed like the ingested feed, so it cannot separate a re-use from a halt"
DCTH,stale_run,2020-05-01,unsettled,one_name,kept (one_name),0,false,no rename away from DCTH; only today's holder is known,"ingested 76.6767 vs all-adjusted 76.6767 over 2017-09-14..2020-05-01; both feeds break alike, and MS-US-1D is ticker-keyed like the ingested feed, so it cannot separate a re-use from a halt"
DDC,stale_run,2023-11-17,unsettled,one_name,kept (one_name),0,false,no rename away from DDC; only today's holder is known,"ingested 0.4361 vs all-adjusted 0.4361 over 2017-11-01..2023-11-17; both feeds break alike, and MS-US-1D is ticker-keyed like the ingested feed, so it cannot separate a re-use from a halt"
DERM,stale_run,2021-11-12,unsettled,one_name,kept (one_name),0,false,no rename away from DERM; only today's holder is known,cross-check has no bar near 2020-02-19 on its own side
DNB,stale_run,2020-07-01,unsettled,one_name,kept (one_name),0,false,no rename away from DNB; only today's holder is known,"ingested 0.1749 vs all-adjusted 0.1749 over 2019-02-07..2020-07-01; both feeds break alike, and MS-US-1D is ticker-keyed like the ingested feed, so it cannot separate a re-use from a halt"
DO,stale_run,2022-03-30,unsettled,one_name,kept (one_name),0,false,no rename away from DO; only today's holder is known,"ingested 7.9923 vs all-adjusted 7.9923 over 2020-04-24..2022-03-30; both feeds break alike, and MS-US-1D is ticker-keyed like the ingested feed, so it cannot separate a re-use from a halt"
DRVN,stale_run,2021-01-15,unsettled,one_name,kept (one_name),0,false,no rename away from DRVN; only today's holder is known,cross-check has no bar near 2016-04-11 on its own side
DWIN,stale_run,2021-01-29,unsettled,one_name,kept (one_name),0,false,no rename away from DWIN; only today's holder is known,"ingested 0.3848 vs all-adjusted 0.3848 over 2020-02-14..2021-01-29; both feeds break alike, and MS-US-1D is ticker-keyed like the ingested feed, so it cannot separate a re-use from a halt"
DXLG,stale_run,2021-09-08,unsettled,one_name,kept (one_name),0,false,no rename away from DXLG; only today's holder is known,"ingested 31.7027 vs all-adjusted 31.7027 over 2020-12-21..2021-09-08; both feeds break alike, and MS-US-1D is ticker-keyed like the ingested feed, so it cannot separate a re-use from a halt"
DYN,stale_run,2020-09-17,unsettled,one_name,kept (one_name),0,false,no rename away from DYN; only today's holder is known,cross-check has no bar near 2018-04-06 on its own side
EDTX,stale_run,2021-02-12,unsettled,one_name,kept (one_name),0,false,no rename away from EDTX; only today's holder is known,"ingested 0.4862 vs all-adjusted 0.4862 over 2020-03-30..2021-02-12; both feeds break alike, and MS-US-1D is ticker-keyed like the ingested feed, so it cannot separate a re-use from a halt"
EE,stale_run,2022-04-13,unsettled,one_name,kept (one_name),0,false,no rename away from EE; only today's holder is known,cross-check has no bar near 2020-07-29 on its own side
ELOX,stale_run,2026-06-09,unsettled,one_name,kept (one_name),0,false,no rename away from ELOX; only today's holder is known; arrived from ELOXD on 2026-06-09,cross-check has no bar near 2023-10-13 on its own side
EMCG,stale_run,2022-09-30,unsettled,one_name,kept (one_name),0,false,no rename away from EMCG; only today's holder is known,"ingested 0.4991 vs all-adjusted 0.4991 over 2020-05-27..2022-09-30; both feeds break alike, and MS-US-1D is ticker-keyed like the ingested feed, so it cannot separate a re-use from a halt"
EXE,stale_run,2021-02-10,unsettled,one_name,kept (one_name),0,false,no rename away from EXE; only today's holder is known; arrived from CHK on 2024-10-02,"ingested 3.7966 vs all-adjusted 3.7967 over 2020-06-26..2021-02-10; both feeds break alike, and MS-US-1D is ticker-keyed like the ingested feed, so it cannot separate a re-use from a halt"
FG,stale_run,2022-12-01,unsettled,one_name,kept (one_name),0,false,no rename away from FG; only today's holder is known; arrived from FG.WI on 2022-12-01,"ingested 2.2801 vs all-adjusted 2.2798 over 2020-06-01..2022-12-01; both feeds break alike, and MS-US-1D is ticker-keyed like the ingested feed, so it cannot separate a re-use from a halt"
FGL,stale_run,2024-10-23,unsettled,one_name,kept (one_name),0,false,no rename away from FGL; only today's holder is known,"ingested 0.1016 vs all-adjusted 0.1016 over 2017-11-30..2024-10-23; both feeds break alike, and MS-US-1D is ticker-keyed like the ingested feed, so it cannot separate a re-use from a halt"
FGMC,stale_run,2025-02-11,unsettled,one_name,kept (one_name),0,false,no rename away from FGMC; only today's holder is known,"ingested 2.0021 vs all-adjusted 2.0021 over 2023-08-25..2025-02-11; both feeds break alike, and MS-US-1D is ticker-keyed like the ingested feed, so it cannot separate a re-use from a halt"
FIEE,trading_gap,2025-06-02,unsettled,one_name,kept (one_name),0,false,no rename away from FIEE; only today's holder is known; arrived from MINM on 2025-07-10,cross-check has no bar near 2023-06-15 on its own side
FIG,trading_gap,2025-07-31,unsettled,one_name,kept (one_name),0,false,no rename away from FIG; only today's holder is known,cross-check has no bar near 2024-12-31 on its own side
FLY,trading_gap,2025-08-07,unsettled,one_name,kept (one_name),0,false,no rename away from FLY; only today's holder is known,"ingested 3.5437 vs all-adjusted 3.5437 over 2021-08-02..2025-08-07; both feeds break alike, and MS-US-1D is ticker-keyed like the ingested feed, so it cannot separate a re-use from a halt"
FRSH,stale_run,2021-09-22,unsettled,one_name,kept (one_name),0,false,no rename away from FRSH; only today's holder is known,cross-check has no bar near 2019-05-22 on its own side
FSBC,stale_run,2021-05-05,unsettled,one_name,kept (one_name),0,false,no rename away from FSBC; only today's holder is known,cross-check has no bar near 2020-04-30 on its own side
FUSE,trading_gap,2025-10-23,unsettled,one_name,kept (one_name),0,false,ML is not in the assets file; FUSE->ML 2021-09-23,cross-check has no bar near 2021-09-22 on its own side
GDP,stale_run,2017-04-11,unsettled,one_name,kept (one_name),0,false,no rename away from GDP; only today's holder is known,"ingested 103.8040 vs all-adjusted 103.8040 over 2016-01-13..2017-04-11; both feeds break alike, and MS-US-1D is ticker-keyed like the ingested feed, so it cannot separate a re-use from a halt"
GLF,stale_run,2017-11-16,unsettled,one_name,kept (one_name),0,false,no rename away from GLF; only today's holder is known,"ingested 21.6265 vs all-adjusted 21.6265 over 2017-04-10..2017-11-16; both feeds break alike, and MS-US-1D is ticker-keyed like the ingested feed, so it cannot separate a re-use from a halt"
GMM,stale_run,2023-10-10,unsettled,one_name,kept (one_name),0,false,no rename away from GMM; only today's holder is known,"ingested 0.1362 vs all-adjusted 0.1362 over 2017-10-13..2023-10-10; both feeds break alike, and MS-US-1D is ticker-keyed like the ingested feed, so it cannot separate a re-use from a halt"
GORO,trading_gap,2026-07-20,unsettled,one_name,kept (one_name),0,false,no rename away from GORO; only today's holder is known; arrived from GGAZD on 2026-07-20,cross-check has no bar near 2026-07-20 on its own side
GPOR,stale_run,2021-05-18,unsettled,one_name,kept (one_name),0,false,no rename away from GPOR; only today's holder is known,"ingested 527.4765 vs all-adjusted 527.4765 over 2020-11-25..2021-05-18; both feeds break alike, and MS-US-1D is ticker-keyed like the ingested feed, so it cannot separate a re-use from a halt"
GRAF,stale_run,2024-08-16,unsettled,one_name,kept (one_name),0,false,GRAF is not in the assets file; GRAF->VLDR 2020-10-01,"ingested 0.4036 vs all-adjusted 0.4036 over 2020-09-29..2024-08-16; both feeds break alike, and MS-US-1D is ticker-keyed like the ingested feed, so it cannot separate a re-use from a halt"
GRO,stale_run,2024-11-27,unsettled,one_name,kept (one_name),0,false,no rename away from GRO; only today's holder is known,"ingested 15.9128 vs all-adjusted 15.9128 over 2016-11-02..2024-11-27; both feeds break alike, and MS-US-1D is ticker-keyed like the ingested feed, so it cannot separate a re-use from a halt"
GURE,trading_gap,2025-12-05,unsettled,one_name,kept (one_name),0,false,no rename away from GURE; only today's holder is known,cross-check has no bar near 2024-12-31 on its own side
HAO,stale_run,2024-01-26,unsettled,one_name,kept (one_name),0,false,no rename away from HAO; only today's holder is known,"ingested 0.2101 vs all-adjusted 0.2101 over 2020-02-14..2024-01-26; both feeds break alike, and MS-US-1D is ticker-keyed like the ingested feed, so it cannot separate a re-use from a halt"
HWH,stale_run,2023-08-25,unsettled,one_name,kept (one_name),0,false,no rename away from HWH; only today's holder is known; arrived from ACAX on 2024-01-09,"ingested 1.4054 vs all-adjusted 1.4054 over 2023-08-04..2023-08-25; both feeds break alike, and MS-US-1D is ticker-keyed like the ingested feed, so it cannot separate a re-use from a halt"
IBO,stale_run,2024-10-04,unsettled,one_name,kept (one_name),0,false,no rename away from IBO; only today's holder is known,"ingested 0.0511 vs all-adjusted 0.0511 over 2018-04-06..2024-10-04; both feeds break alike, and MS-US-1D is ticker-keyed like the ingested feed, so it cannot separate a re-use from a halt"
IBTA,stale_run,2024-04-18,unsettled,one_name,kept (one_name),0,false,no rename away from IBTA; only today's holder is known,"ingested 4.0730 vs all-adjusted 4.0730 over 2021-11-30..2024-04-18; both feeds break alike, and MS-US-1D is ticker-keyed like the ingested feed, so it cannot separate a re-use from a halt"
IHS,stale_run,2021-10-14,unsettled,one_name,kept (one_name),0,false,no rename away from IHS; only today's holder is known,cross-check has no bar near 2016-07-12 on its own side
INFO,stale_run,2024-10-10,unsettled,one_name,kept (one_name),0,false,no rename away from INFO; only today's holder is known,"ingested 0.1854 vs all-adjusted 0.1854 over 2022-02-25..2024-10-10; both feeds break alike, and MS-US-1D is ticker-keyed like the ingested feed, so it cannot separate a re-use from a halt"
INHD,stale_run,2026-07-31,unsettled,one_name,kept (one_name),0,false,no rename away from INHD; only today's holder is known,cross-check has no bar near 2026-07-31 on its own side
INR,stale_run,2025-01-31,unsettled,one_name,kept (one_name),0,false,no rename away from INR; only today's holder is known,"ingested 0.5265 vs all-adjusted 0.5265 over 2020-03-26..2025-01-31; both feeds break alike, and MS-US-1D is ticker-keyed like the ingested feed, so it cannot separate a re-use from a halt"
INST,stale_run,2021-07-22,unsettled,one_name,kept (one_name),0,false,no rename away from INST; only today's holder is known,"ingested 0.4282 vs all-adjusted 0.4282 over 2020-03-23..2021-07-22; both feeds break alike, and MS-US-1D is ticker-keyed like the ingested feed, so it cannot separate a re-use from a halt"
IOT,stale_run,2021-12-15,unsettled,one_name,kept (one_name),0,false,no rename away from IOT; only today's holder is known,cross-check has no bar near 2017-06-30 on its own side
IPAS,stale_run,2018-11-23,unsettled,one_name,kept (one_name),0,false,no rename away from IPAS; only today's holder is known,"ingested 1.8462 vs all-adjusted 1.8462 over 2018-11-06..2018-11-23; both feeds break alike, and MS-US-1D is ticker-keyed like the ingested feed, so it cannot separate a re-use from a halt"
IPDN,stale_run,2020-06-24,unsettled,one_name,kept (one_name),0,false,no rename away from IPDN; only today's holder is known,"ingested 1.6703 vs all-adjusted 1.6703 over 2019-11-26..2020-06-24; both feeds break alike, and MS-US-1D is ticker-keyed like the ingested feed, so it cannot separate a re-use from a halt"
IPW,stale_run,2021-05-12,unsettled,one_name,kept (one_name),0,false,no rename away from IPW; only today's holder is known,cross-check has no bar near 2017-07-24 on its own side
ISLE,stale_run,2021-03-29,unsettled,one_name,kept (one_name),0,false,no rename away from ISLE; only today's holder is known,"ingested 0.4221 vs all-adjusted 0.4221 over 2017-05-01..2021-03-29; both feeds break alike, and MS-US-1D is ticker-keyed like the ingested feed, so it cannot separate a re-use from a halt"
ITG,trading_gap,2026-07-01,unsettled,one_name,kept (one_name),0,false,no rename away from ITG; only today's holder is known,cross-check has no bar near 2026-07-01 on its own side
JAGX,trading_gap,2017-08-16,unsettled,one_name,kept (one_name),0,false,no rename away from JAGX; only today's holder is known,cross-check has no bar near 2016-12-30 on its own side
JDZG,stale_run,2026-07-31,unsettled,one_name,kept (one_name),0,false,no rename away from JDZG; only today's holder is known,cross-check has no bar near 2026-07-31 on its own side
JEM,trading_gap,2025-06-09,unsettled,one_name,kept (one_name),0,false,no rename away from JEM; only today's holder is known,"ingested 0.1307 vs all-adjusted 0.1307 over 2018-04-04..2025-06-09; both feeds break alike, and MS-US-1D is ticker-keyed like the ingested feed, so it cannot separate a re-use from a halt"
JONE,trading_gap,2026-09-03,unsettled,one_name,kept (one_name),0,false,no rename away from JONE; only today's holder is known,cross-check has no bar near 2026-09-03 on its own side
KELYB,stale_run,2020-08-11,unsettled,one_name,kept (one_name),0,false,no rename away from KELYB; only today's holder is known,"ingested 2.5580 vs all-adjusted 2.5572 over 2020-06-30..2020-08-11; both feeds break alike, and MS-US-1D is ticker-keyed like the ingested feed, so it cannot separate a re-use from a halt"
KOR,stale_run,2020-08-12,unsettled,one_name,kept (one_name),0,false,no rename away from KOR; only today's holder is known,"ingested 0.1032 vs all-adjusted 0.1032 over 2018-09-24..2020-08-12; both feeds break alike, and MS-US-1D is ticker-keyed like the ingested feed, so it cannot separate a re-use from a halt"
KTWO,trading_gap,2026-02-25,unsettled,one_name,kept (one_name),0,false,no rename away from KTWO; only today's holder is known,"ingested 0.3589 vs all-adjusted 0.3589 over 2018-11-08..2026-02-25; both feeds break alike, and MS-US-1D is ticker-keyed like the ingested feed, so it cannot separate a re-use from a halt"
LB,stale_run,2024-06-28,unsettled,one_name,kept (one_name),0,false,no rename away from LB; only today's holder is known,"ingested 0.2897 vs all-adjusted 0.2897 over 2021-08-02..2024-06-28; both feeds break alike, and MS-US-1D is ticker-keyed like the ingested feed, so it cannot separate a re-use from a halt"
LCA,stale_run,2021-05-18,unsettled,one_name,kept (one_name),0,false,LCA is not in the assets file; LCA->GNOG 2021-01-06,"ingested 0.3851 vs all-adjusted 0.3851 over 2020-12-29..2021-05-18; both feeds break alike, and MS-US-1D is ticker-keyed like the ingested feed, so it cannot separate a re-use from a halt"
LCAHU,stale_run,2021-03-25,unsettled,one_name,kept (one_name),0,false,no rename away from LCAHU; only today's holder is known,"ingested 0.1152 vs all-adjusted 0.1152 over 2020-12-29..2021-03-25; both feeds break alike, and MS-US-1D is ticker-keyed like the ingested feed, so it cannot separate a re-use from a halt"
LGCY,stale_run,2024-09-26,unsettled,one_name,kept (one_name),0,false,no rename away from LGCY; only today's holder is known,"ingested 101.7722 vs all-adjusted 101.7722 over 2019-06-27..2024-09-26; both feeds break alike, and MS-US-1D is ticker-keyed like the ingested feed, so it cannot separate a re-use from a halt"
LINE,stale_run,2024-07-25,unsettled,one_name,kept (one_name),0,false,no rename away from LINE; only today's holder is known,"ingested 448.7778 vs all-adjusted 448.8726 over 2016-05-23..2024-07-25; both feeds break alike, and MS-US-1D is ticker-keyed like the ingested feed, so it cannot separate a re-use from a halt"
LINK,stale_run,2021-03-25,unsettled,one_name,kept (one_name),0,false,no rename away from LINK; only today's holder is known,"ingested 8.5158 vs all-adjusted 8.5158 over 2019-02-14..2021-03-25; both feeds break alike, and MS-US-1D is ticker-keyed like the ingested feed, so it cannot separate a re-use from a halt"
MARA,trading_gap,2017-10-30,unsettled,one_name,kept (one_name),0,false,no rename away from MARA; only today's holder is known,cross-check has no bar near 2016-12-30 on its own side
MB,trading_gap,2025-04-10,unsettled,one_name,kept (one_name),0,false,no rename away from MB; only today's holder is known,"ingested 0.1125 vs all-adjusted 0.1125 over 2019-02-14..2025-04-10; both feeds break alike, and MS-US-1D is ticker-keyed like the ingested feed, so it cannot separate a re-use from a halt"
MBLY,stale_run,2022-10-26,unsettled,one_name,kept (one_name),0,false,no rename away from MBLY; only today's holder is known,"ingested 0.4623 vs all-adjusted 0.4623 over 2017-08-31..2022-10-26; both feeds break alike, and MS-US-1D is ticker-keyed like the ingested feed, so it cannot separate a re-use from a halt"
MDA,trading_gap,2026-03-12,unsettled,one_name,kept (one_name),0,false,no rename away from MDA; only today's holder is known,cross-check has no bar near 2017-10-09 on its own side
MDXG,stale_run,2020-11-04,unsettled,one_name,kept (one_name),0,false,no rename away from MDXG; only today's holder is known,"ingested 1.9754 vs all-adjusted 1.9754 over 2018-11-07..2020-11-04; both feeds break alike, and MS-US-1D is ticker-keyed like the ingested feed, so it cannot separate a re-use from a halt"
MGN,trading_gap,2025-09-26,unsettled,one_name,kept (one_name),0,false,no rename away from MGN; only today's holder is known,"ingested 4.2920 vs all-adjusted 4.2920 over 2016-09-13..2025-09-26; both feeds break alike, and MS-US-1D is ticker-keyed like the ingested feed, so it cannot separate a re-use from a halt"
MNTN,stale_run,2025-05-22,unsettled,one_name,kept (one_name),0,false,no rename away from MNTN; only today's holder is known,"ingested 2.2627 vs all-adjusted 2.2627 over 2024-11-27..2025-05-22; both feeds break alike, and MS-US-1D is ticker-keyed like the ingested feed, so it cannot separate a re-use from a halt"
MOBI,trading_gap,2026-05-08,unsettled,one_name,kept (one_name),0,false,no rename away from MOBI; only today's holder is known,"ingested 5.4907 vs all-adjusted 5.4907 over 2016-11-16..2026-05-08; both feeds break alike, and MS-US-1D is ticker-keyed like the ingested feed, so it cannot separate a re-use from a halt"
MON,stale_run,2021-03-16,unsettled,one_name,kept (one_name),0,false,no rename away from MON; only today's holder is known,"ingested 0.0765 vs all-adjusted 0.0765 over 2018-06-06..2021-03-16; both feeds break alike, and MS-US-1D is ticker-keyed like the ingested feed, so it cannot separate a re-use from a halt"
MR,stale_run,2019-03-01,unsettled,one_name,kept (one_name),0,false,no rename away from MR; only today's holder is known,"ingested 0.5734 vs all-adjusted 0.5734 over 2016-03-03..2019-03-01; both feeds break alike, and MS-US-1D is ticker-keyed like the ingested feed, so it cannot separate a re-use from a halt"
MSP,stale_run,2020-10-21,unsettled,one_name,kept (one_name),0,false,no rename away from MSP; only today's holder is known,"ingested 2.3606 vs all-adjusted 2.3606 over 2018-10-05..2020-10-21; both feeds break alike, and MS-US-1D is ticker-keyed like the ingested feed, so it cannot separate a re-use from a halt"
MWG,stale_run,2023-04-03,unsettled,one_name,kept (one_name),0,false,no rename away from MWG; only today's holder is known,"ingested 0.3451 vs all-adjusted 0.3505 over 2016-07-19..2023-04-03; both feeds break alike, and MS-US-1D is ticker-keyed like the ingested feed, so it cannot separate a re-use from a halt"
NCI,stale_run,2024-04-23,unsettled,one_name,kept (one_name),0,false,no rename away from NCI; only today's holder is known,"ingested 0.3394 vs all-adjusted 0.3394 over 2019-10-10..2024-04-23; both feeds break alike, and MS-US-1D is ticker-keyed like the ingested feed, so it cannot separate a re-use from a halt"
NCT,trading_gap,2025-03-28,unsettled,one_name,kept (one_name),0,false,no rename away from NCT; only today's holder is known,"ingested 1.6388 vs all-adjusted 1.6388 over 2016-12-28..2025-03-28; both feeds break alike, and MS-US-1D is ticker-keyed like the ingested feed, so it cannot separate a re-use from a halt"
NES,stale_run,2017-10-12,unsettled,one_name,kept (one_name),0,false,no rename away from NES; only today's holder is known,"ingested 58.5139 vs all-adjusted 58.5139 over 2016-01-19..2017-10-12; both feeds break alike, and MS-US-1D is ticker-keyed like the ingested feed, so it cannot separate a re-use from a halt"
NFX,trading_gap,2026-07-07,unsettled,one_name,kept (one_name),0,false,no rename away from NFX; only today's holder is known,cross-check has no bar near 2026-07-07 on its own side
NINE,stale_run,2026-03-31,unsettled,one_name,kept (one_name),0,false,NINEQ is not in the assets file; NINE->NINEQ 2026-02-03,"ingested 13.9860 vs all-adjusted 13.9860 over 2026-01-30..2026-03-31; both feeds break alike, and MS-US-1D is ticker-keyed like the ingested feed, so it cannot separate a re-use from a halt"
NIQ,trading_gap,2025-07-23,unsettled,one_name,kept (one_name),0,false,no rename away from NIQ; only today's holder is known,"ingested 1.4771 vs all-adjusted 1.4771 over 2023-06-23..2025-07-23; both feeds break alike, and MS-US-1D is ticker-keyed like the ingested feed, so it cannot separate a re-use from a halt"
NPT,trading_gap,2025-10-22,unsettled,one_name,kept (one_name),0,false,no rename away from NPT; only today's holder is known,"ingested 0.3584 vs all-adjusted 0.3584 over 2016-04-08..2025-10-22; both feeds break alike, and MS-US-1D is ticker-keyed like the ingested feed, so it cannot separate a re-use from a halt"
NRGD,stale_run,2025-02-20,unsettled,one_name,kept (one_name),0,false,no rename away from NRGD; only today's holder is known,"ingested 0.1441 vs all-adjusted 0.1441 over 2024-07-24..2025-02-20; both feeds break alike, and MS-US-1D is ticker-keyed like the ingested feed, so it cannot separate a re-use from a halt"
NRGU,stale_run,2025-02-20,unsettled,one_name,kept (one_name),0,false,no rename away from NRGU; only today's holder is known,"ingested 0.0520 vs all-adjusted 0.0520 over 2024-07-24..2025-02-20; both feeds break alike, and MS-US-1D is ticker-keyed like the ingested feed, so it cannot separate a re-use from a halt"
NRGZ,stale_run,2020-06-05,unsettled,one_name,kept (one_name),0,false,no rename away from NRGZ; only today's holder is known,"ingested 0.5569 vs all-adjusted 0.5569 over 2020-05-13..2020-06-05; both feeds break alike, and MS-US-1D is ticker-keyed like the ingested feed, so it cannot separate a re-use from a halt"
NSR,stale_run,2021-08-31,unsettled,one_name,kept (one_name),0,false,no rename away from NSR; only today's holder is known,"ingested 0.2104 vs all-adjusted 0.2108 over 2017-08-07..2021-08-31; both feeds break alike, and MS-US-1D is ticker-keyed like the ingested feed, so it cannot separate a re-use from a halt"
NUTR,trading_gap,2025-08-15,unsettled,one_name,kept (one_name),0,false,no rename away from NUTR; only today's holder is known,"ingested 0.0935 vs all-adjusted 0.0935 over 2017-08-22..2025-08-15; both feeds break alike, and MS-US-1D is ticker-keyed like the ingested feed, so it cannot separate a re-use from a halt"
NVX,stale_run,2022-02-02,unsettled,one_name,kept (one_name),0,false,no rename away from NVX; only today's holder is known,"ingested 1.4883 vs all-adjusted 1.4883 over 2016-11-04..2022-02-02; both feeds break alike, and MS-US-1D is ticker-keyed like the ingested feed, so it cannot separate a re-use from a halt"
OBE,stale_run,2022-01-31,unsettled,one_name,kept (one_name),0,false,no rename away from OBE; only today's holder is known,"ingested 45.5828 vs all-adjusted 45.5828 over 2020-04-01..2022-01-31; both feeds break alike, and MS-US-1D is ticker-keyed like the ingested feed, so it cannot separate a re-use from a halt"
OIL,stale_run,2020-07-29,unsettled,one_name,kept (one_name),0,false,no rename away from OIL; only today's holder is known; arrived from OLEM on 2020-07-29,"ingested 4.7481 vs all-adjusted 4.7481 over 2020-04-24..2020-07-29; both feeds break alike, and MS-US-1D is ticker-keyed like the ingested feed, so it cannot separate a re-use from a halt"
OILD,stale_run,2021-11-09,unsettled,one_name,kept (one_name),0,false,no rename away from OILD; only today's holder is known,cross-check has no bar near 2020-03-27 on its own side
OILU,stale_run,2021-11-09,unsettled,one_name,kept (one_name),0,false,no rename away from OILU; only today's holder is known,cross-check has no bar near 2020-03-27 on its own side
OSIR,stale_run,2018-08-01,unsettled,one_name,kept (one_name),0,false,no rename away from OSIR; only today's holder is known,"ingested 2.8627 vs all-adjusted 2.8627 over 2017-03-13..2018-08-01; both feeds break alike, and MS-US-1D is ticker-keyed like the ingested feed, so it cannot separate a re-use from a halt"
PARA,stale_run,2021-02-12,unsettled,one_name,kept (one_name),0,false,no rename away from PARA; only today's holder is known; arrived from VIAC on 2022-02-17; arrived from BNZI on 2026-08-07,cross-check has no bar near 2018-07-11 on its own side
PKD,stale_run,2019-04-03,unsettled,one_name,kept (one_name),0,false,no rename away from PKD; only today's holder is known,"ingested 35.9629 vs all-adjusted 35.9629 over 2018-12-12..2019-04-03; both feeds break alike, and MS-US-1D is ticker-keyed like the ingested feed, so it cannot separate a re-use from a halt"
PMTS,stale_run,2021-08-05,unsettled,one_name,kept (one_name),0,false,no rename away from PMTS; only today's holder is known,"ingested 23.0640 vs all-adjusted 23.0640 over 2020-01-16..2021-08-05; both feeds break alike, and MS-US-1D is ticker-keyed like the ingested feed, so it cannot separate a re-use from a halt"
PN,stale_run,2025-03-04,unsettled,one_name,kept (one_name),0,false,no rename away from PN; only today's holder is known,"ingested 11.1944 vs all-adjusted 11.1944 over 2017-11-22..2025-03-04; both feeds break alike, and MS-US-1D is ticker-keyed like the ingested feed, so it cannot separate a re-use from a halt"
POM,trading_gap,2025-10-08,unsettled,one_name,kept (one_name),0,false,no rename away from POM; only today's holder is known,"ingested 0.1781 vs all-adjusted 0.1781 over 2016-03-23..2025-10-08; both feeds break alike, and MS-US-1D is ticker-keyed like the ingested feed, so it cannot separate a re-use from a halt"
PSIX,stale_run,2024-12-26,unsettled,one_name,kept (one_name),0,false,no rename away from PSIX; only today's holder is known,cross-check has no bar near 2017-04-18 on its own side
QH,stale_run,2026-05-29,unsettled,one_name,kept (one_name),0,false,QHUOY is not in the assets file; QH->QHUOY 2026-04-06,"ingested 82.2340 vs all-adjusted 82.2340 over 2026-04-02..2026-05-29; both feeds break alike, and MS-US-1D is ticker-keyed like the ingested feed, so it cannot separate a re-use from a halt"
RAIN,stale_run,2025-01-02,unsettled,one_name,kept (one_name),0,false,no rename away from RAIN; only today's holder is known; arrived from MITA on 2025-01-02,"ingested 6.0331 vs all-adjusted 6.0331 over 2024-01-25..2025-01-02; both feeds break alike, and MS-US-1D is ticker-keyed like the ingested feed, so it cannot separate a re-use from a halt"
RDUS,stale_run,2023-09-01,unsettled,one_name,kept (one_name),0,false,no rename away from RDUS; only today's holder is known; arrived from SCHN on 2023-09-01,"ingested 3.2212 vs all-adjusted 3.2215 over 2022-08-12..2023-09-01; both feeds break alike, and MS-US-1D is ticker-keyed like the ingested feed, so it cannot separate a re-use from a halt"
RELY,stale_run,2021-09-23,unsettled,one_name,kept (one_name),0,false,no rename away from RELY; only today's holder is known,cross-check has no bar near 2017-11-27 on its own side
RENT,stale_run,2021-10-27,unsettled,one_name,kept (one_name),0,false,no rename away from RENT; only today's holder is known,cross-check has no bar near 2016-01-29 on its own side
RGC,stale_run,2021-07-16,unsettled,one_name,kept (one_name),0,false,no rename away from RGC; only today's holder is known,cross-check has no bar near 2018-02-28 on its own side
RMSG,stale_run,2024-11-20,unsettled,one_name,kept (one_name),0,false,no rename away from RMSG; only today's holder is known; arrived from NOVV on 2024-11-20; arrived from NOVV on 2024-11-21,"ingested 0.1016 vs all-adjusted 0.1016 over 2024-09-13..2024-11-20; both feeds break alike, and MS-US-1D is ticker-keyed like the ingested feed, so it cannot separate a re-use from a halt"
RPRX,stale_run,2020-06-16,unsettled,one_name,kept (one_name),0,false,no rename away from RPRX; only today's holder is known,cross-check has no bar near 2018-01-31 on its own side
RTL,stale_run,2022-02-15,unsettled,one_name,kept (one_name),0,false,no rename away from RTL; only today's holder is known; arrived from AFIN on 2022-02-15,"ingested 0.5671 vs all-adjusted 0.5673 over 2020-05-20..2022-02-15; both feeds break alike, and MS-US-1D is ticker-keyed like the ingested feed, so it cannot separate a re-use from a halt"
S,stale_run,2021-06-30,unsettled,one_name,kept (one_name),0,false,no rename away from S; only today's holder is known,cross-check has no bar near 2020-03-31 on its own side
SAIL,stale_run,2025-02-13,unsettled,one_name,kept (one_name),0,false,no rename away from SAIL; only today's holder is known,"ingested 0.3372 vs all-adjusted 0.3372 over 2022-08-15..2025-02-13; both feeds break alike, and MS-US-1D is ticker-keyed like the ingested feed, so it cannot separate a re-use from a halt"
SD,stale_run,2016-10-04,unsettled,one_name,kept (one_name),0,false,no rename away from SD; only today's holder is known,"ingested 130.0000 vs all-adjusted 130.0094 over 2016-01-06..2016-10-04; both feeds break alike, and MS-US-1D is ticker-keyed like the ingested feed, so it cannot separate a re-use from a halt"
SE,stale_run,2017-10-20,unsettled,one_name,kept (one_name),0,false,no rename away from SE; only today's holder is known,"ingested 0.3997 vs all-adjusted 0.3997 over 2017-02-24..2017-10-20; both feeds break alike, and MS-US-1D is ticker-keyed like the ingested feed, so it cannot separate a re-use from a halt"
SERV,stale_run,2024-04-18,unsettled,one_name,kept (one_name),0,false,TMX is not in the assets file; SERV->TMX 2020-10-05,cross-check has no bar near 2020-10-02 on its own side
SES,stale_run,2022-02-04,unsettled,one_name,kept (one_name),0,false,no rename away from SES; only today's holder is known; arrived from IVAN on 2022-02-04,"ingested 2.5560 vs all-adjusted 2.5560 over 2020-05-15..2022-02-04; both feeds break alike, and MS-US-1D is ticker-keyed like the ingested feed, so it cannot separate a re-use from a halt"
SEZL,stale_run,2023-09-14,unsettled,one_name,kept (one_name),0,false,no rename away from SEZL; only today's holder is known,"ingested 0.1950 vs all-adjusted 0.1950 over 2023-08-17..2023-09-14; both feeds break alike, and MS-US-1D is ticker-keyed like the ingested feed, so it cannot separate a re-use from a halt"
SG,trading_gap,2021-11-18,unsettled,one_name,kept (one_name),0,false,no rename away from SG; only today's holder is known,cross-check has no bar near 2020-12-31 on its own side
SHNY,stale_run,2023-02-22,unsettled,one_name,kept (one_name),0,false,no rename away from SHNY; only today's holder is known,"ingested 4.9140 vs all-adjusted 4.9140 over 2018-09-24..2023-02-22; both feeds break alike, and MS-US-1D is ticker-keyed like the ingested feed, so it cannot separate a re-use from a halt"
SI,trading_gap,2025-07-31,unsettled,one_name,kept (one_name),0,false,no rename away from SI; only today's holder is known,cross-check has no bar near 2023-05-10 on its own side
SMCI,stale_run,2020-01-14,unsettled,one_name,kept (one_name),0,false,no rename away from SMCI; only today's holder is known,"ingested 1.7252 vs all-adjusted 1.7252 over 2018-08-22..2020-01-14; both feeds break alike, and MS-US-1D is ticker-keyed like the ingested feed, so it cannot separate a re-use from a halt"
SMHD,trading_gap,2026-08-04,unsettled,one_name,kept (one_name),0,false,no rename away from SMHD; only today's holder is known,cross-check has no bar near 2026-08-04 on its own side
SMRT,stale_run,2021-02-05,unsettled,one_name,kept (one_name),0,false,no rename away from SMRT; only today's holder is known; arrived from FWAA on 2021-08-25,cross-check has no bar near 2020-08-21 on its own side
SN,stale_run,2023-07-31,unsettled,one_name,kept (one_name),0,false,no rename away from SN; only today's holder is known,"ingested 117.2997 vs all-adjusted 117.3148 over 2019-02-19..2023-07-31; both feeds break alike, and MS-US-1D is ticker-keyed like the ingested feed, so it cannot separate a re-use from a halt"
SNOW,stale_run,2020-09-16,unsettled,one_name,kept (one_name),0,false,no rename away from SNOW; only today's holder is known,cross-check has no bar near 2017-07-31 on its own side
SPLS,trading_gap,2026-01-16,unsettled,one_name,kept (one_name),0,false,no rename away from SPLS; only today's holder is known,"ingested 4.8787 vs all-adjusted 4.8806 over 2017-09-12..2026-01-16; both feeds break alike, and MS-US-1D is ticker-keyed like the ingested feed, so it cannot separate a re-use from a halt"
STXS,stale_run,2019-09-06,unsettled,one_name,kept (one_name),0,false,no rename away from STXS; only today's holder is known,"ingested 3.6304 vs all-adjusted 3.6304 over 2016-08-03..2019-09-06; both feeds break alike, and MS-US-1D is ticker-keyed like the ingested feed, so it cannot separate a re-use from a halt"
TBRG,stale_run,2024-03-04,unsettled,one_name,kept (one_name),0,false,no rename away from TBRG; only today's holder is known; arrived from CPSI on 2024-03-04,"ingested 0.5763 vs all-adjusted 0.2823 over 2019-07-11..2024-03-04; the feeds break by different factors, and MS-US-1D is ticker-keyed like the ingested feed, so it cannot separate a re-use from a halt"
TCRX,stale_run,2021-07-16,unsettled,one_name,kept (one_name),0,false,no rename away from TCRX; only today's holder is known,cross-check has no bar near 2018-10-04 on its own side
TDW,trading_gap,2017-08-01,unsettled,one_name,kept (one_name),0,false,no rename away from TDW; only today's holder is known,cross-check has no bar near 2016-12-30 on its own side
TGEN,trading_gap,2025-05-06,unsettled,one_name,kept (one_name),0,false,no rename away from TGEN; only today's holder is known,cross-check has no bar near 2020-06-18 on its own side
TIG,stale_run,2020-07-16,unsettled,one_name,kept (one_name),0,false,no rename away from TIG; only today's holder is known,"ingested 0.3695 vs all-adjusted 0.3695 over 2018-07-25..2020-07-16; both feeds break alike, and MS-US-1D is ticker-keyed like the ingested feed, so it cannot separate a re-use from a halt"
TIL,stale_run,2021-03-19,unsettled,one_name,kept (one_name),0,false,no rename away from TIL; only today's holder is known,cross-check has no bar near 2018-04-30 on its own side
TLN,stale_run,2024-07-10,unsettled,one_name,kept (one_name),0,false,no rename away from TLN; only today's holder is known,cross-check has no bar near 2016-12-05 on its own side
TNDM,trading_gap,2017-10-10,unsettled,one_name,kept (one_name),0,false,no rename away from TNDM; only today's holder is known,cross-check has no bar near 2016-12-30 on its own side
TOP,stale_run,2023-05-30,unsettled,one_name,kept (one_name),0,false,no rename away from TOP; only today's holder is known,"ingested 1.6254 vs all-adjusted 1.6254 over 2023-05-12..2023-05-30; both feeds break alike, and MS-US-1D is ticker-keyed like the ingested feed, so it cannot separate a re-use from a halt"
TW,stale_run,2019-04-04,unsettled,one_name,kept (one_name),0,false,no rename away from TW; only today's holder is known,cross-check has no bar near 2016-01-04 on its own side
UN,trading_gap,2026-07-07,unsettled,one_name,kept (one_name),0,false,no rename away from UN; only today's holder is known,cross-check has no bar near 2026-07-07 on its own side
VAL,stale_run,2021-05-03,unsettled,one_name,kept (one_name),0,false,no rename away from VAL; only today's holder is known,"ingested 71.8182 vs all-adjusted 71.8182 over 2020-08-14..2021-05-03; both feeds break alike, and MS-US-1D is ticker-keyed like the ingested feed, so it cannot separate a re-use from a halt"
VELO,trading_gap,2025-08-19,unsettled,one_name,kept (one_name),0,false,no rename away from VELO; only today's holder is known,cross-check has no bar near 2022-12-20 on its own side
VIA,trading_gap,2025-09-12,unsettled,one_name,kept (one_name),0,false,no rename away from VIA; only today's holder is known; arrived from SPKE on 2021-09-17,"ingested 4.5030 vs all-adjusted 4.5030 over 2024-06-13..2025-09-12; both feeds break alike, and MS-US-1D is ticker-keyed like the ingested feed, so it cannot separate a re-use from a halt"
VRM,stale_run,2025-02-20,unsettled,one_name,kept (one_name),0,false,VRMMQ is not in the assets file; VRM->VRMMQ 2024-12-02,"ingested 6.1876 vs all-adjusted 6.1876 over 2024-11-29..2025-02-20; both feeds break alike, and MS-US-1D is ticker-keyed like the ingested feed, so it cannot separate a re-use from a halt"
WLTH,trading_gap,2025-12-12,unsettled,one_name,kept (one_name),0,false,no rename away from WLTH; only today's holder is known,"ingested 1.7025 vs all-adjusted 1.7057 over 2023-06-09..2025-12-12; both feeds break alike, and MS-US-1D is ticker-keyed like the ingested feed, so it cannot separate a re-use from a halt"
WOOF,stale_run,2021-01-14,unsettled,one_name,kept (one_name),0,false,no rename away from WOOF; only today's holder is known,cross-check has no bar near 2017-09-11 on its own side
WTID,stale_run,2023-02-15,unsettled,one_name,kept (one_name),0,false,no rename away from WTID; only today's holder is known,"ingested 1.6060 vs all-adjusted 1.6060 over 2020-03-25..2023-02-15; both feeds break alike, and MS-US-1D is ticker-keyed like the ingested feed, so it cannot separate a re-use from a halt"
WTIU,stale_run,2023-02-15,unsettled,one_name,kept (one_name),0,false,no rename away from WTIU; only today's holder is known,"ingested 106.8920 vs all-adjusted 106.8920 over 2020-04-08..2023-02-15; both feeds break alike, and MS-US-1D is ticker-keyed like the ingested feed, so it cannot separate a re-use from a halt"
WW,stale_run,2025-07-07,unsettled,one_name,kept (one_name),0,false,WGHTQ is not in the assets file; WW->WGHTQ 2025-05-16; arrived from WGHW on 2025-07-08,"ingested 160.2564 vs all-adjusted 160.2564 over 2025-05-15..2025-07-07; both feeds break alike, and MS-US-1D is ticker-keyed like the ingested feed, so it cannot separate a re-use from a halt"
XE,trading_gap,2026-04-24,unsettled,one_name,kept (one_name),0,false,no rename away from XE; only today's holder is known,"ingested 2.9997 vs all-adjusted 2.9997 over 2017-09-05..2026-04-24; both feeds break alike, and MS-US-1D is ticker-keyed like the ingested feed, so it cannot separate a re-use from a halt"
XOG,stale_run,2021-01-21,unsettled,one_name,kept (one_name),0,false,no rename away from XOG; only today's holder is known,"ingested 110.9057 vs all-adjusted 110.9057 over 2020-06-24..2021-01-21; both feeds break alike, and MS-US-1D is ticker-keyed like the ingested feed, so it cannot separate a re-use from a halt"
ZBIO,stale_run,2024-09-13,unsettled,one_name,kept (one_name),0,false,no rename away from ZBIO; only today's holder is known,"ingested 1.7988 vs all-adjusted 1.7988 over 2020-03-27..2024-09-13; both feeds break alike, and MS-US-1D is ticker-keyed like the ingested feed, so it cannot separate a re-use from a halt"
ADV,leading_padding,2019-09-09,"","","trimmed (leading padding, D-398 (3))",545,false,"",""
AENT,leading_padding,2021-03-24,"","","trimmed (leading padding, D-398 (3))",278,false,"",""
AHCO,leading_padding,2018-06-13,"","","trimmed (leading padding, D-398 (3))",13,false,"",""
ALTI,leading_padding,2021-04-27,"","","trimmed (leading padding, D-398 (3))",835,false,"",""
AMOD,leading_padding,2021-10-26,"","","trimmed (leading padding, D-398 (3))",179,false,"",""
ARKO,leading_padding,2019-07-23,"","","trimmed (leading padding, D-398 (3))",31,false,"",""
AVAT,leading_padding,2025-02-03,"","","trimmed (leading padding, D-398 (3))",407,false,"",""
AXG,leading_padding,2023-09-07,"","","trimmed (leading padding, D-398 (3))",1226,false,"",""
BBAI,leading_padding,2021-04-05,"","","trimmed (leading padding, D-398 (3))",339,false,"",""
BYAH,leading_padding,2024-12-27,"","","trimmed (leading padding, D-398 (3))",1567,false,"",""
CDRO,leading_padding,2021-01-27,"","","trimmed (leading padding, D-398 (3))",220,false,"",""
CLDI,leading_padding,2021-11-01,"","","trimmed (leading padding, D-398 (3))",393,false,"",""
DJT,leading_padding,2021-09-30,"","","trimmed (leading padding, D-398 (3))",872,false,"",""
ENSC,leading_padding,2018-03-14,"","","trimmed (leading padding, D-398 (3))",12,false,"",""
FOXX,leading_padding,2022-08-08,"","","trimmed (leading padding, D-398 (3))",284,false,"",""
GHIV,leading_padding,2020-04-08,"","","trimmed (leading padding, D-398 (3))",11,false,"",""
GRAB,leading_padding,2020-12-01,"","","trimmed (leading padding, D-398 (3))",570,false,"",""
HDRN,leading_padding,2024-09-11,"","","trimmed (leading padding, D-398 (3))",692,false,"",""
IMFC,leading_padding,2018-10-29,"","","trimmed (leading padding, D-398 (3))",56,false,"",""
KNAB,leading_padding,2019-04-18,"","","trimmed (leading padding, D-398 (3))",11,false,"",""
LNZA,leading_padding,2021-09-24,"","","trimmed (leading padding, D-398 (3))",160,false,"",""
LOAC,leading_padding,2018-10-31,"","","trimmed (leading padding, D-398 (3))",11,false,"",""
MIR,leading_padding,2020-08-20,"","","trimmed (leading padding, D-398 (3))",134,false,"",""
NEXT,leading_padding,2016-02-08,"","","trimmed (leading padding, D-398 (3))",14,false,"",""
NRDY,leading_padding,2020-11-27,"","","trimmed (leading padding, D-398 (3))",936,false,"",""
OABI,leading_padding,2021-09-30,"","","trimmed (leading padding, D-398 (3))",702,false,"",""
OIO,leading_padding,2023-08-04,"","","trimmed (leading padding, D-398 (3))",872,false,"",""
OUST,leading_padding,2020-10-09,"","","trimmed (leading padding, D-398 (3))",829,false,"",""
OWL,leading_padding,2020-12-14,"","","trimmed (leading padding, D-398 (3))",581,false,"",""
PAAC,leading_padding,2016-02-03,"","","trimmed (leading padding, D-398 (3))",21,false,"",""
PEW,leading_padding,2024-01-11,"","","trimmed (leading padding, D-398 (3))",121,false,"",""
PR,leading_padding,2016-05-02,"","","trimmed (leading padding, D-398 (3))",11,false,"",""
QULL,leading_padding,2021-03-25,"","","trimmed (leading padding, D-398 (3))",28,false,"",""
RMIX,leading_padding,2023-09-15,"","","trimmed (leading padding, D-398 (3))",326,false,"",""
SDST,leading_padding,2021-03-05,"","","trimmed (leading padding, D-398 (3))",775,false,"",""
SKIL,leading_padding,2019-07-26,"","","trimmed (leading padding, D-398 (3))",713,false,"",""
SMPL,leading_padding,2016-10-07,"","","trimmed (leading padding, D-398 (3))",16,false,"",""
SMX,leading_padding,2021-12-09,"","","trimmed (leading padding, D-398 (3))",617,false,"",""
SPIR,leading_padding,2020-11-03,"","","trimmed (leading padding, D-398 (3))",576,false,"",""
STPP,leading_padding,2016-01-19,"","","trimmed (leading padding, D-398 (3))",10,false,"",""
SUPX,leading_padding,2024-04-17,"","","trimmed (leading padding, D-398 (3))",1712,false,"",""
TH,leading_padding,2018-04-16,"","","trimmed (leading padding, D-398 (3))",92,false,"",""
TYNS,leading_padding,2016-02-10,"","","trimmed (leading padding, D-398 (3))",24,false,"",""
ULBR,leading_padding,2017-09-27,"","","trimmed (leading padding, D-398 (3))",20,false,"",""
UWMC,leading_padding,2020-04-08,"","","trimmed (leading padding, D-398 (3))",11,false,"",""
VEAC,leading_padding,2017-05-12,"","","trimmed (leading padding, D-398 (3))",10,false,"",""
VRRM,leading_padding,2017-04-10,"","","trimmed (leading padding, D-398 (3))",11,false,"",""
WBX,leading_padding,2021-04-19,"","","trimmed (leading padding, D-398 (3))",96,false,"",""
XRPN,leading_padding,2025-06-24,"","","trimmed (leading padding, D-398 (3))",212,false,"",""
BIOS,stale_run,2022-01-28,unsettled,re_use,"trimmed (re_use, D-700)",1529,false,"BIOS->OPCH 2020-02-03: before 'Option Care Health, Inc. Common Stock', after 'BioPlus Acquisition Corp. Class A Ordinary Shares'","ingested 0.5861 vs all-adjusted 0.5861 over 2020-01-31..2022-01-28; both feeds break alike, and MS-US-1D is ticker-keyed like the ingested feed, so it cannot separate a re-use from a halt"
CLBR,stale_run,2026-03-27,unsettled,re_use,"trimmed (re_use, D-700)",1186,false,"CLBR->PEW 2025-07-16: before 'GrabAGun Digital Holdings Inc.', after 'Colombier Acquisition Corp. III'","ingested 0.5841 vs all-adjusted 0.5841 over 2025-07-15..2026-03-27; both feeds break alike, and MS-US-1D is ticker-keyed like the ingested feed, so it cannot separate a re-use from a halt"
FB,trading_gap,2025-06-26,unsettled,re_use,"trimmed (re_use, D-700)",1620,false,"FB->META 2022-06-09: before 'Meta Platforms, Inc. Class A Common Stock', after 'ProShares S&P 500 Dynamic Buffer ETF'","ingested 0.2030 vs all-adjusted 0.2029 over 2022-06-08..2025-06-26; both feeds break alike, and MS-US-1D is ticker-keyed like the ingested feed, so it cannot separate a re-use from a halt"
GRI,stale_run,2021-02-10,unsettled,re_use,"trimmed (re_use, D-700)",1259,false,"GRI->RDOG 2020-01-02: before 'ALPS REIT Dividend Dogs ETF', after 'GRI Bio, Inc. Common Stock'; arrived from VLON on 2023-04-24",cross-check has no bar near 2019-12-31 on its own side
ISRL,stale_run,2026-09-01,unsettled,re_use,"trimmed (re_use, D-700)",2680,false,"ISRL->ISRLF 2025-12-04: before 'Israel Acquisitions Corp Class A Ord Shs (Cayman)', after 'Tidal Trust V Defiance KSM Israel 120 ETF'",cross-check has no bar near 2026-09-01 on its own side
LIFE,trading_gap,2026-01-29,unsettled,re_use,"trimmed (re_use, D-700)",2119,false,"LIFE->ATYR 2024-06-05: before 'aTyr Pharma, Inc. Common Stock', after 'Ethos Technologies Inc. Class A Common Stock'","ingested 8.8684 vs all-adjusted 8.8684 over 2024-06-04..2026-01-29; both feeds break alike, and MS-US-1D is ticker-keyed like the ingested feed, so it cannot separate a re-use from a halt"
LION,stale_run,2024-05-14,unsettled,re_use,"trimmed (re_use, D-700)",2104,false,"LION->SMX 2023-03-21: before 'SMX (Security Matters) Public Limited Company Ordinary Shares', after 'Lionsgate Studios Corp.'; arrived from SCRM on 2024-05-14","ingested 1.5683 vs all-adjusted 1.5683 over 2023-03-07..2024-05-14; both feeds break alike, and MS-US-1D is ticker-keyed like the ingested feed, so it cannot separate a re-use from a halt"
LWAC,trading_gap,2025-08-15,unsettled,re_use,"trimmed (re_use, D-700)",125,false,"LWAC->EFTR 2021-09-01: before 'EFFECTOR THERAPEUTICS INC Common Stock', after 'LightWave Acquisition Corp. Class A Ordinary Shares'","ingested 0.5883 vs all-adjusted 0.5883 over 2021-08-25..2025-08-15; both feeds break alike, and MS-US-1D is ticker-keyed like the ingested feed, so it cannot separate a re-use from a halt"
RUBI,trading_gap,2025-08-04,unsettled,re_use,"trimmed (re_use, D-700)",1131,false,"RUBI->MGNI 2020-07-01: before 'Magnite, Inc. Common Stock', after 'Rubico Inc. Common Stock'","ingested 0.5097 vs all-adjusted 0.5097 over 2020-06-30..2025-08-04; both feeds break alike, and MS-US-1D is ticker-keyed like the ingested feed, so it cannot separate a re-use from a halt"
SZZL,trading_gap,2025-05-23,unsettled,re_use,"trimmed (re_use, D-700)",516,false,"SZZL->CRML 2024-02-28: before 'Critical Metals Corp. Ordinary Shares', after 'Sizzle Acquisition Corp. II Class A ordinary shares'","ingested 0.4404 vs all-adjusted 0.4404 over 2024-02-27..2025-05-23; both feeds break alike, and MS-US-1D is ticker-keyed like the ingested feed, so it cannot separate a re-use from a halt"
