symbol,clean_bars,has_split
ADV,1742,true
AENT,1284,true
AHCO,2055,true
ALTI,1356,true
AMOD,1184,true
ARKO,1800,true
AVAT,397,false
AXG,761,true
BBAI,1372,true
BIOS,425,false
BYAH,432,false
CDRO,1418,true
CLBR,121,false
CLDI,1203,true
DJT,1247,true
ENSC,2046,true
FB,310,false
FOXX,968,true
GHIV,199,false
GRAB,1456,true
GRI,1408,true
HDRN,507,false
IMFC,218,false
ISRL,13,false
KNAB,210,false
LIFE,161,false
LION,589,false
LNZA,1250,true
LOAC,398,false
LWAC,264,false
MIR,1527,true
NEXT,2609,true
NRDY,1458,true
OABI,1247,true
OIO,784,true
OUST,1492,true
OWL,1447,true
PAAC,706,true
PEW,674,true
PR,2611,true
QULL,1313,true
RMIX,755,true
RUBI,284,false
SDST,1372,true
SKIL,1797,true
SMPL,2486,true
SMX,1156,true
SPIR,1475,true
STPP,1042,true
SUPX,608,false
SZZL,332,false
TH,2109,true
TYNS,483,false
ULBR,506,false
UWMC,1620,true
VEAC,472,false
VRRM,2374,true
WBX,1362,true
XRPN,312,false
