symbol,resumes,break_start,source,gap_days,name_verdict,coverage,relation,action,reason,cusips_before,cusips_after,types_before,types_after,ceased_before,dropped_rekeyed,split_verdict,split_evidence
AACI,2025-06-24,2024-08-15,long gap 1D,313,,both,different_issuer,trim,"",04208V103,G0R38G104,name_changes|unit_splits,name_changes,"",0,,""
ACI,2020-06-26,2016-01-08,T04k kept+long gap 1D,1631,one_name,after_only,,unsettled,cusip_after_only,"",013091103,"",cash_dividends,"",0,,""
ACT,2021-09-16,2020-10-30,long gap 1D,321,,both,different_issuer,trim,"",00768Y545,29249E109,name_changes,cash_dividends,"",0,,""
ADPT,2019-06-27,2017-04-19,T04k kept+long gap 1D,799,one_name,none,,unsettled,cusip_none,"","","","","",0,,""
ADT,2018-01-19,2016-04-29,T04k kept+long gap 1D+long gap 1H,630,one_name,after_only,,unsettled,cusip_after_only,"",00090Q103,"",cash_dividends,"",0,,""
AGC,2020-12-01,2018-08-24,T04k kept+long gap 1D,830,disagrees,after_only,,unsettled,cusip_after_only,"",G0370L108|G4124C109,"",name_changes|stock_mergers|unit_splits,"",0,,""
AHL,2025-05-08,2019-02-14,long gap 1D,2275,,after_only,,unsettled,cusip_after_only,"",G05384501,"",cash_mergers,"",0,,""
AHPA,2021-09-30,2018-10-30,long gap 1D,1066,,after_only,,unsettled,cusip_after_only,"",G07247102,"",stock_mergers|unit_splits,"",0,,""
AHPAU,2021-08-10,2018-10-29,long gap 1D,1016,,after_only,,unsettled,cusip_after_only,"",G07247110,"",unit_splits,"",0,,""
AI,2020-12-09,2019-12-31,T04k kept+long gap 1D,344,one_name,before_only,,unsettled,cusip_before_only,041356205,"",name_changes,"","",0,,""
AIB,2022-02-23,2017-08-30,long gap 1D,1638,,after_only,,unsettled,cusip_after_only,"",G0R45S109,"",name_changes,"",0,,""
AIB,2026-03-17,2024-05-08,T04k kept+long gap 1D,678,ambiguous,both,different_issuer,trim,"",G0R45S109,093919108,name_changes,stock_mergers,"",0,,""
AIM,2025-06-17,"",T04k kept,,ambiguous,both,same_issuer,unsettled,same_issuer_split_unsettled,00901B105,00901B303,name_changes,cash_dividends|name_changes|rights_distributions|stock_dividends,"",0,unexplained_jump,"close ratio 106.9547 across 2025-04-04..2025-06-17 is a jump the recorded split(s) (2025-06-12 x100) do not explain; D-399 cross-check: unsettled (ingested 106.9547 vs all-adjusted 107.0000 over 2025-04-04..2025-06-17; both feeds break alike, and MS-US-1D is ticker-keyed like the ingested feed, so it cannot separate a re-use from a halt)"
AKTS,2026-01-09,2024-12-17,T04k kept+long gap 1D,388,one_name,before_only,,unsettled,cusip_before_only,00973N102,"",name_changes,"","",0,,""
ALF,2024-08-01,2022-10-24,T04k kept+long gap 1D,647,one_name,none,,unsettled,cusip_none,"","","","","",0,,""
ALPS,2025-10-31,2023-07-20,T04k kept+long gap 1D,834,one_name,both,different_issuer,trim,"",021009105,G0231P108,cash_dividends|name_changes,stock_mergers,"",0,,""
AMLX,2022-01-07,2018-04-19,T04k kept+long gap 1D,1359,one_name,none,,unsettled,cusip_none,"","","","","",0,,""
AMUB,2016-11-23,2016-04-06,long gap 1D,231,,after_only,,unsettled,cusip_after_only,"",90274D374,"",cash_dividends,"",0,,""
ANGI,2017-10-02,2016-12-30,T04k kept+long gap 1D,276,one_name,after_only,,unsettled,cusip_after_only,"",00183L102|00183L201,"",reverse_splits|spin_offs,"",1,,""
ANTX,2022-03-25,2018-04-30,T04k kept+long gap 1D,1425,one_name,none,,unsettled,cusip_none,"","","","","",0,,""
APAC,2025-11-21,2024-04-02,long gap 1D,598,,both,different_issuer,trim,"",G85094103,G85096108,name_changes|stock_mergers|unit_splits,unit_splits,stock_mergers,0,,""
APC,2026-02-12,2019-08-08,T04k kept+long gap 1D+long gap 1H,2380,one_name,after_only,,unsettled,cusip_after_only,"",04124A100,"",cash_dividends,"",0,,""
APUS,2026-05-05,"",T04k kept,,one_name,after_only,,unsettled,cusip_after_only,"",03771D102|03771D201,"",reverse_splits,"",0,,""
APXT,2025-11-17,2021-07-01,long gap 1D,1600,,both,different_issuer,trim,"",053604104,G04104108,name_changes,unit_splits,"",0,,""
ARCI,2026-03-16,2019-09-10,T04k kept+long gap 1D,2379,one_name,after_only,,unsettled,cusip_after_only,"",G0453R105,"",unit_splits,"",0,,""
ARMH,2025-03-14,2016-09-02,long gap 1D,3115,,after_only,,unsettled,cusip_after_only,"",74016W759,"",cash_dividends|forward_splits,"",0,,""
ARRY,2020-10-15,2019-07-29,long gap 1D,444,,none,,unsettled,cusip_none,"","","","","",0,,""
ASPC,2025-01-03,2022-08-03,T04k kept+long gap 1D,884,one_name,both,different_issuer,trim,"",G0316P130,G0544A103,name_changes|stock_mergers|unit_splits,unit_splits,stock_mergers,0,,""
ASTC,2017-10-16,2016-12-30,T04k kept+long gap 1D,290,one_name,after_only,,unsettled,cusip_after_only,"",046484200|046484309,"",reverse_splits,"",0,,""
ASTI,2022-08-24,2016-02-24,T04k kept+long gap 1D,2373,one_name,both,same_cusip,unsettled,same_issuer_split_unsettled,043635507|043635606,043635606|043635705|043635804,reverse_splits,reverse_splits,"",0,unexplained_jump,"close ratio 0.0303 across 2016-02-24..2022-08-24 is a jump the recorded split(s) (2022-01-31 x5000) do not explain; D-399 cross-check: unsettled (ingested 0.0303 vs all-adjusted 0.0303 over 2016-02-24..2022-08-24; both feeds break alike, and MS-US-1D is ticker-keyed like the ingested feed, so it cannot separate a re-use from a halt)"
AT,2026-09-15,2021-05-14,T04k kept+long gap 1D,1950,one_name,before_only,,unsettled,cusip_before_only,04878Q863,"",cash_mergers,"",cash_mergers,0,,""
ATAI,2021-06-18,2019-10-16,T04k kept+long gap 1D,611,one_name,after_only,,unsettled,cusip_after_only,"",04650F101|N0731H103,"",name_changes|stock_and_cash_mergers,"",0,,""
ATCX,2026-01-09,2023-04-18,long gap 1D,997,,before_only,,unsettled,cusip_before_only,049430101,"",cash_mergers|name_changes,"",cash_mergers,0,,""
ATHN,2021-05-07,2019-02-11,T04k kept+long gap 1D,816,disagrees,after_only,,unsettled,cusip_after_only,"",04687A109|42329E105,"",name_changes|unit_splits,"",0,,""
AVIR,2020-10-30,2018-02-13,T04k kept+long gap 1D,990,one_name,none,,unsettled,cusip_none,"","","","","",0,,""
AVX,2021-07-08,2020-03-27,T04k kept+long gap 1D,468,one_name,after_only,,unsettled,cusip_after_only,"",05353F108|05353F207,"",name_changes|reverse_splits,"",0,,""
AYA,2026-05-04,2017-07-31,long gap 1D,3199,,none,,unsettled,cusip_none,"","","","","",0,,""
BBBY,2025-08-29,2023-05-02,T04k kept+long gap 1D+long gap 1H,850,disagrees,both,different_issuer,trim,"",075896100,690370101,cash_dividends,name_changes|spin_offs|stock_mergers,"",0,,""
BEAT,2021-11-11,2020-12-31,T04k kept+long gap 1D,315,one_name,before_only,,unsettled,cusip_before_only,090672106,"",cash_mergers,"",cash_mergers,0,,""
BEBE,2026-02-06,2017-12-15,T04k kept+long gap 1D,2975,one_name,before_only,,unsettled,cusip_before_only,075571208,"",cash_dividends,"","",0,,""
BID,2026-07-20,2019-10-02,T04k kept+long gap 1D,2483,one_name,none,,unsettled,cusip_none,"","","","","",0,,""
BIOA,2024-09-26,2018-02-08,T04k kept+long gap 1D,2422,one_name,none,,unsettled,cusip_none,"","","","","",0,,""
BLIN,2017-07-25,2016-12-30,long gap 1D,207,,none,,unsettled,cusip_none,"","","","","",0,,""
BLUW,2025-07-31,2021-09-09,long gap 1D,1421,,both,different_issuer,trim,"",18271L107,G1368E106,name_changes,unit_splits,"",0,,""
BMR,2023-02-28,2016-01-27,T04k kept+long gap 1D,2589,one_name,none,,unsettled,cusip_none,"","","","","",0,,""
BNKD,2025-02-20,2024-07-24,T04k kept+long gap 1D,211,one_name,both,mixed,unsettled,cusip_mixed,063679625|063679781|06367V501,063679336|063679377,cash_mergers|reverse_splits,reverse_splits,cash_mergers,0,,""
BNKU,2025-02-20,2024-07-24,long gap 1D,211,,before_only,,unsettled,cusip_before_only,063679823,"",cash_mergers,"",cash_mergers,0,,""
BOLD,2024-03-28,2020-01-14,T04k kept+long gap 1D,1535,one_name,none,,unsettled,cusip_none,"","","","","",0,,""
BPAC,2026-01-06,2023-06-05,long gap 1D,946,,after_only,,unsettled,cusip_after_only,"",G1196A102,"",unit_splits,"",0,,""
BRAC,2022-02-23,2019-08-09,T04k kept+long gap 1D,929,one_name,none,,unsettled,cusip_none,"","","","","",0,,""
BREZ,2026-06-11,2024-05-28,long gap 1D,744,,before_only,,unsettled,cusip_before_only,106762107,"",name_changes|unit_splits,"","",0,,""
BRPM,2021-04-13,2020-02-14,long gap 1D,424,,both,different_issuer,trim,"",02128L106,05601V103,name_changes,name_changes|stock_mergers|unit_splits,"",0,,""
BTU,2017-04-04,2016-04-12,T04k kept+long gap 1D,357,one_name,after_only,,unsettled,cusip_after_only,"",704551100,"",cash_dividends,"",0,,""
BURU,2026-09-14,2025-12-31,T04k kept+long gap 1D,257,disagrees,both,same_issuer,unsettled,same_issuer_split_unsettled,67021W103|67021W301|67021W400,67021W509,name_changes|reverse_splits,name_changes,"",1,unexplained_jump,"close ratio 0.0425 across 2025-12-31..2026-09-14 is a jump the recorded split(s) (2026-03-02 x4.99, 2026-09-02 x40) do not explain; D-399 cross-check: unsettled (cross-check has no bar near 2026-09-14 on its own side)"
CA,2023-12-15,2018-10-30,T04k kept+long gap 1D+long gap 1H,1872,one_name,after_only,,unsettled,cusip_after_only,"",23306X852,"",cash_dividends|cash_mergers,"",0,,""
CAI,2025-06-18,2021-11-22,T04k kept+long gap 1D,1304,one_name,before_only,,unsettled,cusip_before_only,12477X106,"",cash_dividends|cash_mergers,"",cash_mergers,0,,""
CAM,2025-10-06,2016-04-01,T04k kept+long gap 1D+long gap 1H,3475,one_name,after_only,,unsettled,cusip_after_only,"",00039J772,"",cash_dividends,"",0,,""
CAMP,2024-10-11,2023-12-29,T04k kept+long gap 1D,287,one_name,before_only,,unsettled,cusip_before_only,128126109|128126208,"",name_changes|reverse_splits,"","",0,,""
CAPN,2024-10-24,2017-05-11,T04k kept+long gap 1D,2723,one_name,after_only,,unsettled,cusip_after_only,"",G1993W109,"",unit_splits,"",0,,""
CART,2023-09-19,2019-12-31,T04k kept+long gap 1D,1358,one_name,none,,unsettled,cusip_none,"","","","","",0,,""
CBK,2025-10-02,2019-04-17,T04k kept+long gap 1D,2360,one_name,after_only,,unsettled,cusip_after_only,"",20112C106,"",cash_dividends,"",0,,""
CBL,2021-11-02,2020-11-02,T04k kept+long gap 1D,365,one_name,after_only,,unsettled,cusip_after_only,"",124830878,"",cash_dividends,"",0,,""
CBNK,2018-09-26,2016-10-21,long gap 1D,705,,after_only,,unsettled,cusip_after_only,"",139737100,"",cash_dividends|stock_and_cash_mergers,"",0,,""
CCXI,2026-02-09,2022-10-19,T04k kept+long gap 1D,1209,one_name,before_only,,unsettled,cusip_before_only,16383L106,"",cash_mergers,"",cash_mergers,0,,""
CHAC,2025-05-19,2019-10-28,long gap 1D,2030,,after_only,,unsettled,cusip_after_only,"",G24979109,"",name_changes|unit_splits,"",0,,""
CHK,2021-02-10,2020-06-26,T04k kept+long gap 1D,229,disagrees,both,same_issuer,unsettled,same_issuer_split_unsettled,165167107|165167743,165167735,reverse_splits,cash_dividends|name_changes|stock_and_cash_mergers|stock_mergers,"",0,unexplained_jump,"close ratio 3.7966 across 2020-06-26..2021-02-10 is a jump the recorded split(s) (none recorded) do not explain; D-399 cross-check: unsettled (ingested 3.7966 vs all-adjusted 3.7968 over 2020-06-26..2021-02-10; both feeds break alike, and MS-US-1D is ticker-keyed like the ingested feed, so it cannot separate a re-use from a halt)"
CIVI,2021-11-02,2019-03-07,T04k kept+long gap 1D,971,one_name,after_only,,unsettled,cusip_after_only,"",17888H103,"",cash_dividends|name_changes|stock_mergers,"",2,,""
CMD,2016-12-05,"",T04k kept,,one_name,after_only,,unsettled,cusip_after_only,"",138098108,"",stock_and_cash_mergers,"",0,,""
CMII,2026-02-27,2021-09-01,long gap 1D,1640,,both,different_issuer,trim,"",125842104|83444K105,G2296M103,name_changes|unit_splits,name_changes|unit_splits,"",0,,""
CNL,2024-07-22,2016-04-13,T04k kept+long gap 1D,3022,one_name,none,,unsettled,cusip_none,"","","","","",0,,""
CORZ,2024-01-24,2022-12-30,T04k kept+long gap 1D,390,one_name,both,different_issuer,trim,"",21873J108,21874A106,name_changes,spin_offs|stock_mergers,"",1,,""
CRC,2020-10-28,"",T04k kept,,one_name,after_only,,unsettled,cusip_after_only,"",13057Q305,"",cash_dividends|stock_mergers,"",0,,""
CSRA,2026-08-12,2018-04-03,long gap 1D+long gap 1H,3053,,none,,unsettled,cusip_none,"","","","","",0,,""
CTAA,2026-04-16,2021-02-12,T04k kept+long gap 1D,1889,one_name,before_only,,unsettled,cusip_before_only,74913G808,"",cash_dividends,"","",0,,""
CTRA,2021-10-04,2021-02-03,T04k kept+long gap 1D+long gap 1H,243,one_name,both,different_issuer,trim,"",020764106,127097103,name_changes,cash_dividends|name_changes|stock_mergers,"",2,,""
CTV,2021-12-01,2020-08-06,T04k kept+long gap 1D,482,one_name,both,different_issuer,trim,"",74913G105,457679108,cash_dividends,cash_mergers|name_changes,"",0,,""
CTW,2025-08-06,2018-08-20,T04k kept+long gap 1D,2543,one_name,none,,unsettled,cusip_none,"","","","","",0,,""
CUB,2024-08-09,2021-05-24,T04k kept+long gap 1D,1173,one_name,both,different_issuer,trim,"",229669106,G5501C109,cash_dividends|cash_mergers,unit_splits,cash_mergers,0,,""
DBD,2023-08-14,"",T04k kept,,one_name,none,,unsettled,cusip_none,"","","","","",0,,""
DBGI,2025-08-20,2024-12-17,T04k kept+long gap 1D,246,one_name,both,same_cusip,unsettled,same_issuer_split_unsettled,25401N101|25401N309|25401N408|25401N507,25401N507|25401N606,reverse_splits,reverse_splits,"",0,unexplained_jump,"close ratio 4.4794 across 2024-12-17..2025-08-20 is a jump the recorded split(s) (none recorded) do not explain; D-399 cross-check: unsettled (ingested 4.4794 vs all-adjusted 4.4793 over 2024-12-17..2025-08-20; both feeds break alike, and MS-US-1D is ticker-keyed like the ingested feed, so it cannot separate a re-use from a halt)"
DCT,2020-08-14,2018-08-21,long gap 1D,724,,after_only,,unsettled,cusip_after_only,"",264120106,"",cash_mergers,"",0,,""
DCTH,2020-05-01,2017-09-14,T04k kept+long gap 1D,960,one_name,none,,unsettled,cusip_none,"","","","","",0,,""
DDC,2023-11-17,2017-11-01,T04k kept+long gap 1D,2207,one_name,after_only,,unsettled,cusip_after_only,"",G276AC101|G276AC119,"",reverse_splits,"",0,,""
DDMX,2021-01-27,2020-03-12,long gap 1D,321,,after_only,,unsettled,cusip_after_only,"",23318M100|L18268109,"",name_changes|stock_mergers|unit_splits,"",0,,""
DDMXU,2020-12-08,2019-11-25,long gap 1D,379,,after_only,,unsettled,cusip_after_only,"",23318M209,"",unit_splits,"",0,,""
DERM,2021-11-12,2020-02-19,T04k kept+long gap 1D,632,one_name,none,,unsettled,cusip_none,"","","","","",0,,""
DM,2020-12-10,2019-01-25,long gap 1D,685,,after_only,,unsettled,cusip_after_only,"",25058X105|25058X303,"",cash_mergers|name_changes|reverse_splits|stock_and_cash_mergers,"",0,,""
DNB,2020-07-01,2019-02-07,T04k kept+long gap 1D+long gap 1H,510,one_name,after_only,,unsettled,cusip_after_only,"",26484T106,"",cash_dividends|cash_mergers,"",0,,""
DO,2022-03-30,2020-04-24,T04k kept+long gap 1D+long gap 1H,705,one_name,after_only,,unsettled,cusip_after_only,"",25271C201,"",cash_mergers|stock_and_cash_mergers,"",0,,""
DOW,2019-04-02,2017-08-31,long gap 1D+long gap 1H,579,,after_only,,unsettled,cusip_after_only,"",260557103,"",cash_dividends,"",0,,""
DRVN,2021-01-15,2016-04-11,T04k kept+long gap 1D,1740,one_name,none,,unsettled,cusip_none,"","","","","",0,,""
DSAC,2026-01-29,2022-07-29,long gap 1D,1280,,both,different_issuer,trim,"",337655104|G28553108,G2616C108,name_changes|stock_mergers|unit_splits,unit_splits,stock_mergers,0,,""
DTUL,2019-05-31,2018-05-31,long gap 1D,365,,none,,unsettled,cusip_none,"","","","","",0,,""
DTYL,2017-10-25,2017-03-15,long gap 1D,224,,none,,unsettled,cusip_none,"","","","","",0,,""
DULL,2023-02-22,2017-09-25,long gap 1D,1976,,after_only,,unsettled,cusip_after_only,"",063679344|063679518,"",reverse_splits,"",0,,""
DV,2021-04-21,2017-05-23,long gap 1D,1429,,none,,unsettled,cusip_none,"","","","","",0,,""
DWIN,2021-01-29,2020-02-14,T04k kept+long gap 1D,350,one_name,after_only,,unsettled,cusip_after_only,"",24803C102,"",stock_mergers,"",0,,""
DXLG,2021-09-08,2020-12-21,T04k kept+long gap 1D,261,one_name,none,,unsettled,cusip_none,"","","","","",0,,""
DYN,2020-09-17,2018-04-06,T04k kept+long gap 1D,895,one_name,none,,unsettled,cusip_none,"","","","","",0,,""
EDR,2021-04-29,2018-09-19,long gap 1D,953,,after_only,,unsettled,cusip_after_only,"",29260Y109,"",cash_dividends|cash_mergers,"",0,,""
EDTX,2021-02-12,2020-03-30,T04k kept+long gap 1D,319,one_name,after_only,,unsettled,cusip_after_only,"",28139A102,"",cash_mergers,"",0,,""
EE,2022-04-13,2020-07-29,T04k kept+long gap 1D,623,one_name,both,different_issuer,trim,"",283677854,30069T101,cash_dividends|cash_mergers,cash_dividends,cash_mergers,0,,""
ELOX,2026-06-09,2023-10-13,T04k kept+long gap 1D,970,one_name,both,same_issuer,unsettled,same_issuer_split_unsettled,29014R103|29014R202,29014R301,reverse_splits,name_changes,"",1,unexplained_jump,close ratio 0.2620 across 2023-10-13..2026-06-09 is a jump the recorded split(s) (2026-06-01 x11) do not explain; D-399 cross-check: unsettled (cross-check has no bar near 2023-10-13 on its own side)
EMC,2023-05-15,2016-09-06,long gap 1D+long gap 1H,2442,,after_only,,unsettled,cusip_after_only,"",37960A644,"",cash_dividends|stock_mergers,"",0,,""
EMCG,2022-09-30,2020-05-27,T04k kept+long gap 1D,856,one_name,both,different_issuer,trim,"",97717W539,G3034H109,cash_dividends,unit_splits,"",0,,""
ESGL,2023-08-04,2020-02-14,T04k kept+long gap 1D,1267,disagrees,after_only,,unsettled,cusip_after_only,"",G3R95P108,"",name_changes,"",0,,""
EVER,2018-06-28,2017-06-08,long gap 1D,385,,none,,unsettled,cusip_none,"","","","","",0,,""
EXE,2021-02-10,2020-06-26,T04k kept+long gap 1D+long gap 1H,229,one_name,after_only,,unsettled,cusip_after_only,"",165167735,"",cash_dividends|name_changes,"",0,,""
FACT,2024-12-23,2023-07-17,long gap 1D,525,,before_only,,unsettled,cusip_before_only,G3663X110,"",name_changes,"","",0,,""
FG,2022-12-01,2020-06-01,T04k kept+long gap 1D,913,one_name,both,different_issuer,trim,"",G3402M102,30190A104,cash_dividends|cash_mergers|stock_mergers,cash_dividends|name_changes|spin_offs,cash_mergers|stock_mergers,0,,""
FGL,2024-10-23,2017-11-30,T04k kept+long gap 1D,2519,one_name,after_only,,unsettled,cusip_after_only,"",G3662E105|G3662E121|G3662E147,"",reverse_splits,"",0,,""
FGMC,2025-02-11,2023-08-25,T04k kept+long gap 1D,536,one_name,both,different_issuer,trim,"",30324Y101,30334J102,stock_mergers|unit_splits,stock_mergers,stock_mergers,0,,""
FIEE,2025-06-02,2023-06-15,T04k kept+long gap 1D,718,one_name,after_only,,unsettled,cusip_after_only,"",60365W201,"",name_changes,"",0,,""
FIG,2022-05-17,2017-12-26,long gap 1D,1603,,after_only,,unsettled,cusip_after_only,"",82889N715,"",cash_dividends,"",0,,""
FIG,2025-07-31,2024-12-31,T04k kept+long gap 1D,212,one_name,before_only,,unsettled,cusip_before_only,82889N715,"",cash_dividends,"","",0,,""
FLAT,2020-03-06,2019-05-14,long gap 1D,297,,none,,unsettled,cusip_none,"","","","","",0,,""
FLY,2025-08-07,2021-08-02,T04k kept+long gap 1D,1466,one_name,before_only,,unsettled,cusip_before_only,34407D109,"",cash_mergers,"",cash_mergers,0,,""
FMAC,2026-05-18,2022-03-28,long gap 1D,1512,,before_only,,unsettled,cusip_before_only,33765Y101,"",name_changes|stock_mergers|unit_splits,"",stock_mergers,0,,""
FRSH,2021-09-22,2019-05-22,T04k kept+long gap 1D,854,one_name,none,,unsettled,cusip_none,"","","","","",0,,""
FSBC,2021-05-05,2020-04-30,T04k kept+long gap 1D,370,one_name,both,different_issuer,trim,"",30289C102,33830T103,cash_mergers|stock_and_cash_mergers|stock_mergers,cash_dividends,cash_mergers|stock_and_cash_mergers|stock_mergers,0,,""
FUSE,2025-10-23,2021-09-22,T04k kept+long gap 1D,1492,one_name,both,different_issuer,trim,"",36118H105|60938K304,36118R103,name_changes|unit_splits,stock_mergers,"",0,,""
GDEV,2023-03-16,2022-02-25,long gap 1D,384,,both,same_cusip,keep,"",G6529J209,G6529J100|G6529J209,name_changes,cash_dividends|reverse_splits,"",0,no_break,close ratio 0.8997 across 2022-02-25..2023-03-16: no break; D-399 cross-check: unsettled (the ingested series does not break at 2022-02-25..2023-03-16 (ratio 0.8997))
GDP,2017-04-11,2016-01-13,T04k kept+long gap 1D,454,one_name,after_only,,unsettled,cusip_after_only,"",382410843,"",cash_mergers,"",0,,""
GIW,2025-10-27,2022-12-23,long gap 1D,1039,,after_only,,unsettled,cusip_after_only,"",G3864J100,"",unit_splits,"",0,,""
GIX,2026-03-19,2021-06-09,long gap 1D,1744,,both,different_issuer,trim,"",91532B101,G3865B114,name_changes,unit_splits,"",0,,""
GLF,2017-11-16,2017-04-10,T04k kept+long gap 1D,220,one_name,none,,unsettled,cusip_none,"","","","","",0,,""
GMM,2023-10-10,2017-10-13,T04k kept+long gap 1D,2188,one_name,after_only,,unsettled,cusip_after_only,"",G3937M106|G3937M114|G3937M205,"",reverse_splits,"",0,,""
GORO,2026-07-20,2025-12-31,T04k kept+long gap 1D,201,one_name,both,different_issuer,trim,"",38068T105,38141A602,cash_dividends|spin_offs|stock_mergers,name_changes,stock_mergers,0,,""
GPAC,2021-03-05,2018-02-02,long gap 1D,1127,,after_only,,unsettled,cusip_after_only,"",G3934P102,"",name_changes|unit_splits,"",0,,""
GPAC,2026-01-23,2024-07-08,long gap 1D,564,,both,different_issuer,trim,"",G3934P102,G3810N106,name_changes|unit_splits,unit_splits,"",0,,""
GPOR,2021-05-18,"",T04k kept,,one_name,none,,unsettled,cusip_none,"","","","","",0,,""
GRAF,2024-08-16,2020-09-29,T04k kept+long gap 1D,1417,one_name,both,different_issuer,trim,"",92259F101,G4036C106,name_changes,name_changes,"",0,,""
GRBIC,2019-02-21,2018-02-28,long gap 1D,358,,none,,unsettled,cusip_none,"","","","","",0,,""
GRO,2024-11-27,2016-11-02,T04k kept+long gap 1D,2947,one_name,none,,unsettled,cusip_none,"","","","","",0,,""
GRSH,2018-10-31,2016-11-04,long gap 1D,726,,after_only,,unsettled,cusip_after_only,"",69290Y109,"",name_changes,"",0,,""
GURE,2025-12-05,2024-12-31,T04k kept+long gap 1D,339,one_name,before_only,,unsettled,cusip_before_only,40251W408|40251W507,"",reverse_splits,"","",0,,""
GV,2022-05-17,2020-12-29,T04k kept+long gap 1D,504,disagrees,both,different_issuer,trim,"",381370105,92838F101|92838F200,cash_mergers,name_changes|reverse_splits,cash_mergers,0,,""
HAO,2024-01-26,2020-02-14,T04k kept+long gap 1D,1442,one_name,after_only,,unsettled,cusip_after_only,"",G4290F100|G4290F118|G4290F126|G4290F134,"",reverse_splits,"",0,,""
HAWK,2026-05-07,2018-06-14,long gap 1D,2884,,none,,unsettled,cusip_none,"","","","","",0,,""
HCAC,2026-01-27,2020-12-21,T04k kept+long gap 1D,1863,ambiguous,both,different_issuer,trim,"",13803R102,G42386105,name_changes,unit_splits,"",0,,""
HCIC,2026-03-30,2022-12-21,long gap 1D,1195,,none,,unsettled,cusip_none,"","","","","",0,,""
HCMA,2025-09-22,2024-03-20,long gap 1D,551,,before_only,,unsettled,cusip_before_only,G4365A101,"",name_changes|stock_mergers|unit_splits,"",stock_mergers,0,,""
HCP,2021-12-09,2019-11-04,T04k kept+long gap 1D,766,ambiguous,both,different_issuer,trim,"",42250P103,40414L109|418100103,name_changes,cash_mergers|forward_splits,"",0,,""
HWH,2023-08-25,"",T04k kept,,one_name,after_only,,unsettled,cusip_after_only,"",44852G101|44852G309,"",name_changes|reverse_splits|stock_mergers,"",0,,""
HYAC,2023-09-15,2022-05-26,long gap 1D,477,,both,different_issuer,trim,"",041242108|42087L101|42087R108,G4375F108,name_changes|stock_mergers|unit_splits,name_changes|unit_splits,stock_mergers,0,,""
IBO,2024-10-04,2018-04-06,T04k kept+long gap 1D,2373,one_name,none,,unsettled,cusip_none,"","","","","",0,,""
IBTA,2024-04-18,2021-11-30,T04k kept+long gap 1D,870,one_name,before_only,,unsettled,cusip_before_only,46436E700,"",cash_dividends,"","",0,,""
ICON,2024-07-12,2021-08-03,long gap 1D,1074,,both,different_issuer,trim,"",451055305,Y4001C107|Y4001C206|Y4001C305,cash_mergers,cash_dividends|reverse_splits,cash_mergers,0,,""
IGAC,2025-12-22,2023-01-11,long gap 1D,1076,,none,,unsettled,cusip_none,"","","","","",0,,""
IHS,2021-10-14,2016-07-12,T04k kept+long gap 1D,1920,one_name,none,,unsettled,cusip_none,"","","","","",0,,""
INFO,2024-10-10,2022-02-25,T04k kept+long gap 1D+long gap 1H,958,one_name,both,different_issuer,trim,"",G47567105,41151J745,cash_dividends|stock_mergers,cash_dividends,stock_mergers,0,,""
INHD,2026-07-31,"",T04k kept,,one_name,before_only,,unsettled,cusip_before_only,4576JP109|4576JP208|4576JP307|4576JP406,"",reverse_splits,"","",0,,""
INR,2025-01-31,2020-03-27,T04k kept+long gap 1D,1771,one_name,none,,unsettled,cusip_none,"","","","","",0,,""
INST,2021-07-22,2020-03-23,T04k kept+long gap 1D,486,one_name,after_only,,unsettled,cusip_after_only,"",457790103,"",cash_mergers,"",0,,""
IOT,2021-12-15,2017-06-30,T04k kept+long gap 1D,1629,one_name,none,,unsettled,cusip_none,"","","","","",0,,""
IPAS,2018-11-23,"",T04k kept,,one_name,none,,unsettled,cusip_none,"","","","","",0,,""
IPDN,2020-06-24,2019-11-26,T04k kept+long gap 1D,211,one_name,after_only,,unsettled,cusip_after_only,"",74312Y202|74312Y301|74312Y400|74312Y509,"",reverse_splits,"",0,,""
IPW,2021-05-12,2017-07-24,T04k kept+long gap 1D,1388,one_name,after_only,,unsettled,cusip_after_only,"",46265P107|46265P206|46265P305|46265P404,"",reverse_splits,"",0,,""
ISLE,2021-03-29,2017-05-01,T04k kept+long gap 1D,1428,one_name,after_only,,unsettled,cusip_after_only,"",46468P102,"",unit_splits,"",0,,""
ITG,2026-07-01,2019-02-28,T04k kept+long gap 1D,2680,one_name,none,,unsettled,cusip_none,"","","","","",0,,""
JAGX,2017-08-16,2016-12-30,T04k kept+long gap 1D,229,one_name,after_only,,unsettled,cusip_after_only,"",47010C409|47010C607|47010C706|47010C805|47010C854|47010C862|47010C888,"",reverse_splits|spin_offs|stock_mergers,"",0,,""
JAN,2026-03-20,2024-07-12,T04k kept+long gap 1D,616,ambiguous,both,different_issuer,trim,"",47089W104,471024109,name_changes,cash_dividends,"",0,,""
JATT,2026-04-17,2023-03-20,long gap 1D,1124,,before_only,,unsettled,cusip_before_only,G9TY5A101,"",name_changes,"","",0,,""
JCAP,2025-06-26,2020-11-05,long gap 1D,1694,,both,different_issuer,trim,"",476405105,47248R103,cash_dividends|cash_mergers,cash_dividends,cash_mergers,0,,""
JDZG,2026-07-31,"",T04k kept,,one_name,before_only,,unsettled,cusip_before_only,G7396L103|G7396L111|G7396L129|G7396L137,"",reverse_splits,"","",0,,""
JEM,2025-06-09,2018-04-06,T04k kept+long gap 1D,2621,one_name,after_only,,unsettled,cusip_after_only,"",G8071C103|G8071C111|G8071C137,"",reverse_splits,"",0,,""
JONE,2026-09-03,2018-11-26,T04k kept+long gap 1D,2838,one_name,none,,unsettled,cusip_none,"","","","","",0,,""
JSYNU,2019-05-24,2018-09-05,long gap 1D,261,,none,,unsettled,cusip_none,"","","","","",0,,""
KELYB,2020-08-11,"",T04k kept,,one_name,after_only,,unsettled,cusip_after_only,"",488152307,"",cash_dividends,"",0,,""
KOR,2020-08-12,2018-09-24,T04k kept+long gap 1D,688,one_name,none,,unsettled,cusip_none,"","","","","",0,,""
KTWO,2026-02-25,2018-11-08,T04k kept+long gap 1D,2666,one_name,none,,unsettled,cusip_none,"","","","","",0,,""
LB,2024-06-28,2021-08-02,T04k kept+long gap 1D+long gap 1H,1061,one_name,both,different_issuer,trim,"",501797104,514952100,cash_dividends,cash_dividends,"",0,,""
LCA,2019-06-24,2018-11-15,long gap 1D,221,,after_only,,unsettled,cusip_after_only,"",38113L107,"",name_changes,"",0,,""
LCA,2021-05-18,"",T04k kept,,one_name,both,different_issuer,trim,"",38113L107,51477A104,name_changes,cash_mergers,"",0,,""
LCAHU,2021-03-25,"",T04k kept,,one_name,none,,unsettled,cusip_none,"","","","","",0,,""
LEGO,2026-03-16,2021-10-19,long gap 1D,1609,,before_only,,unsettled,cusip_before_only,015658107|52473X106,"",name_changes|stock_mergers|unit_splits,"",stock_mergers,0,,""
LFAC,2022-01-12,2021-01-07,long gap 1D,370,,before_only,,unsettled,cusip_before_only,51509P103,"",name_changes,"","",0,,""
LFAC,2026-01-26,2023-10-02,long gap 1D,847,,none,,unsettled,cusip_none,"","","","","",0,,""
LGCY,2024-09-26,2019-06-27,T04k kept+long gap 1D,1918,one_name,none,,unsettled,cusip_none,"","","","","",0,,""
LINE,2024-07-25,2016-05-23,T04k kept+long gap 1D,2985,one_name,after_only,,unsettled,cusip_after_only,"",53566V106,"",cash_dividends,"",0,,""
LINK,2021-03-25,2019-02-14,T04k kept+long gap 1D,770,one_name,after_only,,unsettled,cusip_after_only,"",458751302,"",forward_splits,"",0,,""
LLL,2021-10-13,2019-06-28,T04k kept+long gap 1D+long gap 1H,838,disagrees,after_only,,unsettled,cusip_after_only,"",Y46002203|Y46002302,"",name_changes,"",0,,""
MACQ,2021-04-20,2018-07-25,long gap 1D,1000,,after_only,,unsettled,cusip_after_only,"",00739D109|55282T109,"",name_changes|unit_splits,"",0,,""
MARA,2017-10-30,2016-12-30,T04k kept+long gap 1D,304,one_name,none,,unsettled,cusip_none,"","","","","",0,,""
MB,2025-04-10,2019-02-14,T04k kept+long gap 1D,2247,one_name,none,,unsettled,cusip_none,"","","","","",0,,""
MBLY,2022-10-26,2017-08-31,T04k kept+long gap 1D,1882,one_name,none,,unsettled,cusip_none,"","","","","",0,,""
MDA,2026-03-12,2017-10-09,T04k kept+long gap 1D,3076,one_name,none,,unsettled,cusip_none,"","","","","",0,,""
MDXG,2020-11-04,2018-11-07,T04k kept+long gap 1D,728,one_name,none,,unsettled,cusip_none,"","","","","",0,,""
MGN,2025-09-26,2016-09-13,T04k kept+long gap 1D,3300,one_name,after_only,,unsettled,cusip_after_only,"",G5980E105|G5980E113,"",reverse_splits,"",0,,""
MLPB,2017-03-09,2016-06-16,long gap 1D,266,,after_only,,unsettled,cusip_after_only,"",90274D382,"",cash_dividends,"",0,,""
MMV,2021-06-08,2017-12-29,long gap 1D,1257,,after_only,,unsettled,cusip_after_only,"",G6360J102,"",name_changes,"",1,,""
MNK,2022-10-27,2020-10-09,T04k kept+long gap 1D+long gap 1H,748,disagrees,after_only,,unsettled,cusip_after_only,"",G5890A102,"",name_changes,"",0,,""
MNTN,2025-05-22,"",T04k kept,,one_name,none,,unsettled,cusip_none,"","","","","",0,,""
MOBI,2026-05-08,2016-11-16,T04k kept+long gap 1D,3460,one_name,none,,unsettled,cusip_none,"","","","","",0,,""
MON,2021-03-16,2018-06-06,T04k kept+long gap 1D+long gap 1H,1014,one_name,none,,unsettled,cusip_none,"","","","","",0,,""
MR,2019-03-01,2016-03-03,T04k kept+long gap 1D,1093,one_name,after_only,,unsettled,cusip_after_only,"",61179L100,"",stock_mergers,"",0,,""
MSP,2020-10-21,2018-10-05,T04k kept+long gap 1D,747,one_name,after_only,,unsettled,cusip_after_only,"",23821D100,"",cash_mergers,"",0,,""
MUDS,2021-01-29,2020-05-29,long gap 1D,245,,before_only,,unsettled,cusip_before_only,44862P208,"",name_changes,"","",0,,""
MWG,2023-04-03,2016-07-19,T04k kept+long gap 1D,2449,one_name,after_only,,unsettled,cusip_after_only,"",G6362F108|G6362F116,"",reverse_splits,"",0,,""
NATL,2023-10-17,2016-11-10,long gap 1D,2532,,after_only,,unsettled,cusip_after_only,"",63001N106,"",name_changes|spin_offs,"",0,,""
NBIS,2024-10-21,2022-02-25,long gap 1D,969,,before_only,,unsettled,cusip_before_only,N97284108,"",name_changes,"","",0,,""
NCI,2024-04-23,2019-10-10,T04k kept+long gap 1D,1657,one_name,after_only,,unsettled,cusip_after_only,"",G6421C104|G6421C112|G6421C120|G6421C138,"",name_changes|reverse_splits,"",0,,""
NCT,2025-03-28,2016-12-28,T04k kept+long gap 1D,3012,one_name,after_only,,unsettled,cusip_after_only,"",G48049103|G48049111|G48049129,"",reverse_splits,"",0,,""
NES,2017-10-12,2016-01-19,T04k kept+long gap 1D,632,one_name,after_only,,unsettled,cusip_after_only,"",67091K302,"",stock_mergers,"",0,,""
NFX,2026-07-07,2019-02-13,T04k kept+long gap 1D+long gap 1H,2701,one_name,none,,unsettled,cusip_none,"","","","","",0,,""
NHIC,2025-04-17,2023-04-25,long gap 1D,723,,before_only,,unsettled,cusip_before_only,30049H102,"",name_changes,"","",0,,""
NINE,2026-03-31,"",T04k kept,,one_name,before_only,,unsettled,cusip_before_only,65441V101,"",name_changes,"","",0,,""
NIQ,2025-07-23,2023-06-23,T04k kept+long gap 1D,761,one_name,before_only,,unsettled,cusip_before_only,670677103,"",cash_dividends,"","",0,,""
NP,2025-10-01,2022-07-05,long gap 1D,1184,,before_only,,unsettled,cusip_before_only,640079109,"",cash_dividends|stock_mergers,"",stock_mergers,0,,""
NPT,2025-10-22,2016-04-08,T04k kept+long gap 1D,3484,one_name,none,,unsettled,cusip_none,"","","","","",0,,""
NRGD,2025-02-20,2024-07-24,T04k kept+long gap 1D,211,one_name,both,mixed,unsettled,cusip_mixed,063679633|063679724|06367V303|06368L106,063679328|063679393,cash_mergers|reverse_splits,reverse_splits,cash_mergers,0,,""
NRGU,2025-02-20,2024-07-24,T04k kept+long gap 1D,211,one_name,before_only,,unsettled,cusip_before_only,06367V105,"",cash_mergers|reverse_splits,"",cash_mergers,0,,""
NRGZ,2020-06-05,"",T04k kept,,one_name,none,,unsettled,cusip_none,"","","","","",0,,""
NSR,2021-08-31,2017-08-07,T04k kept+long gap 1D,1485,one_name,both,same_cusip,unsettled,same_issuer_split_unsettled,65532M606,65532M606,cash_dividends,cash_dividends|stock_mergers,"",0,unexplained_jump,"close ratio 0.2104 across 2017-08-07..2021-08-31 is a jump the recorded split(s) (2021-06-03 x10) do not explain; D-399 cross-check: unsettled (ingested 0.2104 vs all-adjusted 0.2108 over 2017-08-07..2021-08-31; both feeds break alike, and MS-US-1D is ticker-keyed like the ingested feed, so it cannot separate a re-use from a halt)"
NUTR,2025-08-15,2017-08-22,T04k kept+long gap 1D,2915,one_name,none,,unsettled,cusip_none,"","","","","",0,,""
NVX,2022-02-02,2016-11-04,T04k kept+long gap 1D,1916,one_name,after_only,,unsettled,cusip_after_only,"",67010L100|67010L209,"",reverse_splits,"",0,,""
OBE,2022-01-31,2020-04-01,T04k kept+long gap 1D,670,one_name,none,,unsettled,cusip_none,"","","","","",0,,""
OIL,2018-11-16,2018-04-12,long gap 1D,218,,none,,unsettled,cusip_none,"","","","","",0,,""
OIL,2020-07-29,"",T04k kept,,one_name,after_only,,unsettled,cusip_after_only,"",06740P221,"",cash_mergers|name_changes,"",0,,""
OILD,2017-03-27,2016-09-06,long gap 1D,202,,none,,unsettled,cusip_none,"","","","","",0,,""
OILD,2021-11-09,2020-03-27,T04k kept+long gap 1D,592,one_name,after_only,,unsettled,cusip_after_only,"",06368L205|06368L882,"",reverse_splits,"",0,,""
OILU,2017-03-27,2016-08-19,long gap 1D,220,,none,,unsettled,cusip_none,"","","","","",0,,""
OILU,2021-11-09,2020-03-27,T04k kept+long gap 1D,592,one_name,none,,unsettled,cusip_none,"","","","","",0,,""
OSIR,2018-08-01,2017-03-13,T04k kept+long gap 1D,506,one_name,none,,unsettled,cusip_none,"","","","","",0,,""
PAAC,2019-06-21,2017-08-18,long gap 1D,672,,after_only,,unsettled,cusip_after_only,"",74317H105,"",stock_mergers,"",0,,""
PAAC,2026-04-06,2020-06-16,long gap 1D,2120,,both,different_issuer,trim,"",74317H105,G7341A103,stock_mergers,unit_splits,stock_mergers,0,,""
PAPL,2025-07-22,2024-12-31,T04k kept+long gap 1D,203,ambiguous,both,same_issuer,unsettled,same_issuer_split_unsettled,72303K207,72303K405,name_changes,name_changes,"",0,unexplained_jump,close ratio 7.7434 across 2024-12-31..2025-07-22 is a jump the recorded split(s) (2025-07-16 x20) do not explain; D-399 cross-check: unsettled (cross-check has no bar near 2024-12-31 on its own side)
PARA,2021-02-12,2018-07-11,T04k kept+long gap 1D+long gap 1H,947,one_name,after_only,,unsettled,cusip_after_only,"",06682J605|92556H206,"",cash_dividends|cash_mergers|name_changes|stock_mergers,"",0,,""
PAY,2021-05-26,2018-08-17,long gap 1D,1013,,none,,unsettled,cusip_none,"","","","","",0,,""
PCL,2025-08-01,2016-01-08,long gap 1D+long gap 1H,3493,,after_only,,unsettled,cusip_after_only,"",69344A735,"",cash_dividends,"",0,,""
PHH,2024-12-27,2018-10-03,T04k kept+long gap 1D,2277,disagrees,after_only,,unsettled,cusip_after_only,"",G6925R102,"",name_changes,"",0,,""
PKD,2019-04-03,"",T04k kept,,one_name,none,,unsettled,cusip_none,"","","","","",0,,""
PMTS,2021-08-05,2020-01-16,T04k kept+long gap 1D,567,one_name,none,,unsettled,cusip_none,"","","","","",0,,""
PN,2025-03-04,2017-11-22,T04k kept+long gap 1D,2659,one_name,after_only,,unsettled,cusip_after_only,"",G8221K112|G8221K138,"",reverse_splits,"",0,,""
POM,2025-10-08,2016-03-23,T04k kept+long gap 1D+long gap 1H,3486,one_name,after_only,,unsettled,cusip_after_only,"",73181R108|73181R207,"",reverse_splits,"",0,,""
PONO,2026-05-05,2023-02-03,long gap 1D,1187,,both,different_issuer,trim,"",732450101,G71702107,name_changes|stock_mergers|unit_splits,unit_splits,stock_mergers,0,,""
PRME,2022-10-20,2019-09-13,long gap 1D,1133,,none,,unsettled,cusip_none,"","","","","",0,,""
PS,2026-04-29,2021-04-05,long gap 1D,1850,,both,different_issuer,trim,"",72941B106,71531U102,cash_mergers,cash_dividends,cash_mergers,0,,""
PSIX,2024-12-26,2017-04-18,T04k kept+long gap 1D,2809,one_name,none,,unsettled,cusip_none,"","","","","",0,,""
PTN,2025-11-12,2024-12-31,T04k kept+long gap 1D,316,ambiguous,both,same_issuer,unsettled,same_issuer_split_unsettled,696077403|696077502,696077601,name_changes|reverse_splits,name_changes,"",0,unexplained_jump,"close ratio 9.9459 across 2024-12-31..2025-11-12 is a jump the recorded split(s) (2025-08-12 x50, 2025-08-12 x50) do not explain; D-399 cross-check: unsettled (cross-check has no bar near 2024-12-31 on its own side)"
PX,2021-10-21,2018-10-30,T04k kept+long gap 1D+long gap 1H,1087,disagrees,after_only,,unsettled,cusip_after_only,"",69376K106,"",cash_dividends|name_changes,"",0,,""
Q,2025-11-03,2017-11-14,long gap 1D+long gap 1H,2911,,after_only,,unsettled,cusip_after_only,"",74743L100,"",cash_dividends|name_changes|spin_offs,"",0,,""
QH,2026-05-29,"",T04k kept,,one_name,both,mixed,unsettled,cusip_mixed,74841Q100|74841Q209|74841Q308,74841Q407|G73264114,name_changes|reverse_splits,stock_mergers,"",0,,""
QTI,2026-01-28,2025-01-27,T04k kept+long gap 1D,366,ambiguous,both,same_issuer,unsettled,same_issuer_split_unsettled,746962109,746962307,name_changes,name_changes,"",0,unexplained_jump,"close ratio 15.1607 across 2025-01-27..2026-01-28 is a jump the recorded split(s) (2025-10-24 x3) do not explain; D-399 cross-check: unsettled (ingested 15.1607 vs all-adjusted 15.1607 over 2025-01-27..2026-01-28; both feeds break alike, and MS-US-1D is ticker-keyed like the ingested feed, so it cannot separate a re-use from a halt)"
RAIN,2025-01-02,2024-01-25,T04k kept+long gap 1D,343,one_name,both,different_issuer,trim,"",75082Q105,75080J103,stock_and_cash_mergers|stock_mergers,name_changes,stock_and_cash_mergers|stock_mergers,0,,""
RDUS,2023-09-01,2022-08-12,T04k kept+long gap 1D,385,one_name,after_only,,unsettled,cusip_after_only,"",806882106,"",cash_dividends|cash_mergers|name_changes,"",0,,""
REE,2021-07-23,2016-02-26,T04k kept+long gap 1D,1974,disagrees,after_only,,unsettled,cusip_after_only,"",M8287R103|M8287R202,"",name_changes|reverse_splits|unit_splits,"",0,,""
REED,2025-12-05,2023-02-15,T04k kept+long gap 1D,1024,ambiguous,both,same_issuer,keep,"",758338107|758338305,758338404,name_changes|reverse_splits,name_changes,"",0,no_break,close ratio 0.9784 across 2023-02-15..2025-12-05: no break; D-399 cross-check: unsettled (the ingested series does not break at 2023-02-15..2025-12-05 (ratio 0.9784))
RELY,2021-09-23,2017-11-27,T04k kept+long gap 1D,1396,one_name,none,,unsettled,cusip_none,"","","","","",0,,""
RENT,2021-10-27,2016-01-29,T04k kept+long gap 1D,2098,one_name,after_only,,unsettled,cusip_after_only,"",76010Y103|76010Y202,"",reverse_splits|rights_distributions,"",0,,""
RGC,2021-07-16,2018-02-28,T04k kept+long gap 1D,1234,one_name,after_only,,unsettled,cusip_after_only,"",G7487R100,"",forward_splits,"",0,,""
RMSG,2024-11-20,"",T04k kept,,one_name,after_only,,unsettled,cusip_after_only,"",G7410G106,"",name_changes|stock_mergers,"",0,,""
ROC,2026-02-20,2023-06-20,long gap 1D,976,,before_only,,unsettled,cusip_before_only,77118V108,"",name_changes|stock_mergers,"",stock_mergers,0,,""
RPRX,2020-06-16,2018-01-31,T04k kept+long gap 1D,867,one_name,after_only,,unsettled,cusip_after_only,"",G7709Q104,"",cash_dividends,"",0,,""
RSLS,2021-06-16,2018-12-28,T04k kept+long gap 1D,901,disagrees,after_only,,unsettled,cusip_after_only,"",76090R101|76090R200|76090R309|76090R408,"",name_changes|reverse_splits,"",0,,""
RTL,2022-02-15,2020-05-20,T04k kept+long gap 1D,636,one_name,after_only,,unsettled,cusip_after_only,"",02607T109,"",cash_dividends|name_changes|stock_mergers,"",0,,""
S,2021-06-30,2020-03-31,T04k kept+long gap 1D,456,one_name,none,,unsettled,cusip_none,"","","","","",0,,""
SAIL,2025-02-13,2022-08-15,T04k kept+long gap 1D,913,one_name,before_only,,unsettled,cusip_before_only,78781P105,"",cash_mergers,"",cash_mergers,0,,""
SAMA,2021-11-29,2020-12-17,long gap 1D,347,,before_only,,unsettled,cusip_before_only,80821R109,"",stock_mergers,"",stock_mergers,0,,""
SCOR,2018-06-01,2017-02-07,long gap 1D,479,,after_only,,unsettled,cusip_after_only,"",20564W105|20564W204,"",reverse_splits,"",0,,""
SD,2016-10-04,2016-01-06,T04k kept+long gap 1D,272,one_name,after_only,,unsettled,cusip_after_only,"",80007P869,"",cash_dividends,"",0,,""
SE,2017-10-20,2017-02-24,T04k kept+long gap 1D+long gap 1H,238,one_name,none,,unsettled,cusip_none,"","","","","",0,,""
SERV,2024-04-18,2020-10-02,T04k kept+long gap 1D,1294,one_name,before_only,,unsettled,cusip_before_only,81761R109,"",name_changes,"","",0,,""
SES,2022-02-04,2020-05-15,T04k kept+long gap 1D,630,one_name,after_only,,unsettled,cusip_after_only,"",78397Q109,"",name_changes,"",0,,""
SEV,2021-11-17,2017-09-27,long gap 1D,1512,,after_only,,unsettled,cusip_after_only,"",N81409109,"",name_changes,"",0,,""
SEV,2025-10-16,2023-07-20,T04k kept+long gap 1D,819,ambiguous,before_only,,unsettled,cusip_before_only,N81409109,"",name_changes,"","",0,,""
SEZL,2023-09-14,"",T04k kept,,one_name,after_only,,unsettled,cusip_after_only,"",78435P105,"",forward_splits,"",0,,""
SG,2021-11-18,2020-12-31,T04k kept+long gap 1D,322,one_name,before_only,,unsettled,cusip_before_only,G8196D101,"",cash_mergers|stock_and_cash_mergers|stock_mergers,"",cash_mergers|stock_and_cash_mergers|stock_mergers,0,,""
SHNY,2023-02-22,2018-09-24,T04k kept+long gap 1D,1612,one_name,after_only,,unsettled,cusip_after_only,"",063679526,"",forward_splits,"",0,,""
SI,2025-07-31,2023-05-10,T04k kept+long gap 1D,813,one_name,none,,unsettled,cusip_none,"","","","","",0,,""
SIC,2026-08-17,2021-10-20,T04k kept+long gap 1D,1762,disagrees,both,different_issuer,trim,"",816120307,87975E735,cash_mergers,name_changes,cash_mergers,0,,""
SLNG,2021-04-29,2019-10-02,long gap 1D,575,,none,,unsettled,cusip_none,"","","","","",0,,""
SMCI,2020-01-14,2018-08-22,T04k kept+long gap 1D+long gap 1H,510,one_name,after_only,,unsettled,cusip_after_only,"",86800U104,"",forward_splits,"",0,,""
SMHD,2026-08-04,2020-03-20,T04k kept+long gap 1D,2328,one_name,none,,unsettled,cusip_none,"","","","","",0,,""
SMRT,2021-02-05,"",T04k kept,,one_name,after_only,,unsettled,cusip_after_only,"",83193G107,"",name_changes,"",0,,""
SN,2023-07-31,2019-02-19,T04k kept+long gap 1D,1623,one_name,after_only,,unsettled,cusip_after_only,"",G8068L108,"",cash_dividends,"",0,,""
SNOW,2020-09-16,2017-07-31,T04k kept+long gap 1D,1143,one_name,none,,unsettled,cusip_none,"","","","","",0,,""
SPLS,2026-01-16,2017-09-12,T04k kept+long gap 1D+long gap 1H,3048,one_name,after_only,,unsettled,cusip_after_only,"",72201R551,"",cash_dividends,"",0,,""
SPRB,2025-09-15,"",T04k kept,,ambiguous,before_only,,unsettled,cusip_before_only,85209E109|85209E208,"",name_changes,"","",0,,""
STXS,2019-09-06,2016-08-03,T04k kept+long gap 1D,1129,one_name,none,,unsettled,cusip_none,"","","","","",0,,""
SVAC,2025-09-30,2021-07-29,long gap 1D,1524,,both,different_issuer,trim,"",23284C102,G8377R101,name_changes,name_changes,"",0,,""
SWIN,2023-09-07,2018-10-19,T04k kept+long gap 1D,1784,disagrees,after_only,,unsettled,cusip_after_only,"",G82759104,"",name_changes,"",0,,""
TACO,2025-06-05,2022-03-07,long gap 1D,1186,,before_only,,unsettled,cusip_before_only,245496104,"",cash_dividends|cash_mergers,"",cash_mergers,0,,""
TBRG,2024-03-04,2019-07-11,T04k kept+long gap 1D,1698,one_name,after_only,,unsettled,cusip_after_only,"",205306103,"",cash_mergers|name_changes,"",0,,""
TCRX,2021-07-16,2018-10-04,T04k kept+long gap 1D,1016,one_name,none,,unsettled,cusip_none,"","","","","",0,,""
TDAC,2025-02-13,2021-10-29,long gap 1D,1203,,both,different_issuer,trim,"",54570M108|89615T106,G9008W105,name_changes|unit_splits,unit_splits,"",0,,""
TDW,2017-08-01,2016-12-30,T04k kept+long gap 1D,214,one_name,none,,unsettled,cusip_none,"","","","","",0,,""
TGEN,2025-05-06,2020-06-18,T04k kept+long gap 1D,1783,one_name,none,,unsettled,cusip_none,"","","","","",0,,""
TIG,2020-07-16,2018-07-25,T04k kept+long gap 1D,722,one_name,after_only,,unsettled,cusip_after_only,"",89457R101,"",cash_mergers,"",0,,""
TIL,2021-03-19,2018-04-30,T04k kept+long gap 1D,1054,one_name,after_only,,unsettled,cusip_after_only,"",45783C101|45783C200,"",reverse_splits,"",0,,""
TLN,2024-07-10,2016-12-05,T04k kept+long gap 1D,2774,one_name,none,,unsettled,cusip_none,"","","","","",0,,""
TMH,2025-03-14,2017-02-03,long gap 1D,2961,,after_only,,unsettled,cusip_after_only,"",74016W783,"",cash_dividends,"",0,,""
TMTS,2026-04-02,2021-10-28,long gap 1D,1617,,both,different_issuer,trim,"",65345N106|84677L109,G8303R100,name_changes|stock_mergers|unit_splits,unit_splits,stock_mergers,0,,""
TNDM,2017-10-10,2016-12-30,T04k kept+long gap 1D,284,one_name,none,,unsettled,cusip_none,"","","","","",0,,""
TOP,2023-05-30,"",T04k kept,,one_name,after_only,,unsettled,cusip_after_only,"",G989A6102|G989A6110,"",reverse_splits,"",0,,""
TSLI,2025-09-10,2023-06-16,long gap 1D,817,,both,different_issuer,trim,"",38747R876,74349Y373,cash_dividends|cash_mergers,cash_dividends,cash_mergers,0,,""
TW,2019-04-04,2016-01-04,T04k kept+long gap 1D,1186,one_name,after_only,,unsettled,cusip_after_only,"",892672106,"",cash_dividends,"",0,,""
TWLV,2021-04-29,2019-04-12,long gap 1D,748,,none,,unsettled,cusip_none,"","","","","",0,,""
TWLV,2026-01-09,2024-06-07,long gap 1D,581,,after_only,,unsettled,cusip_after_only,"",G9145D101,"",unit_splits,"",0,,""
TWLVU,2021-02-26,2019-04-09,long gap 1D,689,,none,,unsettled,cusip_none,"","","","","",0,,""
TWLVU,2025-12-12,2024-04-29,long gap 1D,592,,after_only,,unsettled,cusip_after_only,"",G9145D127,"",unit_splits,"",0,,""
UN,2026-07-07,2020-11-27,T04k kept+long gap 1D,2048,one_name,before_only,,unsettled,cusip_before_only,904784709,"",cash_dividends|stock_mergers,"",stock_mergers,0,,""
VAL,2021-05-03,2020-08-14,T04k kept+long gap 1D,262,one_name,none,,unsettled,cusip_none,"","","","","",0,,""
VELO,2025-08-19,2022-12-20,T04k kept+long gap 1D,973,one_name,none,,unsettled,cusip_none,"","","","","",0,,""
VG,2025-01-24,2022-07-20,long gap 1D,919,,both,different_issuer,trim,"",92886T201,92333F101,cash_mergers,cash_dividends,cash_mergers,0,,""
VIA,2021-08-10,2019-12-04,long gap 1D,615,,after_only,,unsettled,cusip_after_only,"",92556D106|92556D304,"",cash_dividends|cash_mergers|name_changes|reverse_splits,"",1,,""
VIA,2025-09-12,2024-06-13,T04k kept+long gap 1D,456,one_name,before_only,,unsettled,cusip_before_only,92556D106|92556D304,"",cash_dividends|cash_mergers|name_changes|reverse_splits,"",cash_mergers,0,,""
VRM,2025-02-20,"",T04k kept,,one_name,before_only,,unsettled,cusip_before_only,92918V109|92918V208,"",name_changes|reverse_splits,"","",0,,""
WLTH,2025-12-12,2023-06-12,T04k kept+long gap 1D,914,one_name,before_only,,unsettled,cusip_before_only,66538F249,"",cash_dividends|cash_mergers,"",cash_mergers,0,,""
WOOF,2021-01-14,2017-09-11,T04k kept+long gap 1D,1221,one_name,none,,unsettled,cusip_none,"","","","","",0,,""
WTID,2023-02-15,2020-03-25,T04k kept+long gap 1D,1057,one_name,none,,unsettled,cusip_none,"","","","","",0,,""
WTIU,2023-02-15,2020-04-08,T04k kept+long gap 1D,1043,one_name,none,,unsettled,cusip_none,"","","","","",0,,""
WW,2025-07-07,"",T04k kept,,one_name,both,same_issuer,unsettled,same_issuer_split_unsettled,98262P101,98262P200,name_changes,name_changes,"",0,unexplained_jump,"close ratio 160.2564 across 2025-05-15..2025-07-07 is a jump the recorded split(s) (none recorded) do not explain; D-399 cross-check: unsettled (ingested 160.2564 vs all-adjusted 160.2564 over 2025-05-15..2025-07-07; both feeds break alike, and MS-US-1D is ticker-keyed like the ingested feed, so it cannot separate a re-use from a halt)"
XE,2026-04-24,2017-09-05,T04k kept+long gap 1D,3153,one_name,none,,unsettled,cusip_none,"","","","","",0,,""
XL,2020-12-22,2018-09-11,T04k kept+long gap 1D+long gap 1H,833,disagrees,after_only,,unsettled,cusip_after_only,"",9837FR100|9837FR209,"",name_changes,"",0,,""
XOG,2021-01-21,2020-06-24,T04k kept+long gap 1D,211,one_name,after_only,,unsettled,cusip_after_only,"",30227M303,"",stock_mergers,"",0,,""
ZBIO,2024-09-13,2020-03-27,T04k kept+long gap 1D,1631,one_name,none,,unsettled,cusip_none,"","","","","",0,,""
