symbol,timeframe,kind,start,base_hash,base_bars,new_hash,new_bars,removed_bars,unsettled,split_ok,metadata_stale,reference_moved,note
AACI,1D,trim,2025-06-24,8db29c5c14ccd81d2c18f02c224a9f04d7f5967ccc597e39696639223429059c,882,1ffa9f4cd0469ae46ba8ca5e9bfd891a7d3f7ec0e097a13b13a027d3645d187e,211,671,"",false,false,false,""
ACI,1D,research_window,2020-06-26,65041bdabed76505be0c2b4d5a0b7f824aad6db80d3e2727741ee0cda9cff658,1570,dfc02e990ce5722ebd212ac52ecb0fd914971d43e4d34ba34e2a36168071f31e,1565,5,2020-06-26,true,false,false,""
ACT,1D,trim,2021-09-16,0dbbd755f287441fa4be20d30167028f71e565384efafeef8874c843a5170b70,1983,ff0e329e4cbed1f0e339525821afd067f6a3aa04643b1a7555a0507669aca4d3,1257,726,"",true,false,false,""
ADPT,1D,research_window,2019-06-27,3b9a52cc114001db6ef24bff046e995235dfbd2ca42be21e439219851a819107,2143,5cbaa4d4a92c3c15bfca0e60a9cf60a9807af2220d693f1fecd97138d449be05,1817,326,2019-06-27,true,false,false,""
ADT,1D,research_window,2018-01-19,915df2bde2e963891a6b3cf04a26f6abe0e3a89f7c3099e8199fc9fa88ba448c,2260,3c02ff11e145a7a739de19636a7ade727f744703c16e850bfdb70815249d2e6e,2178,82,2018-01-19,true,false,false,""
ADT,1H,research_window,2018-01-19,134904d31fe789d4f5a593bf75285401013fbcc10a366599b00b7ffdd8b5b79e,15748,83b69394096a698b3ce5a6df81d4b9c3c5a9873b1b7748248889a5aff67aac37,15174,574,2018-01-19,"",false,false,""
AGC,1D,research_window,2020-12-01,4618660d6092b225bd9ad1be063f2674972bd359e8e85bc12bc5aeb65ec2fe1d,920,3790478f98a88ebd8db9c5d42ca11386a9eade39aff66d08ddb7fb7b6820435b,253,667,2020-12-01,false,false,false,""
AHL,1D,research_window,2025-05-08,3ba109b4e1ff0908052865359ee8b224a350aba69d18aacf5e1d75681e18bffe,984,de2bc08d1e16e25830bd51705a6665c26faa3641b8e67d637ec0194936aa6061,199,785,2025-05-08,false,false,false,""
AHPA,1D,research_window,2021-09-30,c1f10e4e80a5226bd8679489f95f888590dfb6dd4a90cb30208895fc4e1c8fa5,722,62c721c41a998541c4208fdd9a2529d232487b2228014db86e03cc124695d787,275,447,2021-09-30,false,false,false,""
AHPAU,1D,research_window,2021-08-10,8867c098974299a26419f86e5de4f672bb74971bc94648eb946556c8c0010948,624,e7682564119988251e93d77a3cf89e9cfe7c6e7e08a0de5132af62c9d18b677d,311,313,2021-08-10,false,false,false,""
AI,1D,research_window,2020-12-09,32b060cc44aec2972d470b76b867847823d8c3bb3860641508bb2a4fa89d0266,2456,1ed8986c943e123538c92f8193cdbda2619d9c5648eef31909b50f24a6d02648,1450,1006,2020-12-09,true,false,false,""
AIB,1D,trim,2026-03-17,9af01979e7ff122cc65eedc1d268732d8f34947c6c953e41b5dcd76c6b9e4cda,1081,d76bd6fc37e13ff35c7fa59a89196c823f83ab58089c1c4ab98766f56e2d5ea3,129,952,"",false,false,false,""
AKTS,1D,research_window,2026-01-09,33d5d8e27f06696ff2ce0757489711076a8c2cb7d127d1c8260bfb53960ab684,2130,09b6aa987635d309c1992a77cad3a37f21d0a8b486f84913714b77324cfba73a,174,1956,2026-01-09,false,false,false,""
ALF,1D,research_window,2024-08-01,8796cf125c1852ba99860ae2433fe3dff0de5dfe4b6276a9d4249ec8bcac5f67,898,1092a585861e7b84a374decf28d384e462d0034ad15612c1e5361647b89394ec,525,373,2024-08-01,false,false,false,""
ALPS,1D,trim,2025-10-31,69df6b6092682308254d3a65e7d6888424ec8a85cefaceba7b87adfb5ab2bf4b,424,73bfb70f4421b5b849e0e5f477b2072aaaafd7a617e8503092a77d7160b37a34,221,203,"",false,false,false,""
AMLX,1D,research_window,2022-01-07,8e3c7e65fe59914e71f91581856b1818fef8a2866d021c175a035457da9cad74,1381,987167420d57f330d99c9dda50583e5a5cc2d1151fe0a95cfa9e6ac166cea8a0,1178,203,2022-01-07,true,false,false,""
AMUB,1D,research_window,2016-11-23,161da6e523148448a317b68d78ce5a7714277ce5a2ebbdfbcc496343bee62e49,1872,cdbf2b1929dad5868603f398ac8f2894a782646957ae741e095181f68b1b82d9,1833,39,2016-11-23,true,false,false,""
ANGI,1D,research_window,2017-10-02,befa5743f8bd6c5c52f99d80548c232a217ab033f3a42045c204f105760f84d6,2505,920dbcb695d1975138b7aaa458d415bdb232294bcfdf845e85e211b1655a4798,2253,252,2017-10-02,true,false,false,""
ANTX,1D,research_window,2022-03-25,4b90054ab945d83805a4d6fc89a415be5a18fe87dc1bea93b382d1d10777e5e8,1710,045688687eab068e6667c1627f42eb0019bd85699418c5e7d79d6d2eb0955f5b,1125,585,2022-03-25,true,false,false,""
APAC,1D,trim,2025-11-21,0ae76de2723d1e77dc3b92089087fbd9030d8cc361e0adf304451f64986267e2,847,20c76395c63b301d9040fefe394e2dc8f34aa290c50d39c33a6a54e357cccdfd,206,641,"",false,false,false,""
APC,1D,research_window,2026-02-12,c2f541d5dd0118587e80f53fec6b7f289847a809356d7e1fdcf6ecb277d86c0b,1057,06ee82453f353b0349c940c307a1d3c6e27bff225811e224f134d0135579208a,151,906,2026-02-12,false,false,false,""
APC,1H,research_window,2026-02-12,f64b23fcaad192cbf8ff02ff6dc5656624ea2a4d365a7b04bec13eff5bc7bcdf,7372,3f9286eff50476538282d1332a0b10b944c5741ec01ed3af0e6038daef7239c8,1051,6321,2026-02-12,"",false,false,""
APUS,1D,research_window,2026-05-05,281ad4e2b74b4d3055e6424860ae52c75a2c2561af1dd0f0036b2160012b2288,321,4512d6aaae826d4ff68ba9458bf5e44189667e3f0017db9f3fb5fbc0e60c34ce,95,226,2026-05-05,false,false,false,""
APXT,1D,trim,2025-11-17,4619f100a95485d9b7a816bd10af662abefee835c08588ffabb3652d0cf02607,627,25c0e48cc1bc5c75b7ca664de1e8b75936a614a4253baa5149db7238cd926c52,210,417,"",false,false,false,""
ARCI,1D,research_window,2026-03-16,08b34ee83f17c3743b5aea2a00dd6808994a7e36898e762ec76c1a5b5b792a22,1058,140bcd9603db073294942749874f12e268f496fb20a2a62086595009e6598ba2,130,928,2026-03-16,false,false,false,""
ARMH,1D,research_window,2025-03-14,05dce3b04422591017c9dac4a90b938d686cd6729001115d25c9060df673e868,551,fa28c27938590f565751b7c6276e3bdfa5c07460e59c41c0cad499479946ced4,381,170,2025-03-14,false,false,false,""
ARRY,1D,research_window,2020-10-15,8e8494d0e8cdc8c9fbe1430cc90d5cf62f619b388689f2c5456a9faf10bf07a7,2386,d74bdc7818e6dca551fa81905c3d343c4791d63544f532bbbe01c842176889f9,1488,898,2020-10-15,true,false,false,""
ASPC,1D,trim,2025-01-03,1774eef57f93e65bfffd40766268e2c42f00601758fddb0cc8c27e5899072ab7,733,c66fca91bfe831e075c6a280ffa0456253d28bffec52440b4f8255da29186a60,403,330,"",false,false,false,""
ASTC,1D,research_window,2017-10-16,6075c61255bbf1eaf22bd685d99e96862e2541880cf560d471732520a889ed47,2495,684c71ce48601601f911ca9c72ec302da88bb217fabda438f68fbeb72d5b7b22,2243,252,2017-10-16,true,false,false,""
AT,1D,research_window,2026-09-15,57b0fad44a419c45f6b340d065232455483a59591a4e9ce9b7af95d5c808d0e9,1355,d0d647ca2a1f4707e4bfd8762f79a9a8800d85448c040fb2f7541269b0de2b23,4,1351,2026-09-15,false,false,false,""
ATAI,1D,research_window,2021-06-18,c6da554ef92e4b685a0a8443eba0172f03ce35dd2583e5a189ae81bd9b978005,2268,d3aef5c3c6c25de6f2004de459df5662525a79a43d0bd3cf82802f9659e27ea8,1314,954,2021-06-18,true,false,false,""
ATCX,1D,research_window,2026-01-09,b07db6ab2b6565d76908117490ce209326981be8e28b7bb69d214065caf66a37,972,ce198e66ebac85a30e9afc03b42c6fa5f6a644505890086c7b62050fd5c5aeb7,174,798,2026-01-09,false,false,false,""
ATHN,1D,research_window,2021-05-07,cb8398fb39767a79d70e4c5cada0f957756293a4dd8ab55b8f955d0997ecb0f7,947,1f9daec019c6f3869c07e8518548ecc33d4162e6e5d8f68444b48205f7d885da,165,782,2021-05-07,false,false,false,""
AVIR,1D,research_window,2020-10-30,6e3060f23a90a0ca418789260c825c7451d90d91f611e33ded0034e1b886d1e1,1941,6a5c1fd51f2074492edc31570406bc7f27cf889b2d437d2ead3e15dfa38145b1,1477,464,2020-10-30,true,false,false,""
AVX,1D,research_window,2021-07-08,66ae286e78702f19a6b42873fee0f2b7ec5d31dadbf604177b54878cb56f5429,2372,90bca3bf88384a3566832a1c15d16185121393efdb7bfe84b56035b5b08bdfd2,1306,1066,2021-07-08,true,false,false,""
AYA,1D,research_window,2026-05-04,ebcf9485a308873e0e65858c9814d1663b014ad79ae7988b8c5cab44d5c7a936,493,87f138cfaeaf7b0377e2a3c7f8cd0245f357c2f708864c7702043e7028b96bce,96,397,2026-05-04,false,false,false,""
BBBY,1D,trim,2025-08-29,0805f20c7bf87e3c60f040c0bfe137b4edab4b45584e71c52082d020dcc5fc34,2086,532310b9822dfeb4be7ebfb7abdffdd822632c4429f1aee4ea2eb7fe84ab34cf,241,1845,"",false,false,false,""
BBBY,1H,trim,2025-08-29,146d110c27345593cc1c4560022ccc76d7652559e72ce70f578dbad48080b387,14545,0eda7f3415cba4f05eb725a674f3f4d918b41489285429a595ce25b164a996c3,1681,12864,"","",false,false,""
BEAT,1D,research_window,2021-11-11,e5fc4c952a2c14f32f1c82e8bb472a86b774e4737d6203b424a5e663db7bc775,2476,1b9198592d89c81a3047f9a6d28ee906b8129d4b8bb1e83203d8f448be2e1fb9,1217,1259,2021-11-11,true,false,false,""
BEBE,1D,research_window,2026-02-06,50aec5199ac7cda837b85500b5036344963cc88e7184281b428184ba0f079d49,615,14c7dc542ec6d61decacc737ce2524dcb1d218a422a8ceca512fcf4f04544ab2,121,494,2026-02-06,false,false,false,""
BID,1D,research_window,2026-07-20,8d2d3b3247b4a0dfda27fcef993d0d2cee7d97187a17df8eb5b6e78bf821195a,988,ab0e92e85abd40f5557ab8d0c7ccab2c348536c35e90e5084fe34f45ca8333dd,44,944,2026-07-20,false,false,false,""
BIOA,1D,research_window,2024-09-26,254c842be81efea50c16b2c444b11160c7ae248fab4709030f1e41e65ce65621,1026,f7cfb6fbb666a9e85936d99509401f7298ac58d4e8c24fe686e97496a08dcaa4,496,530,2024-09-26,false,false,false,""
BLIN,1D,research_window,2017-07-25,0ac988d2c64fa0eb62e000be7d3b91a36301cec4b5ad9ea72c84bd2cacb1b582,2553,cafbadb115a05a32044aba6f25ba60d8b04424db54e06a24cb1b14b1f2579152,2301,252,2017-07-25,true,false,false,""
BLUW,1D,trim,2025-07-31,c2cd37f6031aefceea1643c8730de95c778461d2d4aea7f51bcddf5346840d7e,434,386c2b2d39bf356daa9b6e80a154e4fbfea407ceb23911b417fa9c15f342531e,286,148,"",false,false,false,""
BMR,1D,research_window,2023-02-28,3a984cc5c3c7a425ab8a1bd3ee326412a21bd8c25a7e203cedd495fd19b86c3c,910,fa20adfe4d2cdf8de5d733853fbf283e62d6036d7e15af10e89a312b40aa3f15,893,17,2023-02-28,true,false,false,""
BNKU,1D,research_window,2025-02-20,98855842be8eab3f06871d824a89df890607b2040c2f5587de5b340c384d2fed,1723,aaa25ee3b6c2cc446e457bdf7de039cab00018de4a934ebb604ccc35a27b2478,397,1326,2025-02-20,false,false,false,""
BOLD,1D,research_window,2024-03-28,80ab24b496b97fa1354ce73c448207f3e3a8f523249c44af67e6ea68ef493012,1499,e57933bea98255e10acb1d2bda1d5db07ebddfc43ca98997fc89a566965a2619,621,878,2024-03-28,false,false,false,""
BPAC,1D,research_window,2026-01-06,9d20a68e4343e2952e3eb8e90c44347b143ea99a9d0d0acfe4e9ab14ffdf3969,468,0d4cee177706bcd08d1cd5c447d3aaecbe2b66c8ca36bdfcc000a588b92da145,151,317,2026-01-06,false,false,false,""
BRAC,1D,research_window,2022-02-23,a491be9d54fffbba327d439cebd4dba9af0c0d7a050383e57f5b07f7b2a7ca1f,1023,265694e692b86c9f7e696bfc02c6a28f00ae2206e40566123268bde5424cc6dd,596,427,2022-02-23,true,false,false,""
BREZ,1D,research_window,2026-06-11,2ed6069a98b03f4f4c138806357f0e6736a59a43c72db924c0b594984d305a94,917,6a530d661bbb0acf8f7baddb031b30cefbbc43fb7bccfb2e1856c2c0494807d6,56,861,2026-06-11,false,false,false,""
BRPM,1D,trim,2021-04-13,eeef4d91ef8f57e101744683c9de7134f1e194ae8bd629f3c9c20da25b81b502,500,c526ba029799ab52e510bf4ab478b8bcac30abe37596cf5c87f5ccbe33e43544,320,180,"",false,false,false,""
BTU,1D,research_window,2017-04-04,9cb7f503c199402c383dc30e09141f30a104b6636545c98716eff57d14879daf,2447,d731efec541326c6dd821d6f45fac3dc480978ad2ded373ac7b7c9fd85822aea,2378,69,2017-04-04,true,false,false,""
CA,1D,research_window,2023-12-15,7aeb505881839a6c67283030e456e1c7b0aeb981079c2e2c57e0b7f798026707,1315,a7123efb675a307e8a9132e5fc78987e1fb0fb3afbda2e9a9aaa196a6ae1b49f,599,716,2023-12-15,false,false,false,""
CA,1H,research_window,2023-12-15,1e5f7a174f36801e3334e74fd00859c93211c85931aebaef52c3e87c0faefeb5,5749,7f33006c37115b2fd2e4b1ccfe4ac5b6913c6a532910126b1a55b8a733d98cb5,761,4988,2023-12-15,"",true,false,""
CAI,1D,research_window,2025-06-18,4d1c4e87db0c8733722b859637bb79cf571d6de8c1a4d49924c35ce6584822ea,1799,5ee78b51cec5f20dea6a239528725bb0bd5dc34d283c5321e07b0be9d5caead7,315,1484,2025-06-18,false,false,false,""
CAM,1D,research_window,2025-10-06,7b51af8d6246de5e46d58752cb9df14a358adde43582c33504331bc495391373,302,0010160c17586741da786231e8bbd50d3fe1888a721cb5bde58de25b10da2ade,240,62,2025-10-06,false,false,false,""
CAM,1H,research_window,2025-10-06,0eb5605d921013b076d7eefe11b2a28b4f4b47ca373bf77382c77dde3e1572a9,1942,f5b9d9c702c2fa6c9bbf7d9d91b888e443b3ae89ebe5cca8e053be47efbe0dc7,1508,434,2025-10-06,"",false,false,""
CAMP,1D,research_window,2024-10-11,a7d432c43aa62892e13f42dd14d4852928206e802b093f4e53b65c38ceaa468a,2497,e0668d46390dfc063afc5aea59a8e3fe23125f33110f22e5f1a7b807416ce965,485,2012,2024-10-11,false,false,false,""
CAPN,1D,research_window,2024-10-24,33b1ff80e185dd3040850d547e7049080647f6bc9af0baf133c4336889eedabb,761,9932e88eb2d3fe64472b2e3635ba066d8ecedd2768197f5ec4bb885a6178e20f,419,342,2024-10-24,false,false,false,""
CART,1D,research_window,2023-09-19,8e46f7e65163e495b140025fd57c900dba35babcd0155b57005a1df289656e90,1758,0d92ad70e2737d8f707da2bbaf28980123c844831573290a41d3f4155e9acb32,753,1005,2023-09-19,true,false,false,""
CBK,1D,research_window,2025-10-02,34c23757e7ef9c537fc83b5a9fd2b4326602d3402ae9b515bf5867b07ccfd989,1070,0d5521b1094c63352034cdedfd92501550210078d359c22550afacad20bab141,242,828,2025-10-02,false,false,false,""
CBL,1D,research_window,2021-11-02,c87e6a87dbb6e91c38306954e5acf132cf1050aa00bec4d1c0b726cceb26a6b3,2442,218044bbafa6957944a7c4e5ffb55437d525d8c25c0b856becd7afe1986f24f8,1224,1218,2021-11-02,true,false,false,""
CBNK,1D,research_window,2018-09-26,390291a8cbae80cb9cc4bfc5820d5dd132b0516ee766b536ce3763d0d7a62d60,2209,5cd9bd0776c71a9df0e606ffb46e999f8fd6f8d9558a5e1db5bce376c03a892d,2005,204,2018-09-26,true,false,false,""
CCXI,1D,research_window,2026-02-09,389b49766ec28c15c7e416526503fdf5a4237747afb18eaaecd786f3c7eb055e,1866,ffab26957cd3ff91761b45b3e2547b399d7faea8d11cb7e88f32b2a0b0034f91,154,1712,2026-02-09,false,false,false,""
CHAC,1D,research_window,2025-05-19,44563a27ad0603a958fc8aa0ba2c659e9668ff8b92958b13a6dffbe38144cd48,350,d4795d23a229f747846701ffa99bd62d0e0fc7ace4f75aad0ff0b5e61003adbb,215,135,2025-05-19,false,false,false,""
CIVI,1D,research_window,2021-11-02,bf9799cf02f3594e3af3f0458442f075c929bdbf5e20e9844f88dec1819a5701,1863,a4ba9ffd96b5f47fb655ffa4c61cee62c62396c3557d9950bb13a7fa1e318efd,1064,799,2021-11-02,true,false,false,""
CMD,1D,research_window,2016-12-05,aed97a77c9372a941c4b4936d1500a44300901ae7a13a01631712073a19d92ec,1236,2d5b43a05a099c5ed39c190ef12eb961c31082c77f8a80ef8fa5450c45b3254b,1129,107,2016-12-05,true,false,false,""
CMII,1D,trim,2026-02-27,a3822d4ee1d5382c2ac5d1584c61f248ae3ddca564aac34f05c84d45a0d5de13,217,8b1e4f9413c6d091a8a9dfc15cf97a839560e749db73e8d8cbd0aff80667d20b,125,92,"",false,false,false,""
CNL,1D,research_window,2024-07-22,e38b0ec06c6f6df3a412a112cdd26d2fc5d604ecae98517cb52ebdacebc484a7,613,253041a84d3445534167043060ddf4db5f7c12b0114c7b7c03d816688df2231f,543,70,2024-07-22,false,false,false,""
CORZ,1D,trim,2024-01-24,173d720580e8eae641528121ef843ec121b2bc8ff586fa80b40f281980cb96ab,1104,7f0f8657e4591fce8c0d0fca7074f13558f43ae35a968680d527ba8e5735c4bf,666,438,"",true,false,false,""
CRC,1D,research_window,2020-10-28,1d47d7543cf92efa832c36135d43c4c36db870c4458f285d00c4fa17848f64f3,2517,63d817930d02159ba0b451759cc4b876779cba9bf6b7271e8a31084bfb0b2371,1479,1038,2020-10-28,true,false,false,""
CSRA,1D,research_window,2026-08-12,80a48f7d9327838a31c94734e537b455e46f227154e868c195b2b1a1eaaea2f6,593,f97c82aab9688084bd4105fce4bb75c5b243d11153694b9c6a354d8d86f6bc34,27,566,2026-08-12,false,false,false,""
CSRA,1H,research_window,2026-08-12,c1d8b4ed89d1613e3bd2a7220a664892a34e0149453bc6eda8a5c6733bbdba52,4037,600ccb793a285a2c8dcd1ce079b81154d640c2faff59c03320d6e5f5774904ce,84,3953,2026-08-12,"",false,false,""
CTAA,1D,research_window,2026-04-16,45bb6f59361f2bdc8096c2e435445389d1c3dc5595f90cba99b2ec82c03cbe00,1377,913027e0153574de451689977343a45f0374f5b81611584a24884ef64c52dd62,108,1269,2026-04-16,false,false,false,""
CTRA,1D,trim,2021-10-04,d8c3037fd6ffab81e242a45f70d446bb54fd2e5dfea72a9145d512a89eb87686,1713,2875f1ea2bde5b55f452d40f99fd77230f89b10322ad6adf3f48e9cf594eef65,1152,561,"",true,false,false,""
CTRA,1H,trim,2021-10-04,99e2aaf28342ef298ec6d9253cb488d511788630c19b416aebb6f89b6e9a08cc,11917,9220e8685844b530dcae42e8614194655e4a493c6d45d205caf3b33f3f33cfb9,8017,3900,"","",false,false,""
CTV,1D,trim,2021-12-01,0e5b3827c3187afabb31c74b77f4a5fb7bf545821aaf859f09feb207b9296cd1,1960,ed45b297c276d173713b68c20618f1536cb0c1f1fc0f27357399f9f73804964d,803,1157,"",true,false,false,""
CTW,1D,research_window,2025-08-06,bd555bef1123319786e2b3c59cdf12a5525b3bcdc2ea0e39187007d022f93e16,945,0b1826f795c171371e55a430e7382c1aeeb3f6f92e507dee0faa5f6036a4697e,282,663,2025-08-06,false,false,false,""
CUB,1D,trim,2024-08-09,d6c5841f2059fdfa03170310ce5ba6aacceeee1811ad4637b9952e3885339383,1874,ef27aabf6d94149fcfdcb9f968250195441eb962b792a96431faa06acb635483,517,1357,"",false,false,false,""
DBD,1D,research_window,2023-08-14,c273983e0a1459023b8b4c6e8b80b350981669afa683b9dcd474a3a97510a725,2641,9957b88decb4c5bcf2a3ad387ef6894e7debcf89d9b787b53826bdc8d3c17e71,778,1863,2023-08-14,true,false,false,""
DCT,1D,research_window,2020-08-14,b14b070e22490d0a61be1bb5a139d04f5f977b89cba69dc541bdf3919ac937a3,1324,e4120bb3e828822b6f91e1629e726bc4d4268a87e9c20fef509f60fb53bb9050,660,664,2020-08-14,true,false,false,""
DCTH,1D,research_window,2020-05-01,179d205dba971a49026089c22e1e4bf8ecebde2b9a68d1fb965e3c53d21b3944,2033,52b371258994fa81d022774460dc8aa0a30887e480d8219009e7b653d137a669,1604,429,2020-05-01,true,false,false,""
DDC,1D,research_window,2023-11-17,8523f514689e6e38f6dc1977bb770c5cbff0870dd8e150fe5cf0548272fe267e,1173,27e2a3386a8b2ca5efba9e854d36a62d82ff7a822bd4a936732849f7cdc6e0e6,710,463,2023-11-17,true,false,false,""
DDMX,1D,research_window,2021-01-27,2dbb6c653c592b819cef7caa1d22306d9e5c822d68a1a8f50172509108e5ce4e,476,d65fdebadb197e66d6d50617afdb483f859cac1d60f4d9c8466cee8a4e7d19ea,214,262,2021-01-27,false,false,false,""
DDMXU,1D,research_window,2020-12-08,b4920093cda249d013a484508979ed267ce7e990297d0c5ab28c0d8da82b1962,428,af8a816aa29b392756f41603f2d5aa2caf62129c91bb2277c3048e588ee7ce7e,226,202,2020-12-08,false,false,false,""
DERM,1D,research_window,2021-11-12,18fa9b5eaa79ae01cbd3377699b8fef1d5c7a7885cf389fe516d97c7a1101d52,2255,765af25f151e65b1c89bf03ba4911dde326489fce26804311452f281bd53bce1,1216,1039,2021-11-12,true,false,false,""
DM,1D,research_window,2020-12-10,feb7c0df9f90e22e54722603824f30019d79108d189ccd07a26ab768b1de3141,1852,7f2c428a4fb4e2d9e86d71764adf7badc6cec45953cb468a7c4dcfafd4472ca6,1081,771,2020-12-10,true,false,false,""
DNB,1D,research_window,2020-07-01,00414efbbea83eea2afcdd148a8cd50ab4682e42a051261125b2a93794b40de1,2074,71deaf104ccc7cce6c9dfc48416d8f0f7a4974f239429c76a38ba0479e10ff10,1294,780,2020-07-01,true,false,false,""
DNB,1H,research_window,2020-07-01,05a4928f3e5315828d2ff91793b63bb7da14ddbba936db879b65b08550b45667,14445,e66c9e1f791d8f2dd9348adf6ce592fce51c53e8873416a39fa732f2de460e33,9003,5442,2020-07-01,"",false,false,""
DO,1D,research_window,2022-03-30,681f5ed5f033779aa18d3ec1f767ce7b2ec303bf914128cf300db2c5438c636a,1695,117bf56053d3a624ef5b3b2c5481a0b20a80c34f5e8d42bb7115285e155c2e43,610,1085,2022-03-30,false,false,false,""
DO,1H,research_window,2022-03-30,0628a05c00eb9db7170cf4d541910107957dcc22c137737163de3e45b3474c60,11826,b02a6624eb0d1c8c067afaada9817ab2645b027b8eaa5bb5b081746749aad352,4258,7568,2022-03-30,"",false,false,""
DOW,1D,research_window,2019-04-02,e56a630a82a2f6b30aa07ce974e18eb83d4d6ffefba95a31fdc9f0538ccb6292,2297,1428fbeaddd068303544d640ecc4d2ab0599d8244061756b357ce2f65fadcccf,1877,420,2019-04-02,true,false,false,""
DOW,1H,research_window,2019-04-02,776c3664268ba5b87cf2b22ffc2d5970f5e00bd0086a97415719cd9dcb4bd177,16005,7db580e2e3357acee984aaba3dc922c8e68faf179546dd0f8ca64a0bf6bd75a7,13071,2934,2019-04-02,"",false,false,""
DRVN,1D,research_window,2021-01-15,242d31a0e76153541a9c95eb3ef8dc7ac484b76855576d00e86db0362b2b49df,1444,465daf0c9ef58208726a4b5e44c4893a5292841efc93a084b7e11112dfcd0bd1,1425,19,2021-01-15,true,false,false,""
DSAC,1D,trim,2026-01-29,336e3db91ebd90d3d78531044b4953f7b9932f7cb6998d0f90378eafa5397e3e,560,f9527f8d7605c197a62674d411a0ea1686de3e3e5da190498581fea10b1388d4,146,414,"",false,false,false,""
DTUL,1D,research_window,2019-05-31,31d0ca2e4c61dc11f5383de3eff35fb3bbac2c08d9092de8b78cf2b178bd8f55,300,b9c962bc3f41a5bcd8ebd56c613bc1faa9adacd5c6d0956c17c9b010bf2f6c8b,186,114,2019-05-31,false,false,false,""
DTYL,1D,research_window,2017-10-25,9d483bd5d9ee3450c6dffe5e221d20d15838b0ed8d85bda35aac0d5eb35ffefe,326,d9c22ff5805dd6988d93550495baaa8d8b403b17d3f0a1af8f255c65981f9e89,230,96,2017-10-25,false,false,false,""
DULL,1D,research_window,2023-02-22,516c5b575e85200329fa7c3bf0e0267c9041bf8cdaaa28f2f60964141d1555b8,1150,10dd215f9600c5f344f1a7391379366d8305d473b126f7346fd88c18a6e8cd50,897,253,2023-02-22,true,false,false,""
DV,1D,research_window,2021-04-21,9f5f85ff2d96a9c2a1b63e63ad860b802d0bfc3ad716bc42e62972bf2a722906,1710,1ecdb61eb5e0f2acceb575813628840d906c1d4572582cd5f2dd5b3b0a3c27c2,1360,350,2021-04-21,true,false,false,""
DWIN,1D,research_window,2021-01-29,6c3240e8b46dd1c0d2e58dc928146b4b25d0b0834301ae83bcef3eab0745d808,1402,659470d30321b6b999bc7494bad98e8b1e60a8f35ca147016757979d0fd1a7f4,411,991,2021-01-29,false,false,false,""
DXLG,1D,research_window,2021-09-08,c46a91f86567b184785c29066b6dc50814ac2e4732cf053a5019eb7594055138,2515,f5cda280049e72334cfefe11ff44a454ed68be87b08af33b8eb15474d3158f4a,1263,1252,2021-09-08,true,false,false,""
DYN,1D,research_window,2020-09-17,08ce2d27fa11414f865d219c8fcd96b90dcac13c2e468632f99489bf18c8ee69,2077,c431e86e882dec8d87c4da954d5d96a594f7c44999137b30cd2bcd82c4f37690,1508,569,2020-09-17,true,false,false,""
EDR,1D,research_window,2021-04-29,7a12782d4bd7522664ffe8fa6c87047569e49f09e313599d56eaba182d0fd3b2,1663,510b6c30c8fce6905c157095830c8a890cffea957e8316898ed0df6775eb41d6,979,684,2021-04-29,true,false,false,""
EDTX,1D,research_window,2021-02-12,6ad66415e4fd98dc23fc5575a28cccca4f93bd5e89ee08c385992622c7b6df01,902,781bc5bf7eaf9dc3ec6e06b93e64a061885a7b27c89fb513959fbe2196eaf69c,584,318,2021-02-12,false,false,false,""
EE,1D,trim,2022-04-13,c7c5379e67537a2b4b62ba9c600c1933f60cea3a4ce0097b5372f635a14c6d28,2263,0c3f359f9c644887557c2887d516e9493bf36e380323f7504b5427e16eb3ae9a,1112,1151,"",true,false,false,""
EMC,1D,research_window,2023-05-15,b68a1bfa3803328663b286a6b420987a89e5cb5cf70b9a369e75b92e3883f8d8,1011,f62bf28aa0f2c11c4a118ad5436f699036b048ee10c1599a4df64490f27dc571,840,171,2023-05-15,true,false,false,""
EMC,1H,research_window,2023-05-15,95a934454b8638a805588074f4087f64b545e768fc6801ec0350f053fd5b0b46,6117,b7ce8fa32fecb7ca5ca6fdea22e75e3206adff5e1f8b70fd97d76385b0d70ae9,4920,1197,2023-05-15,"",false,false,""
EMCG,1D,trim,2022-09-30,d8e0a99ee641d00bd0832109e40365540de788b2108f91cd04402f82a03e95aa,1757,f2f83e6f234515fbfd81ef473e90ff9295083f7c8563d84d6d8eaee5ac872326,650,1107,"",true,false,false,""
ESGL,1D,research_window,2023-08-04,38a08887033062122bf3e9d4d9090d1e2c489d7e0528ad52bf7d5ac63b788e0b,1477,38835b4104989051464c708010e159ef342172d2a08dd0b7a1ed06ca7df3869f,650,827,2023-08-04,true,false,false,""
EVER,1D,research_window,2018-06-28,ada620a479c1cfc1d97c0d03898578f72b8f3af51a14bf550db05e2b0ba235b7,2428,59d971610fee21c8a27d1e1c1c3090151f2ac179bebcc7e2a74f2e12fc2bc2e7,2067,361,2018-06-28,true,false,false,""
EXE,1D,research_window,2021-02-10,f87ed865bd126357a157143d231c19c2aba0b5837b12abeb117ea0d9bc6db398,2537,300a4e127d65e25c8c4824fe9c3e575716368565696ff0d30c6440e47910cfec,1408,1129,2021-02-10,true,false,false,""
EXE,1H,research_window,2021-02-10,71726d4d85507d3922d37bfc78ffab23b5e843491b4157d9b9a6f7f15c4b1cf6,17700,4e2ccc653aa14a6dd4be38b48ec5e2bb72726ea9ef7c20c3e25a977b9600ff30,9826,7874,2021-02-10,"",false,false,""
FACT,1D,research_window,2024-12-23,336d67b896232a80f62b45b61bd97d35507708ee5977edfa384a9375d63ac466,999,0ba7d983cdbb9216347b6f2802ed3cbcd03e176f697369fb7a4c15b96dd99715,435,564,2024-12-23,false,false,false,""
FG,1D,trim,2022-12-01,d95cbae9137dab9f3552b79443de7a9afba8e27d630907f767bf53218951c7a3,1579,80d8d3820db1f547cdeec6d4ec1df0a763e3ee788e16f361f1a86e7cfd334ea8,952,627,"",true,false,false,""
FGL,1D,research_window,2024-10-23,2e45daecd5e35cc927129a5d21df0b47efc1a8215343a14cf9f3bd20cc9ab25a,960,6329129d1b0ebaa29d92029487d3e3123b8279743d21af721fbccf1d4070eec9,477,483,2024-10-23,false,false,false,""
FGMC,1D,trim,2025-02-11,c4e66e5c6d2f9edc4e7cd6d31a30f31eb5311a36bbf2b638f9f30dd76f5cebbf,700,d73fa99f78f6b5e83872c82658966850a15d5a08869dddd67ecf84b185f57ef4,359,341,"",false,false,false,""
FIEE,1D,research_window,2025-06-02,bb43ee020a422e2cca6eaf7de20cb34d3d2d514346077d4d519a7b18491bbe8e,2162,b44e39f555a36e001a86931d113b7338d58f68749f13f40b49785c28a67ee1cd,327,1835,2025-06-02,false,false,false,""
FIG,1D,research_window,2025-07-31,01cbe48ce2ed8eb4ac2222c5929bcea89507e780e7d5bf805fe43a7eefffc5e6,1446,05ce716ba6d80bd239b93e22da3dcf0b205e9f20fe1f2f20c251d49d0689a0ea,286,1160,2022-05-17|2025-07-31,false,false,false,""
FLAT,1D,research_window,2020-03-06,5b7dadca174a2d63cc08f48a49b2e43e30b771dbda0e2bc0009c3f9d88842538,531,3c84d754c847d113ec8f3bd77eee5c95eb267aeab1cc3c2c72c1d3f29b56af43,29,502,2020-03-06,false,false,false,""
FLY,1D,research_window,2025-08-07,13a14103e356435b0d674dcd785698edc40ee4ec9dbd2be76ea8e86c4e45c074,1686,22925a999d64530f993abfead172f1f265c79b3c480145cd5f4def400ac22b3f,281,1405,2025-08-07,false,false,false,""
FMAC,1D,research_window,2026-05-18,35313a1cf3db6e5189caa2cfd40813a60c70c21ffe28876c04fe7a72825901e4,421,842415c2bf25608e71d3f99ea5ec128c3cf85e1f04d4905426a1558b74e0b96a,86,335,2026-05-18,false,false,false,""
FRSH,1D,research_window,2021-09-22,c06d9eb6291a4e2d89dbe0f4431600d6b017abc141afba6cac4d6bf9f55910be,2105,377c6cb39bdde52ee383d02fa1310109a688310e72ded0008bb11d23dfd7d3ab,1253,852,2021-09-22,true,false,false,""
FSBC,1D,trim,2021-05-05,08130efa398244176ad3d8e8b276b58501cef3e6bf26411e3ee1a458595d0673,2306,f1f983a07e2163b6a087f9e81fb5f39cb3d23fd82d9a40c03bfdf5e8cbcae73f,1350,956,"",true,false,false,""
FUSE,1D,trim,2025-10-23,6e83ea00a73cd6733966e976b440ed14c41e02834f9206c163dc131c4731fd6a,506,b6209aaf24a39643257f7e6a450304507e8a87565144fc3b8af166fb4c274081,227,279,"",false,false,false,""
GDP,1D,research_window,2017-04-11,347d2a28a38410173ca896f65da3e8cf12c00fdc61b4216c77870ab8ffa8e5ed,1193,7769f21d20540451a1492da06d9a67c5714f7b3f998e2c8f279d943ed0466527,1185,8,2017-04-11,true,false,false,""
GIW,1D,research_window,2025-10-27,73f93d213e3a186ab699cdaca0b7a694ae5aaee4199a88fbc143f5196a75e191,583,ebaa5dd730a5f4b929b546ca4e9d78fccebc705add939b095f9ba2dd09c725a6,225,358,2025-10-27,false,false,false,""
GIX,1D,trim,2026-03-19,0f31c868b6f9316a2d50a6b57a9a5bf9ab61567f5e4cca86fe19e9cf79d4742b,607,c0e31fdc979353242081997e0e793dede173c82f00978d6f2ef12679c3974e8d,117,490,"",false,false,false,""
GLF,1D,research_window,2017-11-16,434694db0144ef6054e0cfd10b0bc076ff78ecb33f04a1be19ef454f8bf7267d,572,7de6c81634e1b9a8d36ecb0b2e6c18e4ce68bb52059f20f93acfa9f558d1cf32,252,320,2017-11-16,false,false,false,""
GMM,1D,research_window,2023-10-10,fb47d9d58235fd828a27b6ee2ed12043a08a12af76396ab436a185ad6106de4a,1188,723a9cc0cd0ca63513eb81b9b330b02f8628c3c9d32bc0cf37e01c108c731807,738,450,2023-10-10,true,false,false,""
GPAC,1D,trim,2026-01-23,b802c07a7b9922ced1324f9631fb4d5ae59eedf960272b4df0cce66473f79656,1349,5fb72417f5af48cc8729ae2ec6b3e5e0f790a7a8e047669829db1fddc77a69f8,152,1197,"",false,false,false,""
GPOR,1D,research_window,2021-05-18,afa1fc42d13120108f00de9a5299734a682f02c1e8bc07f95eb0e2eb265167eb,2576,171565a69a0093c1c2dd27000ac58ed0e0a42e9534207c40107081014520cd0d,1341,1235,2021-05-18,true,false,false,""
GRAF,1D,trim,2024-08-16,1f43440d64ba1f4c8beeb887c9c32d63f92f6a3fab95355c8970ecee10ff507f,969,69641e26c5ca8bd63233c2ae756eb5244454aa1888ec79b1d247f2a94c4a794d,485,484,"",false,false,false,""
GRBIC,1D,research_window,2019-02-21,466ab1a4513379a5bd794d9e5dea244a5124f74c379b1124c08e0238674aa1bf,10,d17a1b0143ff53902e0a92c97c9d33e9454da839327bafe6a082e12d004f9d5d,4,6,2019-02-21,false,false,false,""
GRO,1D,research_window,2024-11-27,fd9bf913c3819655341228dec9bb6bed0a5b37c49752c52b06aadf3ceae3c8d0,664,548f59d5722cc8b5c6407c0cb8aec4209f1f2dd1013ad872ca477cf5fc83b18b,452,212,2024-11-27,false,false,false,""
GRSH,1D,research_window,2018-10-31,5f5ae83bd5c710763452943b61e81eeeda5a1f17ecc90bf1d3521d081ff23490,512,55501c96dd579095e5a0671e3dc17d4a94f6a861075a0d941c2da4dcaca9d36b,320,192,2018-10-31,false,false,false,""
GURE,1D,research_window,2025-12-05,3a3a516a6304a1976aa3e2f31d18c698f0b0a6945fab42d2cc0e100c8f60aac7,2461,bfcd0577db202cef6340b49bf0c6d0ec5b28bef64580f8dd473a34e5dde31ad2,197,2264,2025-12-05,false,false,false,""
GV,1D,trim,2022-05-17,bbd52f7a5b45ed17a408d61a8bb7d63328632913f6e46f6db578ac4fb1f98e4d,2311,95c43a5642b6c1921cf892fa721e1bcd13e205c0250813bbc7b7c8347dd96b1f,1054,1257,"",true,false,false,""
HAO,1D,research_window,2024-01-26,7bc3df43870668c8fdf27f1d12ba2a14f4e44041775e5523907f3afa7df41195,1701,de819ca74d0aaed7e08305ca5abaccf77664d00912665dcebd413b65cb33a309,664,1037,2024-01-26,true,false,false,""
HAWK,1D,research_window,2026-05-07,e6a33d91f10bf6eb821cae696175577fd3b413706b476dab6c31e436e134411f,710,1b5d07ece5a3d7af96901a1f1f008dc4cd4cd9aa633ef79c7406b7325d6992a8,93,617,2026-05-07,false,false,false,""
HCAC,1D,trim,2026-01-27,a27172ea041a6243260fafe285228764da448eca57daf300ce6be6269ed2be96,1176,04aaa36168a7196a61cc3d35f4746e3377322ad198c8306a05bb943b5551a711,163,1013,"",false,false,false,""
HCIC,1D,research_window,2026-03-30,27773c7c591903f732a98878f0158c153e5c8ad28bb5f1ff348e901a8526d12a,574,9e2b0c391337c0bd28c9e540c1dd67c8773ab2f124ba94350dfa24c81879c7eb,120,454,2026-03-30,false,false,false,""
HCMA,1D,research_window,2025-09-22,9d69be7aead20ada59488ab7389f18329d9253bcbce09e00f633500b8371b82e,683,ce3955c2f0be09b6f7ccf7190b57fdc11b8dfecb49f4b9283d72eb4a1eb1a925,250,433,2025-09-22,false,false,false,""
HCP,1D,trim,2021-12-09,f2560abaf81a0cdb6c29802aad92efe712b880f653d98028a55e7382a651ce88,1773,846a229916c8c470f903c913f1fec76df940793f92fdaa6b2c2c7e93f74169f4,806,967,"",true,false,false,""
HWH,1D,research_window,2023-08-25,71915823b35b7064fe1ff5f400ad5c0982efc5ca6bc4280c409e16bc086a6c55,1078,ff8e8b6b117e4304264c9d3d18043c3f6d4f7c6d782801c658fd1954d50bfe2c,769,309,2023-08-25,true,false,false,""
HYAC,1D,trim,2023-09-15,e0c29aad7c1d34f74092cca1ec8f8bf97520c9b7604bbf5e30f19038ea56569a,1590,71576e01017146eabb607f4525e65405fc21fdc69a92654ca602e06c93d6350c,642,948,"",true,false,false,""
IBO,1D,research_window,2024-10-04,eaa3af947634805256b74d4916e3913b7dcb4c846f63edd65990ef0c776015e6,608,0731f3fbc0233691bdcd1f859d5c5f1abaa90852ef77ba968067e28295128e50,490,118,2024-10-04,false,false,false,""
IBTA,1D,research_window,2024-04-18,631485fe5ff92cb50c20e316d793a49c285098d630a983d4372a601c3f23724c,1051,9630c0b9b9235bdf73e33667efc3dd93fb3ef1b0d986184b2b9b45acbfd8371a,607,444,2024-04-18,false,false,false,""
ICON,1D,trim,2024-07-12,37da6518e5747137a20310406b3aa8d876f4a2082fcb8618a514529647ae15df,1955,0c4bd0a7ced4bb3d5ef4451ce9a71f1ef3b79735bdd0b35cc7e8340a699cc3e7,549,1406,"",false,false,false,""
IGAC,1D,research_window,2025-12-22,dbbfa0296f31a6486652a7a4205ac0114c54d2df603379451540c5f3eae781fc,699,f4803554e73388ff958b44fb27bcd271971b70c6bca0689b4d734b82145588c1,167,532,2025-12-22,false,false,false,""
IHS,1D,research_window,2021-10-14,c0d10cbd419943fc834c032aff00df5f6110639fec4b6a014fe38717087e6e7a,1369,b734c81491b29b7d3a690048ad4d2321f3030dd3120efba1d2a9d6492f2cbd33,1237,132,2021-10-14,true,false,false,""
INFO,1D,trim,2024-10-10,3e39d5167b0f2b259ffed327b778e68c418104eec8d0bd4b605bf46e9d298be1,1903,4ee1967991367c408b4858de5b870b2485b0633a453474afb9550beea8c11fc2,486,1417,"",false,false,false,""
INFO,1H,trim,2024-10-10,364b3f8888a22bea4e463676bf4ab6e5b85e89bd2ff7ab9ed59cc2c0e795826a,11588,650bc1eba884efcacd9b94bd52c3503abb3e485c8523c994ba340c5bf2c6e0ba,1729,9859,"","",false,false,""
INHD,1D,research_window,2026-07-31,abaef499c93b8f183f734048ff9249b1862f4c849e1792653ccea62176cd105b,656,a981354665265cf7417b96c58c51cf96310d973e74544ae75359eae5a44ebb5b,35,621,2026-07-31,false,false,false,""
INR,1D,research_window,2025-01-31,18941ad4755d8092beabfab8eef29c8a2954e4aa2a00e4ec4d77c1f3d93814e9,1173,c5f133a959b8cd8d5e05581991962e0eb4450f20ec2c377040b7ed12d63be917,410,763,2025-01-31,false,false,false,""
INST,1D,research_window,2021-07-22,d6153c8d077f9e282ca188afe70d5c458f11f22a24741d6b9ee630ec5dc09480,1896,981a76718eda168c5931fbe11895cda7cbbd8188367462671625f41678f16b61,834,1062,2021-07-22,true,false,false,""
IOT,1D,research_window,2021-12-15,16b1d6c39cd40a1d094f142e0370dd9aef486f8f74273d01dca0befde28fddc9,1571,8fb6977b63091ea23eb4d0eb6b5fd86963e4df33e3518e71c5a78c96a473211c,1194,377,2021-12-15,true,false,false,""
IPAS,1D,research_window,2018-11-23,79d1cb42b3b1debddd62ede4f70194ce9a2e65456a2109fa66e9adbf5f524012,772,896009b9fec3a40e09af64fd48f7824e3f806628d1cdcfc4801c25ad7f02bcc8,54,718,2018-11-23,false,false,false,""
IPDN,1D,research_window,2020-06-24,39f2fab93370b1992c75f6caaff4656aca397e09a1049eee8f2b6448c53c720a,2550,9f5163f470e6bc61c1f6727f6ff46d221d56477ef0163cabe33f6b5f2422f7e4,1567,983,2020-06-24,true,false,false,""
IPW,1D,research_window,2021-05-12,c8e94372e68afb5d93d813054e9c785f7b6d3a4138f2ace07c04382996a56e43,1737,439055c27964c6b9bc9a52c2e6925079315552b991dbcfa505d9f767d5d3723d,1345,392,2021-05-12,true,false,false,""
ISLE,1D,research_window,2021-03-29,9b87693e97ce05f6cd3663839a03009c8011f842e4be944f85ea4b8891f2f124,692,b3c01c137e267d8e46b29f4b2904d50ab0835769138684901fcf9ee72fc6d873,358,334,2021-03-29,false,false,false,""
ITG,1D,research_window,2026-07-01,717bdde57a16aa514871c3891ff3c1d04a5a2f92ceeb2155d0a1ae22a11362fe,850,6cbcf25856bdda04fea460b86d7a0f05e60d9dc780d15bfc122098c4a2b3191c,56,794,2026-07-01,false,false,false,""
JAGX,1D,research_window,2017-08-16,c59a21f3a633ba0bf2ec50cb0df64d86cee918994a31d5a2591424843572ccfb,2537,8ff2d0ff64164c41b58b0db20cc252c2b26e5ccda8d2b02ce4d3dd1ba3975028,2285,252,2017-08-16,true,false,false,""
JAN,1D,trim,2026-03-20,5fde31f9a4e5cecbaa9cd4c4cc33bee08cf6165ff5e2b1c512928ef80b27868d,1343,7e01e78d2fbb8739eba588cca08fe69501b4c5a9fef781b5c186709880d3e8ee,126,1217,"",false,false,false,""
JATT,1D,research_window,2026-04-17,45163a89464575811778c031e183699b2fb96bfb2d5be707344a654259bcf8f9,470,91ab6d67d9a139cee74da59d8b75036e267cedea557ba7ec9ef08152a47df95a,107,363,2026-04-17,false,false,false,""
JCAP,1D,trim,2025-06-26,6eca15a1758e93d7bf5eb4d04ef29816f25c5ebe71f22b2f69c3033012ba3c02,1531,7a627bcde34c2732c52d1bd48bfd317badc890fea4701cf3f7ffe82a49850474,310,1221,"",false,false,false,""
JDZG,1D,research_window,2026-07-31,c040b8def5fbc73b2df52caae38f3a85e671fda906a7a5d75722721eeb8509fa,550,3870a0cc8400327fd7ea333415168a46f4cc979982b37bf63e67d0600b652d0d,35,515,2026-07-31,false,false,false,""
JEM,1D,research_window,2025-06-09,fcfdd74b1acf8d1197a55e39c55b99031bec9464bf519cbcc1bd1221a57190a2,633,8638969ebe83c5c3cc96e35223c73440a8c59411f0cd3340d3bf635f693e182f,322,311,2025-06-09,false,false,false,""
JONE,1D,research_window,2026-09-03,b8dcfdffc2171f4e46b78cb84518c123c3c39db549c5cddb762bb23a2e6eca47,742,da14e53be12703ee751525df9f5da98d6019237b8f99190c0314be21e7e3657c,11,731,2026-09-03,false,false,false,""
JSYNU,1D,research_window,2019-05-24,55aa2ad2b37a0b7b1e35feba85e8599544771ecbdc59a96a9fa25f882c98e161,494,5c685ff13c2670ab917b1937c6004a6ce39e5c13f811e8652fa92706973c5d61,18,476,2019-05-24,false,false,false,""
KELYB,1D,research_window,2020-08-11,4db1d8f0138abf88fdf85870292692757c6bdb6c89595d3ef0a7601fd5a184e4,1769,578659b4f790a071b05212d5ef492e37c65db995e23d43ed2bc176348eb2a7c7,1399,370,2020-08-11,true,false,false,""
KOR,1D,research_window,2020-08-12,9a6f4f0151ad2cd00babb99ed146dd593c3e762bd2d139a4f3537975ce3564ca,786,40e5fe0f52d824db4c8f667c8f613692704d5ff5df5fe361aadc10fe1722fdef,361,425,2020-08-12,false,false,false,""
KTWO,1D,research_window,2026-02-25,dd9212eead36ee78725cea34ff4908ec4edb5c98d3364b43d6141ef79b9ff3af,863,1af40ba0a14d238aa10f1ede3c20aa07799e2e5de1e4f4140804a78e8b22b1db,143,720,2026-02-25,false,false,false,""
LB,1D,trim,2024-06-28,b2fe4b27771795d01a7dcf9cd01fd5b7b54b8893938e3c736e2ab09ae5f38d65,1963,1664546c17e86341bf6bca6d581cc1b60825e987f1dfde7711348be91356ef59,558,1405,"",false,false,false,""
LB,1H,trim,2024-06-28,47acc168b3b51f3ac3c85f91c2f89e69ee383da63bec78aef5281df6a39b8bb6,13681,ce5248fc9bcdc06b5e9d6d39bb5fbee59453b008b40d870d0df52a4d613146cf,3885,9796,"","",false,false,""
LCA,1D,trim,2021-05-18,80250d3416e0ae8905b07653fdfb6e1fca8c4d6160379df005cabc65301775ad,1562,7d0dfbe5f7899b77b9bb5e5847818e266d1ab1cd0ed5cf629d8ce2d065829b5a,674,888,"",true,false,false,""
LCAHU,1D,research_window,2021-03-25,32deeeb57393ae119b9c6dafa1aad4f904a58fa575721b63ad7bcaa623caddb8,1540,066833e340aba51d74aee3daf693f4711110843453e05309b6030d253e1328f3,538,1002,2021-03-25,true,false,false,""
LEGO,1D,research_window,2026-03-16,b2fc6be59317e90762bcec942b75317add86cf271ee984127fb9cc1a2271a12c,290,dd4005f358adb99afc84b95d450a5b58adcaf17c532df46163040325d5911101,130,160,2026-03-16,false,false,false,""
LFAC,1D,research_window,2026-01-26,5304bd24e28f5067038e71522e1bc6edb26f9ec67d6ea8996af67343efe2bf7a,1177,13041e31aa313be772dca0b984f309c7576edce111e2fdb24e9cb5ba99eae0a1,131,1046,2022-01-12|2026-01-26,false,false,false,""
LGCY,1D,research_window,2024-09-26,f81ba7adf2c27aeb57b1c063e3c2dc4bd6dc172981e9b3bd0b6bbdb328504c4b,1373,55c20f62ccf407c732a241cd833d06e13b3722660f096dc7df27bcef2b235102,496,877,2024-09-26,false,false,false,""
LINE,1D,research_window,2024-07-25,bab95435224c60f0f097da0e7cf887af5d87e7c7d2dbf077a37899d24e6cfa31,638,b9009d6a906432324b594a68b639359abf97d91cab78dfe4636408c428b2929b,540,98,2024-07-25,false,false,false,""
LINK,1D,research_window,2021-03-25,f2ebc6fae7e0cc058d1cf466f7a799a115d32ce94dc3fbad0ff6d1af077ef8c1,2086,ea07fa7afa9e85bd619d2c324565f7ac344390dbab185485f3bdd7b68193f46f,1378,708,2021-03-25,true,false,false,""
LLL,1D,research_window,2021-10-13,9545cb142b27580da001ba8250c987ed89ee43a76ca1e231564695e597c29da2,1127,788044416fda36e4593f6187fbc6a7b4dc4be59e13eb56b8b38ec090274b3969,249,878,2021-10-13,false,false,false,""
LLL,1H,research_window,2021-10-13,6f9750edc46be5e21fe5362406efcfed1ac1f4c5bdbd16adac4d34910fa1c2e7,7753,5b67cfa8c70bc5e8179f9803f3de5a965302b3305e9e761ca2354a10a42273af,1625,6128,2021-10-13,"",false,false,""
MACQ,1D,research_window,2021-04-20,075c75fa5430b3a3ccd095ab13e01a63fe1bd8f979fc0d9ac0dec41e58221d2f,517,712a928183d700c084cd774c85339cd3451a63b40cae8e1f089b49797b278cdd,173,344,2021-04-20,false,false,false,""
MARA,1D,research_window,2017-10-30,8a1bfc9b600f8be8ca4509ed3a46fbd7a8060a64509f36a572bef95a902d3614,2485,7df56633ec8f677b077fde8993cb8b1fabb3c1c36b02a959c5e0335296abe17a,2233,252,2017-10-30,true,false,false,""
MB,1D,research_window,2025-04-10,9b310f00a55e383ec1fb3f87cdf6d93ff11aa26cf2b9cb85f3b049ba52fa687a,1147,f05166a8182cd14f41a29f73d869cc1b0408d6fe5121a7761ce74d136a8f8506,362,785,2025-04-10,false,false,false,""
MBLY,1D,research_window,2022-10-26,38cbd0b50c1102f013b89c4aef1604d48a07422e8747b291e554bc5f4ee4c64d,1397,b995b68d9670137930ed2cafe757654d57940c1554b8eb88fadbfd68e9fcc0b8,977,420,2022-10-26,true,false,false,""
MDA,1D,research_window,2026-03-12,68d43e7f214864dc64a372e4d0c77a493d8e6ea334b166330b2c9fa7a650b438,135,a489c745c2df21379e773a4178b7bd3f1d44565a768fc19adbf0655d18f4976e,132,3,2026-03-12,false,false,false,""
MDXG,1D,research_window,2020-11-04,047ac2a2776b63c09a94717e2bf290149db8a3d3e4ce67ab6664f222ce9eaded,2193,85c651399e4fdd387df6ae22ade7d68a0a76bdce049de3a804c71b7a53b4e063,1474,719,2020-11-04,true,false,false,""
MGN,1D,research_window,2025-09-26,2a8641d3c9fe6f770e4311997b2a86c09f4956f1d0de0398ae31dd59da2fd3cf,422,258ea8d1bc5cee34fc08d5a2cbfeb40a8b34c28dceaa3b40451d236fcd1ad72a,246,176,2025-09-26,false,false,false,""
MLPB,1D,research_window,2017-03-09,106c1311f605948e400470d6da94ef96c782e44f8c7969de896e6cb8f6c9f4bb,1862,35d1dbaba580cd2be24ffd5ddc042a4d6ba57a8aad708e4878d87154851eb555,1829,33,2017-03-09,true,false,false,""
MMV,1D,research_window,2021-06-08,ca79bb78ca9aeaf3c51cd80b8f2ea4289e3c501c9dd2faefd6f3f5158a7c6434,1406,44e041842ad8e5459c8b012bca50eabe8f357752209325aeaf4aa5396b23be79,903,503,2021-06-08,true,false,false,""
MNK,1D,research_window,2022-10-27,09fa2a15ea7422fe3d4d41c2d2e42a9efb38668bc33c880a21286ccaa9b3c8b5,1411,6f554f0dc10b2c3c726e2fea43b77ba5c51dbfb553060eb6dbdd5bd1cd580e25,209,1202,2022-10-27,false,false,false,""
MNK,1H,research_window,2022-10-27,02a86bb479ed9f9fa217fe4482f0edb9cf8ff943e6350d5f56d12f7454e5b77f,9662,8889a52611edb82e5b2647fec0f71f305706743948ef4b6eab9d070fce92008d,1275,8387,2022-10-27,"",false,false,""
MNTN,1D,research_window,2025-05-22,6853f2bdf9106901530434b1fa1f85c046b279573032ef2526a1171f71e9d0cb,1044,213cb623ab62c35d1e88b85099fce6e4519dad09333ae34391355c21b98bac33,333,711,2025-05-22,false,false,false,""
MOBI,1D,research_window,2026-05-08,bae639b7c3757cfd161149d4138454c8b3cca82f879c31ac5b3709c88a671cc2,314,ba36ff5ee0f1b1e693170719ace9b411d15b3274df773c9bd309f8501b3919bf,92,222,2026-05-08,false,false,false,""
MON,1D,research_window,2021-03-16,237be2d68ac825f8f0cfb3abda9e0ad54a425db273b3cb198c84a9fbd1f37dca,1061,73467509dbc55bab5b7b38af22ab9a128013755af8e71034e6bf701aea3055ee,450,611,2021-03-16,false,false,false,""
MON,1H,research_window,2021-03-16,b0cc37b50c9394dbba7a1e315da7224ec7eebe12d6789d71eb86bd96b08d400b,5317,913e05b61dc68d5629a3758d10b6e639ae055b46f8918782a0b1dc5a9148e42d,1049,4268,2021-03-16,"",false,false,""
MR,1D,research_window,2019-03-01,eeeaa44718222f662932a32d1b3212087d5af96f2dacfc4aba6b79cb4e805939,474,e9028371a1e548cdfe51d8af262c5a30f7a216cbbe9647738a777c2873a768c0,432,42,2019-03-01,false,false,false,""
MSP,1D,research_window,2020-10-21,5d54c8949a35418ea5d35ec88c0de3b5d353d0da91ecf6c1ff4fc1c907b70324,1116,446d7ad5308585d4db057b3f837c58a15b4eedc0ee5f88d0ddfefa0fd4ae2156,420,696,2020-10-21,false,false,false,""
MUDS,1D,research_window,2021-01-29,d44b3c5e01e75a46314f192e46425195df581c3c3442bf5c1e285840438980e1,967,4351f37fac95f6059048bd42c074de478df1a7bf616fdf8040a300cfa75a51ec,408,559,2021-01-29,false,false,false,""
MWG,1D,research_window,2023-04-03,e8006ce46ea47944fd95593013ebe3f8707c1421bb033cb1a0df717a644ae1a6,1006,d74fe14ebb1a521d60fe3a1d9f7d50540f016efc719d93ef9734c856f1d0cf7b,869,137,2023-04-03,true,false,false,""
NATL,1D,research_window,2023-10-17,2cd489dee117122005300da36b9b063edcd9368bd13ecd452af63e978f8c2cfc,951,19b6fc442897a9a1d0501ab92206a8baa1a4e63d097dbdfa77b2ccaf13283f6b,733,218,2023-10-17,true,false,false,""
NBIS,1D,research_window,2024-10-21,9fe6c42886e2cdaff97850ab33c29de4491b44fc135a257835a578600136992f,2028,7969636b0efbfedbca60f3a548c19bce3fe61c949608881d7c4c10a13725142d,479,1549,2024-10-21,false,false,false,""
NCI,1D,research_window,2024-04-23,64d8d0685c7561efffb887c6a7b74b662c46e5bff02a1a0172305a0e6fae681a,1554,f2abc4a2708b49f84dc029f32a6c0d964cd302d9ebfea9c9b34bb9c47b0fa694,604,950,2024-04-23,false,false,false,""
NCT,1D,research_window,2025-03-28,af3a0805dfb8b3a7a07636011c12dfb325f7274659191d0dd9c4ab820ff2dc01,621,510e14b8fc9e1089a4a96ffb9033d7671c8fba7621c1ee6fe0244a2cc6e88664,371,250,2025-03-28,false,false,false,""
NES,1D,research_window,2017-10-12,e4885853090a067ed484f575c368addda0d9fbd12d9d60a40a4d8ee91fede972,1110,58984420a4dde8a0887802870c5986c1dc1af046f3d29f3ffa36ab5968dd5555,1099,11,2017-10-12,true,false,false,""
NFX,1D,research_window,2026-07-07,2da54708ab2e3878f10cc445ea8f695094d6e8f5bb813d2c4cf366d8f87cb957,837,313529db12209d3798d304bf687bb4f23e3d2a34028c1225bf057f74828c3ee4,53,784,2026-07-07,false,false,false,""
NFX,1H,research_window,2026-07-07,87a66ac71a81e965dd4c525857f4c1d5a87ad64b32d17be90eb80eb8a9c3506b,5527,abd107d554b1a1f81ce20207eb6f3f612aa0c25e0d1d2ebb2088a01fb055dc21,57,5470,2026-07-07,"",false,false,""
NHIC,1D,research_window,2025-04-17,eaf657efd4d6a8c67137a178e90a707099c55fa43c72d4f58c5ed3d665e05e04,864,f1475475926ae2289da81627b77421f543841bf561f1d103bd9ec7d81232a320,347,517,2025-04-17,false,false,false,""
NINE,1D,research_window,2026-03-31,81946868247d3b1d160c7a350690fdaad98bd305d56ef6da5e5912b902d675f0,2138,9843c55b18bed3bbedd7ea16a4057a3ff9079eb96ff456b09b8619a7ce294a28,119,2019,2026-03-31,false,false,false,""
NIQ,1D,research_window,2025-07-23,262dee0ecbed1ca64b534a53a9a7a1340ab42443169b0a421244cd51e55af25a,2173,3188efd90883ee42f97ed186342c956dc9ec99a1ff41eca11ce1d4d3bc09a20f,292,1881,2025-07-23,false,false,false,""
NP,1D,research_window,2025-10-01,e0a2a74a161a0500ceba7644344263b119939ff1c4227ea651b9e745568af89b,1880,5d480a8ae77ead84b3d7f60f21d05cdf845517a07f695bf494c19dc2bd2d44ee,243,1637,2025-10-01,false,false,false,""
NPT,1D,research_window,2025-10-22,9cc8f63690f6e7fb8ebe821779ae01a27a6405eccccd2bba09a5a6dce64d0f00,295,693bf524b9282952db91c57c12be32ac1ae2340508d02fc1b1a0782daa1353bd,228,67,2025-10-22,false,false,false,""
NRGU,1D,research_window,2025-02-20,f3ae369bc3609765abb5eec138dd65cfb52c967e75538c4d7e67bd7e68410e76,1661,86bc1d02433ecf43acf73b006e050257170a498e8e07431705bc34cfaba11111,397,1264,2025-02-20,false,false,false,""
NRGZ,1D,research_window,2020-06-05,3dfba99759005caad70fdde241f6b5f6eb1667197120d25f74acb6e970aa9b4a,267,d0b6ac429b07bfcd59a63b599969ddff126d93f6fe2b26b604b9e53107c3f909,67,200,2020-06-05,false,false,false,""
NUTR,1D,research_window,2025-08-15,52ae0c56badec390f6439fed3c301b47bdf35879ec02cda64253d21f89877a31,451,b96ebde99483db897b4f9cca84758ac97d4ef0277577a2bbb5aa6e0ff63accff,38,413,2025-08-15,false,false,false,""
NVX,1D,research_window,2022-02-02,d65ba226ce6b25ccb37f029706a864b7fa7f4b057e301e00a076b48e806e19bd,1375,7ba6161193e231bfffee80387f73061fb6a169d35bc68ec16deac794056f7ba8,1161,214,2022-02-02,true,false,false,""
OBE,1D,research_window,2022-01-31,d5fccb929867d8225073608580d77f749892aa7ade133cf84063c10a24729f36,2232,a34f77dd8f0d8d1af068fe7b6557ab6ed92398b141a2e7db6c54a3e41e497b48,1163,1069,2022-01-31,true,false,false,""
OIL,1D,research_window,2020-07-29,a753ed5a4f6793d68251b7de60ca8ff7a348ef56bcd61637962d607c753cf542,1654,0d90469dee00cd2853d6ac4de63a1c3f14cddf98ae9461ea432f2063961d3f70,721,933,2018-11-16|2020-07-29,true,false,false,""
OILD,1D,research_window,2021-11-09,6011c42d46497ad5eed3dffd6c6f78f0bd24c93b8460a44c108f7c8edc75204c,2022,cab734a48c4499bdf5756bec2d72771b1cf7e82bd2b9968ed7320c8539600342,1219,803,2017-03-27|2021-11-09,true,false,false,""
OILU,1D,research_window,2021-11-09,b40d52abba5430da88127e5824a642378771109aa1294cd6f24ebd2ef4081284,2011,7f3eebd7f7e290c94b4070597e7d6f90d97ae8c7ed4dfb769b385fd8d86fc194,1219,792,2017-03-27|2021-11-09,true,false,false,""
OSIR,1D,research_window,2018-08-01,d8b46703c1b75c0d2ba23cc7aa08f453519d30452741f3424507eed9a40c2916,478,55bb93ec87c12a325120e87e79b447f877cfd75b291fcc528fc43ae5c7156552,178,300,2018-08-01,false,false,false,""
PAAC,1D,trim,2026-04-06,ee17deea9446112b6feb069d39ac51c51889a2ce7eeb93b113e036fc720b5905,706,eac31c2f5589cab5639ece7c4f5e874ba2be225a7e062f62fa1d125cb03642c0,106,600,"",false,false,false,""
PARA,1D,research_window,2021-02-12,58aa393e9b34ba7cf4c995a6cc8d3db0f9653771bf8f11b2d6406f09b0290508,2041,e8cb53de184a0c0d6608fad9bfb4c3778968e4541ef96394ed4e1de5e102238e,1406,635,2021-02-12,true,false,false,""
PARA,1H,research_window,2021-02-12,fc7cd1b3f3eb9008a483e90f1279c8275dfef6895b935bff009289a8bc56d81c,10208,7cc496a220858a97725f6784532399e687ba0f0b88e738b5ae8a5f7d05bd1258,6362,3846,2021-02-12,"",false,false,""
PAY,1D,research_window,2021-05-26,382c65c646014c9d4e175b56e220c9c14f588f2656f48de2cbb47bd14f5546cc,1997,b4b86c51e326e847f67047f203b0da82fe252bd1a7047437d5a28ffe52e9c4e5,1335,662,2021-05-26,true,false,false,""
PCL,1D,research_window,2025-08-01,efca2bab11097f272e6025c3de51206eb10907b2b69995467211b48781e0136e,318,6234b940a6576699577d101f5d4c16cb094445f3213a951a16b66b8519200cc5,285,33,2025-08-01,false,true,false,""
PCL,1H,research_window,2025-08-01,01777bcccac37fe597e9a87008ac8e3531272e616aaf82191973354612d93444,253,a4817825faf91d2d648efb6221875aae37bdb6f64c36cd7e79c3fc1381dc7c59,22,231,2025-08-01,"",true,false,""
PHH,1D,research_window,2024-12-27,ff6000cd5a611bc04e392dbc5320109cc7ae519fee8f31d9a5190d201a0298df,902,62910d33e539a40e4363c37b133ee019c46d7cf62af27c04c84997750c518367,208,694,2024-12-27,false,false,false,""
PKD,1D,research_window,2019-04-03,59f1614b12d558519c233f53555c0c82f6edbba65db928c80a2efa935996fbc3,957,b97942825e0057a72847a1c78659ce821dc7d956c2d8c4e280fdc87f48ea0f16,215,742,2019-04-03,false,false,false,""
PMTS,1D,research_window,2021-08-05,79f5ca25caf66b9d9a0ea13fe0f2c136800781d0df637e5648a4f428cb941d11,2303,644c29044af1576ef6515ef759dc350fa75a85684db09cea01c31c2d5130d525,1286,1017,2021-08-05,true,false,false,""
PN,1D,research_window,2025-03-04,95cdad44c8de8901bbd873f147372f8bb8185f0d343a37326fd7d6355e9c1a5d,867,1ddf7af723e030cd6e894e85d3b4626810e37bdfc3e91891cbeb409250803d75,389,478,2025-03-04,false,false,false,""
POM,1D,research_window,2025-10-08,1735fbce3197f4b34d1f2689b23ec85e62b9184cecbe79992954e747d0612e43,294,e397939d1adb2bf8e5c30be7cf07e8c7fcd7aaea5b8da88eb3c32cf80faf3a78,238,56,2025-10-08,false,false,false,""
POM,1H,research_window,2025-10-08,cec0ca69f3032f7dd048571be90aaf292f7562f42040865df6ecb05c4a9712a8,1965,30a64a3a9e6f0f33d5eff6ad3fb39de9fe19ff3d05751efc3ebbd9b78773d6a3,1573,392,2025-10-08,"",false,false,""
PONO,1D,trim,2026-05-05,7960c86bbc9d79c4bbeff77fef13bc6efbfb4557d7f48ea3c60bc7ea0a421b16,408,69340e8b9cf248a5400767ac5e3e826c5f7036e5516925b6a70128c765cdf610,77,331,"",false,false,false,""
PRME,1D,research_window,2022-10-20,6a3d5f3a24f0dcccc6e731d9934c1442d4523eedcd5966783518a9d68a606639,1846,c7936ca1ee29ca19642ff3c05baf68d5a070313c8755d61e9cf30fb144a25907,981,865,2022-10-20,true,false,false,""
PS,1D,trim,2026-04-29,dcb3b2de85c11c7a6ccbdef0333af087f57fb2898f39f1f99f31e7076443a52e,824,f3dabbc9953403eb01aeecfebb83ead6017dbc9df04f6be770cf7f1b58b3ecba,99,725,"",false,false,false,""
PSIX,1D,research_window,2024-12-26,cdcb16eac58026091b23312b2f3c4d81ace006e196ad6a4b1a039f6f28f0e834,758,bf62fca79626f1449bd1aa151d605ede55cbd1edd80b69a690c4d6333f19a2ef,433,325,2024-12-26,false,false,false,""
PX,1D,research_window,2021-10-21,334bd5a540dfe5c4c84dcb507d80bb0b0aaa9ffb4f6b329ac13ff803141060da,1793,9c38b220c2e310a0800de4141389b8e42a11360b4ef28883c1809da4eff7bca5,1080,713,2021-10-21,true,false,false,""
PX,1H,research_window,2021-10-21,6139bb8569a20ef1e97d3bb1ad1c4b3466f52592a1aed0038b92c220a1966b8f,12490,36e7f6908b24634797ac1c088b13ec0c302762dcf2a128c3c33bd77ed7b82400,7511,4979,2021-10-21,"",false,false,""
Q,1D,research_window,2025-11-03,4b334923c0d87182a516d660074a3a0c05e070981ba4b4976e6ddbeacd6abc47,692,baba8eace4828756b21b13e4bb7f3abd9ee6b743e673bb9e1a2d988fa1a79055,220,472,2025-11-03,false,false,false,""
Q,1H,research_window,2025-11-03,6800215e9d6ee34cb0f8a0386727968672d7d9a4d1ddec80eee95bfa26be221e,4832,ec3008425164acf8fe81f87e56436b5843b397197c92ce22a6791fdaa7e4f556,1534,3298,2025-11-03,"",false,false,""
RAIN,1D,trim,2025-01-02,a482e5cca9056f9cf0b56be84c750c1f8f1c81539470ad955bb731b286fd77b0,1123,a9e06752651056549e0587b66c94c13fbf513fbdf85a2b3ccb7d8a58869ea816,429,694,"",false,false,false,""
RDUS,1D,research_window,2023-09-01,8bce128dbb990f51a2610f9c02447a027ce70ac25f71f82808fae44377804083,2129,56a7fed9334360e014d42c8e78e716ba1a6f5dc4f2bb47497f183bab4984d237,464,1665,2023-09-01,false,false,false,""
REE,1D,research_window,2021-07-23,b605c120399468daa6df7d28375d36f3be87b58fea01ffdb00465498aefbce9c,1280,54569718d6dee449b6b37e741b595d3fdfbb8a820d67f7ef19820256df606bdf,1242,38,2021-07-23,true,false,false,""
RELY,1D,research_window,2021-09-23,85958e8b141682527f4e1b46b3044d3cc6776f3fcb205ce6932ce5d7519f456c,1732,4305c29d4bbb867ebb7f7a001c0a3e4261a4392bedab6c47a6013c7b1443ed23,1252,480,2021-09-23,true,false,false,""
RENT,1D,research_window,2021-10-27,f67b8fffd7491bed2f3f5aca53f209b889ef9c22252e572ced328bb674e03293,1247,16af41257db0fe44092b69ac5eb235d3c42c6a919434606c015ed47f6fa92ccf,1228,19,2021-10-27,true,false,false,""
RGC,1D,research_window,2021-07-16,02c0f05a4c6218e2b56ff10ba30e18ce15e210716123dc9f1ca07bb8bd8c6b22,1843,bf221fa4fe925e1c2e2d35c809c2334eb068dcacbf700a89e297c9fa34ce9024,1300,543,2021-07-16,true,false,false,""
RMSG,1D,research_window,2024-11-20,49fb4dfdc7ce90cbb500aded22ae47c7a820fd182ce1ebb8df6edafcc305a68c,1048,dd52e00f160ded20647f3e5ac317c56e98fed587eeb34f421daa856b421ede2d,457,591,2024-11-20,false,false,false,""
ROC,1D,research_window,2026-02-20,86b35ff2939ebd9b103ae3cfd372b3824714924a08bcd493a99457d6a446de70,516,2d070dabb45ee2322ba7080c24f96939e9d667b8c7dbe423adf0704305d638f5,146,370,2026-02-20,false,false,false,""
RPRX,1D,research_window,2020-06-16,e6092549eff07445112265cf1530fed09665a9630534d4028b84dbf8a72aa7ee,2097,b6ede8468e3bace3942ebec66a1fcc2ed482604cb73c778bf74c63f2fd86a4c4,1573,524,2020-06-16,true,false,false,""
RSLS,1D,research_window,2021-06-16,7c8e77fc671bccec93d6e6bb00926e28c6b0549144fd8c23d9084aee9f9d51de,1344,781a2f96707998efd1bd5745898e3eb82b8d3b9ea36ccf11e067be556c09ced4,1046,298,2021-06-16,true,false,false,""
RTL,1D,research_window,2022-02-15,c083e301b48e934a4a765463359b83ce45fe993172de299e85cf50ade0317c35,865,5588221d5cb597aca9f3971938ca5c95c714d8f5c5724eea279ec882c0d2a2d7,395,470,2022-02-15,false,false,false,""
S,1D,research_window,2021-06-30,3fa8533d70eda4bc1e8b8a374b3d44f9c9e95c9ed61ac705259c7f7395036c68,2379,ffdfa3ff9ef02ea1a419a005b13f627aaf2dd1fc6283ed5c69144a0e155e19fa,1311,1068,2021-06-30,true,false,false,""
SAIL,1D,research_window,2025-02-13,99a925feee40372c0a4f64bd641a2f875db51a515d6bcafede8358fd45e914c3,1593,d5f4424a179f2785258cb6d255aaef17345a70cbfed5a5fe0734d5be2e365cbe,401,1192,2025-02-13,false,false,false,""
SAMA,1D,research_window,2021-11-29,bf42b82beb2269f282c452dd1965d4c44e56932c3fe336d273b62a05a6252c76,884,76c52f9dcc2ccc61e98a15c2413571a9ee208271d8d3a73aaade5925f29b392a,446,438,2021-11-29,false,false,false,""
SCOR,1D,research_window,2018-06-01,01eb575b6e912b41e65b7e12a61b8c79e339b2e897bf03aad7dbdb207c54c8c1,2363,4735e1f78f78f440fddaab615be795f909c6170e5f3f35f7da6b7593ad0ed2c9,2086,277,2018-06-01,true,false,false,""
SD,1D,research_window,2016-10-04,633903c57e13d5421cd8768a2a4e20e33bb8fcd5eec20c65d43ca585979ff2ef,2506,21ab7eff0813ffe4776ea371e5f0942baf752455a8952f66fec0cee2c208e24e,2503,3,2016-10-04,true,false,false,""
SE,1D,research_window,2017-10-20,7aa18a260fe336e4aa856ae917b07e8add375c402217b23e8ba520367304cdbd,2528,8644a749d0e71b1ff69bb157c09e9511310cf3346be6e6f80571e544ed296fa9,2239,289,2017-10-20,true,false,false,""
SE,1H,research_window,2017-10-20,56ea215913650d9121d74c590710e0bb66e8c5d7b12ddacd26829cded59693e3,17615,6c7e8452dbe06aac594ed05be7ebad6ab4f24ffc40201b9540fba63e99467e73,15595,2020,2017-10-20,"",false,false,""
SERV,1D,research_window,2024-04-18,bb02453547e4fc0b5a6a385a4f270fc9f7a839cb8aedda0e501f572c860cf75a,1804,aac9a6291d17e75db6074efc83b6a51a817f32ab6cfb2319e6bf91284c74e86d,607,1197,2024-04-18,false,false,false,""
SES,1D,research_window,2022-02-04,fa1471fd4c023116349144367303442cd221d470b27e7f4ac4d098d76a3814de,2259,9f04f20b0e703d58473b361dfef7fa34faef178b7d0fc63ffedbd5b605658017,1159,1100,2022-02-04,true,false,false,""
SEV,1D,research_window,2025-10-16,4e178f73f2be1319829bcc074fc9294b24769d698a8c970152a7b591d795d967,1089,56318bf78eb42104d0ea192817e9c0563225a11afac03be6fd9566f5fa9ec0bf,232,857,2021-11-17|2025-10-16,false,false,false,""
SEZL,1D,research_window,2023-09-14,fd3510f6820f4a4884a80d421bebc1eb9e7a7df953025a44458470863aae4df5,757,082cfc20f676514b0cb95729423b98e3c0fcd9e34519103792132b3766cc8cb4,756,1,2023-09-14,true,false,false,""
SG,1D,research_window,2021-11-18,3c91a72ffe1eaa271c2190755a07fd770a4f658332ea26d284c4dd96f52b32a2,1744,f13f10b85b9eb1ec6319c52914a5c932d3fd58aac62e3302002650b06399ea54,1212,532,2021-11-18,true,false,false,""
SHNY,1D,research_window,2023-02-22,560de1cfa2918361a6588816c2a322f1089e6d45e09091de36d536936c536c18,1412,6e32cbbad02b914f8d7a9d5396314e6abf85155046f89e58831844c30a1ebf7d,897,515,2023-02-22,true,false,false,""
SI,1D,research_window,2025-07-31,86adab486c2d980fac49370670e61cf35b545897690be66c013f522184921c35,1168,b747469b8df09678c5da97cb1ad98a7a0560a6a0dcfeed5df8b25a9f2f672bf7,286,882,2025-07-31,false,false,false,""
SIC,1D,trim,2026-08-17,5636b644624be404c921052ecd2e9d358132b077bac6349fb749a6ff4fa8ba42,808,222bf24d122dfc9f9196c6f581fda1dd7a11a48e9a884acb8a5dd84eb4ceba95,7,801,"",false,false,false,""
SLNG,1D,research_window,2021-04-29,0554a7d147f671070edb0fcc8136eaf28f2f478aeda85da33b3cb369085be191,2298,b156f853acd0730cead3e6d8bd4956f5577d83476fc321a40f91ddd2849c4a04,1354,944,2021-04-29,true,false,false,""
SMCI,1D,research_window,2020-01-14,94ddd66deae0132c68b51c3c5520f243109f5f6986f3857bf62f5df6fe4937a4,2344,f7e26df28add758ab267c98586d6f81b2a2e6060f5ce911b7a44aca11b9cd4a9,1679,665,2020-01-14,true,false,false,""
SMCI,1H,research_window,2020-01-14,62ecf29029796e13fc5ba85d9e9c20fcc9d03a2932a40636137bd4c851b3eab8,16348,a9d6d1f54bc6c3fba367c7857ff2078f26e890444ee9cdacd4f5114542fa46da,11717,4631,2020-01-14,"",false,false,""
SMHD,1D,research_window,2026-08-04,b4eac96e2d937733c00fadc479c90583351b217196ab603381402e0ccb42fbb3,1094,d6a7fc465690e7cadf0ebbdfdb2844735070c4d0be7c275a040091a10c27ee64,33,1061,2026-08-04,false,false,false,""
SMRT,1D,research_window,2021-02-05,e0645c679253795a86ca95edca033a7443eb194ef3bc0425ddcee601a58eed20,2579,1dfa098a75594b90af11b93d0f456d359b03b097e2b524f4662dbf446efcbb5e,1411,1168,2021-02-05,true,false,false,""
SN,1D,research_window,2023-07-31,c55649918bbb3682c576aa842535675bd20739126961647e3a10687ec2c915c0,1575,db7890850395b80361b53ff5fd6fb7294cdd221e75a5adaad24a835ef76192c7,788,787,2023-07-31,true,false,false,""
SNOW,1D,research_window,2020-09-16,24c24caa4dee0840f88f631c9389b4191a3c0755d0be28cd3207f79c38ba5bb4,1906,ae50fe89586692a17c0d63075aefedfa6e5307d60068134fc2872956bf6c5947,1509,397,2020-09-16,true,false,false,""
SPLS,1D,research_window,2026-01-16,b4d4d4a647db1dbc218acb72109d3bd73940c507c9d43b781990c0163fbcac9b,596,eac1cfbcc245245e54d31fc2db1c9bf3df9b9371bb65d5ecdef7a663b39ae95d,169,427,2026-01-16,false,false,false,""
SPLS,1H,research_window,2026-01-16,c5a56bef5d695f353a1c86fa5c17880b7580650704f9f4f21d30953ac77ecc19,3511,faed2ebe1eb2d8aea043f90d070f11c290cd4d37242efd50401c59aea9a224d2,528,2983,2026-01-16,"",false,false,""
SPRB,1D,research_window,2025-09-15,5b5a76a2f0fa9fda7d8509a7757731f27713d83836b5aa010c6b011a0049fb0c,1397,87f6a7bfbaca7f36e5856babe4d9326a62288164e635428fd2d0751fc8c85531,255,1142,2025-09-15,false,false,false,""
STXS,1D,research_window,2019-09-06,e72e2a99f9854bf1c037b9aa1d8a2bf2bc0b8a57419f8c977323230995f7b709,1916,b220aa94cbf3a7271bc51fac935c137acfc900eec8f05db2b4554418bf3ad55a,1768,148,2019-09-06,true,false,false,""
SVAC,1D,trim,2025-09-30,749792de0cbc8a9ee0791e91ae1864cfe636fc347acccc6d4721a0da16ed7900,381,8b429f90eeb65509d42e9ef00e2159ded14a6f09bb856d4dd7e3462727a25205,195,186,"",false,false,false,""
SWIN,1D,research_window,2023-09-07,e1e384b10747fdcd08e68a397934ef8b69598fc24882d2315cab1db3b448ca30,974,dbfaf6e6e4e5cfb5d3c6a793fd0cf22131d54fc83175295f3bb025e41363925f,525,449,2023-09-07,false,false,false,""
TACO,1D,research_window,2025-06-05,f05de0e1408cc1c2b7b56782ed6868ab773e1a0e5829e8bfddb2e26a40c04630,1879,92834efd1b350af54b40577dd8f9e79311cae70be13173f0c3d68cf07d88f8ff,324,1555,2025-06-05,false,false,false,""
TBRG,1D,research_window,2024-03-04,ca24db9b476801b9c577a9d24b814842fb76c9040841e7e36098d2e64b82b548,836,a8743d2e1d9b23e82058896408ead2abb9369cb13966e315c2d03a9393a94a09,588,248,2024-03-04,false,false,false,""
TCRX,1D,research_window,2021-07-16,36095e5afdabaac53c9b4ea705f8adb0ffe7a2ee6a49733a0f90bb5adb22de3e,1995,06acc1c32dea33cfd458e2ddd737ebad8eaf09f73db6ab9649a8f1802e66326d,1300,695,2021-07-16,true,false,false,""
TDAC,1D,trim,2025-02-13,1b3ebf1fdbe64119405bd9f024300d3d402cffb91f66ba70cf4456432f5b6f30,1254,122a8af2adac9824dfddd2d3bcd4a5f4740486a44f5e8e9124a8242efcdd59e0,401,853,"",false,false,false,""
TDW,1D,research_window,2017-08-01,b7bd9bf29919aa063e2575171aaae1e9e8e644cecafd743d93c7f926409c9ed0,2548,56541419f9f2c936edffc5e697efb07575a483823f70a381c6718c81e9f7f91f,2296,252,2017-08-01,true,false,false,""
TGEN,1D,research_window,2025-05-06,37ca2811dddb52d0d83f59e79f944522e19c6e79f9a02a7c764ddb9250b8fd57,1468,b8839cac9f6d337172d76ac53cad8e78e2d6b46b7d63ffc37aa9da2e0d7994d7,345,1123,2025-05-06,false,false,false,""
TIG,1D,research_window,2020-07-16,862d3efa74422e615a707acff3ec469b4b39e479c8c1490589d90e07094664c7,1100,743f2c182c249666173a61c3ed793882f2676b817638cee547a91d5093f9f117,696,404,2020-07-16,true,false,false,""
TIL,1D,research_window,2021-03-19,b7dd6e9219d1ca6f06043c1fe7ca33d6661fe83235386c747005bef9efb9d26f,1966,6f7142f682d927488cf147e4ec6f9582a3b0df1d60fdeea077b460e9c003e423,1382,584,2021-03-19,true,false,false,""
TLN,1D,research_window,2024-07-10,16db1d31ed1e9771bc68522d143cb40355f9ea6c21b0621ce785e9da2df2f1f1,785,9c169c3373a026c19dda876771b349e136b90baa3ad814f5ab0bcffcdb71c377,551,234,2024-07-10,false,false,false,""
TMH,1D,research_window,2025-03-14,d5f36d4e7c93054fdda1d08d49a64551c989d707f567ea4293b1c4239708cd1c,656,a51d80d97c31cf9eaf38e8aacf1f13ab4391b13f9f9894b6c906453d218ddfd8,381,275,2025-03-14,false,false,false,""
TMTS,1D,trim,2026-04-02,38dac8193e7804c4c5c70e85b7f7d499e309ad654a6346a3057da0337d7e7383,355,cb8c65d8749478a7f381785bb4833717e828d2250421240a72105f259252c867,105,250,"",false,false,false,""
TNDM,1D,research_window,2017-10-10,fb2798e6255221aaf3fab5cf830c09afb917a0f56c403f8de78d2b63a485272e,2499,cfe89802e5168ddc03e286dbca3583ab2c81e965e96aaefec8b85a37f8fb4b32,2247,252,2017-10-10,true,false,false,""
TOP,1D,research_window,2023-05-30,d192ab781fb8d7071ac3fd85e5e00986232f2a215f73496f93365b62f30acf29,1069,2362c330299ad25ef7933b5e83f48c0af5d92acadb2b933bbfa3f4fb0666f14c,830,239,2023-05-30,true,false,false,""
TSLI,1D,trim,2025-09-10,cf33ea03b3930682d755ad859e89fa3d0a507c825c1743d7fea100dddcc784fc,474,2500ce13dbb3df104b17115128e99b15e4bce79b9effa2320d77e7bb09ba161b,258,216,"",false,false,false,""
TW,1D,research_window,2019-04-04,b6c2f45ba02937b043a33e853e927005775513ac1e1f22346ac4a024cd4437fc,1876,a7e0b1285746600f34ee92393f71b690e6d83bf9134a0a74e6a6d18af937126e,1875,1,2019-04-04,true,false,false,""
TWLV,1D,research_window,2026-01-09,44eebcb39055a7cac294be92d97d9e6f7646235314f9fb2c070eae3beef2ea65,1111,0e1b7742341ae7f58c971c7fbd27b4da96863645d8f244f991a03a8169fdf57b,174,937,2021-04-29|2026-01-09,false,false,false,""
TWLVU,1D,research_window,2025-12-12,7486c9a1bb8660414541a67bfb0f0adcf15d2a8362b89e75aebe56dfa5d1fb74,855,a0a6bf6cab4d69811a93918a0d099a7abcb29ba2cf2197be2019244442448a00,67,788,2021-02-26|2025-12-12,false,false,false,""
UN,1D,research_window,2026-07-07,e36ce3a1a192b3b610c72edf29e374fffffaff7f10172f721e44dfc4d8cb17c5,1289,2ef8e521a5a61c74b15156a1c361c7a8845a01377012e3043fb12c0635385b45,53,1236,2026-07-07,false,false,false,""
VAL,1D,research_window,2021-05-03,b7c19e07db64c5fba07d4363d10351e0205aea39a1c58a75ef9b168a8971fa9e,2515,d098b0bb356459e24448efc3dddb15b34d21faf964d851a2c62edbc1e28626d8,1352,1163,2021-05-03,true,false,false,""
VELO,1D,research_window,2025-08-19,1dd5ded37c55b7128854f6d3f2ca577ed59ed34a91968994676024634bef66a4,697,3ba6d1cf8a0ecfdcf7e0f4195c4e9d84c1f33f6410a71e905dd47bb48b0f9a2d,273,424,2025-08-19,false,false,false,""
VG,1D,trim,2025-01-24,4c368e03a61778e9e6cebbd4af0d1d32c3a65e77f5e47839d7adeebf5b6e8e25,2063,3e37170faf246b95253785ee0e728e0ab1d9ed70bae9d8838f3ec70a51187523,415,1648,"",false,false,false,""
VIA,1D,research_window,2025-09-12,6fdf27372108969885b88f9f7d62b78a7063a1a04d7b3759a418ecbaf1afd7c3,1960,4c6d7b9b009a1fc3fe104eb5c777b3c3392fb4b3d1cdbbc83aecd56e63c88467,256,1704,2021-08-10|2025-09-12,false,false,false,""
VRM,1D,research_window,2025-02-20,cc879e4ec8befbd58ae522547d78ab342d553212de535afa761c0719d02dd69d,1525,17b4a54dc15fdf22e77f8836011b2348e9942e202d102867d8db9646fb3f1566,397,1128,2025-02-20,false,false,false,""
WLTH,1D,research_window,2025-12-12,0a9b1faac773f887d160db65cff251b5923e0b98aa9cac23e74f50fcdf02228d,634,a8ecbc7a80a2d3bb68913670384eac0c5bd2cb962db20d2401b913c0916e9bbc,192,442,2025-12-12,false,false,false,""
WOOF,1D,research_window,2021-01-14,860c10f22b48d2591f0d47fd31fccf42a9ff578ef834b89f45413647658572ed,1852,7740b5441eac3c6af3a8f44bf457fb7c55ecfdb5664307627a4c4767296bcf3e,1426,426,2021-01-14,true,false,false,""
WTID,1D,research_window,2023-02-15,94a3d0795c9f7bdf4690b9e10eefda3f5ec755bfee58c7a01e051f773503e28a,1711,90c04c304d5ab6bfb4c385273767596f58000a856dc7bb5f287e29bb6251b0c5,901,810,2023-02-15,true,false,false,""
WTIU,1D,research_window,2023-02-15,c7e47f9b27c50ea8cd9b2dee8672a490bffe031f21435fc359f6ad2dd2fa0f8a,1721,d801a53a47d01bc719e334f11d9833549b6b10b612bfd511d1b420771989476d,901,820,2023-02-15,true,false,false,""
XE,1D,research_window,2026-04-24,34ce02cf98df494fe951f227a11c1a304d208a366eb43864c327b694ca910e5a,260,63dffcef97e6fdeba03b2e90ec60b6d64ad68c103622e1e0a1f1c89192192e94,102,158,2026-04-24,false,false,false,""
XL,1D,research_window,2020-12-22,e49c44603896c82bbc7d7e7807267edf7425b6540606e1b47687b2afa180af2a,1155,320ae75d015f23d70214a352b129f85252e8f6c77ddc0aaf876a5f77681d603a,477,678,2020-12-22,false,false,false,""
XL,1H,research_window,2020-12-22,f37b18c4e2051e4d02bb72df6860246848492842c9d75c46b0aa1db3535cc68b,8042,0cbc169d700168c524f8634ac231c98ffd26c53fbffc7483792fc4bc55486335,3308,4734,2020-12-22,"",false,false,""
XOG,1D,research_window,2021-01-21,b7ba96d78409987a6e43f2e26b9a403799074cc72f5ef22850ed1a4be021ee58,1129,aace89b8e09c66c31d346d26aaf236e269a0d4a7dcac166242e91fbd35941e23,198,931,2021-01-21,false,false,false,""
ZBIO,1D,research_window,2024-09-13,5788b1b4ca62bcdcbb544e18c352661499a88d0f96f4f621db1ec3295e5e895b,1571,a4c1f4b835c8dd23ee2daa5f47ffd94613dda9345c86bad056c67cd2010fe060,505,1066,2024-09-13,false,false,false,""
