symbol,resumes,source,gap_days,name_verdict,coverage,relation,action,reason,cusips_before,cusips_after,types_before,types_after,ceased_before,dropped_rekeyed,split_verdict,split_evidence
AIM,2025-06-17,T04k kept,,ambiguous,both,same_issuer,keep,"",00901B105,00901B303,name_changes,cash_dividends|name_changes|rights_distributions|stock_dividends,"",0,unsettled,"ingested 106.9547 vs all-adjusted 107.0000 over 2025-04-04..2025-06-17; both feeds break alike, and MS-US-1D is ticker-keyed like the ingested feed, so it cannot separate a re-use from a halt"
ASTI,2022-08-24,T04k kept+long gap 1D,2373,one_name,both,same_cusip,keep,"",043635507|043635606,043635606|043635705|043635804,reverse_splits,reverse_splits,"",0,unsettled,"ingested 0.0303 vs all-adjusted 0.0303 over 2016-02-24..2022-08-24; both feeds break alike, and MS-US-1D is ticker-keyed like the ingested feed, so it cannot separate a re-use from a halt"
BNKD,2025-02-20,T04k kept+long gap 1D,211,one_name,both,same_issuer,keep,"",063679625|063679781|06367V501,063679336|063679377,cash_mergers|reverse_splits,reverse_splits,cash_mergers,0,unsettled,"ingested 1.4697 vs all-adjusted 1.4697 over 2024-07-24..2025-02-20; both feeds break alike, and MS-US-1D is ticker-keyed like the ingested feed, so it cannot separate a re-use from a halt"
BURU,2026-09-14,T04k kept+long gap 1D,257,disagrees,both,same_issuer,keep,"",67021W103|67021W301|67021W400,67021W509,name_changes|reverse_splits,name_changes,"",1,unsettled,cross-check has no bar near 2026-09-14 on its own side
CHK,2021-02-10,T04k kept+long gap 1D,229,disagrees,both,same_issuer,keep,"",165167107|165167743,165167735,reverse_splits,cash_dividends|name_changes|stock_and_cash_mergers|stock_mergers,"",0,unsettled,"ingested 3.7966 vs all-adjusted 3.7968 over 2020-06-26..2021-02-10; both feeds break alike, and MS-US-1D is ticker-keyed like the ingested feed, so it cannot separate a re-use from a halt"
DBGI,2025-08-20,T04k kept+long gap 1D,246,one_name,both,same_cusip,keep,"",25401N101|25401N309|25401N408|25401N507,25401N507|25401N606,reverse_splits,reverse_splits,"",0,unsettled,"ingested 4.4794 vs all-adjusted 4.4793 over 2024-12-17..2025-08-20; both feeds break alike, and MS-US-1D is ticker-keyed like the ingested feed, so it cannot separate a re-use from a halt"
ELOX,2026-06-09,T04k kept+long gap 1D,970,one_name,both,same_issuer,keep,"",29014R103|29014R202,29014R301,reverse_splits,name_changes,"",1,unsettled,cross-check has no bar near 2023-10-13 on its own side
GDEV,2023-03-16,long gap 1D,384,,both,same_cusip,keep,"",G6529J209,G6529J100|G6529J209,name_changes,cash_dividends|reverse_splits,"",0,unsettled,the ingested series does not break at 2022-02-25..2023-03-16 (ratio 0.8997)
GORO,2026-07-20,T04k kept+long gap 1D,201,one_name,both,same_cusip,keep,"",38068T105,38068T105|38141A602,cash_dividends|spin_offs|stock_mergers,name_changes|stock_mergers,"",0,unsettled,cross-check has no bar near 2026-07-20 on its own side
NRGD,2025-02-20,T04k kept+long gap 1D,211,one_name,both,same_issuer,keep,"",063679633|063679724|06367V303|06368L106,063679328|063679393,cash_mergers|reverse_splits,reverse_splits,cash_mergers,0,unsettled,"ingested 0.1441 vs all-adjusted 0.1441 over 2024-07-24..2025-02-20; both feeds break alike, and MS-US-1D is ticker-keyed like the ingested feed, so it cannot separate a re-use from a halt"
NSR,2021-08-31,T04k kept+long gap 1D,1485,one_name,both,same_cusip,keep,"",65532M606,65532M606,cash_dividends,cash_dividends|stock_mergers,"",0,unsettled,"ingested 0.2104 vs all-adjusted 0.2108 over 2017-08-07..2021-08-31; both feeds break alike, and MS-US-1D is ticker-keyed like the ingested feed, so it cannot separate a re-use from a halt"
PAPL,2025-07-22,T04k kept+long gap 1D,203,ambiguous,both,same_issuer,keep,"",72303K207,72303K405,name_changes,name_changes,"",0,unsettled,cross-check has no bar near 2024-12-31 on its own side
PTN,2025-11-12,T04k kept+long gap 1D,316,ambiguous,both,same_issuer,keep,"",696077403|696077502,696077601,name_changes|reverse_splits,name_changes,"",0,unsettled,cross-check has no bar near 2024-12-31 on its own side
QH,2026-05-29,T04k kept,,one_name,both,same_issuer,keep,"",74841Q100|74841Q209|74841Q308,74841Q407|G73264114,name_changes|reverse_splits,stock_mergers,"",0,unsettled,"ingested 82.2340 vs all-adjusted 82.2340 over 2026-04-02..2026-05-29; both feeds break alike, and MS-US-1D is ticker-keyed like the ingested feed, so it cannot separate a re-use from a halt"
QTI,2026-01-28,T04k kept+long gap 1D,366,ambiguous,both,same_issuer,keep,"",746962109,746962307,name_changes,name_changes,"",0,unsettled,"ingested 15.1607 vs all-adjusted 15.1607 over 2025-01-27..2026-01-28; both feeds break alike, and MS-US-1D is ticker-keyed like the ingested feed, so it cannot separate a re-use from a halt"
REED,2025-12-05,T04k kept+long gap 1D,1024,ambiguous,both,same_issuer,keep,"",758338107|758338305,758338404,name_changes|reverse_splits,name_changes,"",0,unsettled,the ingested series does not break at 2023-02-15..2025-12-05 (ratio 0.9784)
WW,2025-07-07,T04k kept,,one_name,both,same_issuer,keep,"",98262P101,98262P200,name_changes,name_changes,"",0,unsettled,"ingested 160.2564 vs all-adjusted 160.2564 over 2025-05-15..2025-07-07; both feeds break alike, and MS-US-1D is ticker-keyed like the ingested feed, so it cannot separate a re-use from a halt"
