type,rows_without_cusip,candidates_before,candidates_after,candidates_ceased_before,part_of_decided,decided_only_with_it
cash_dividends,102766,24,53,0,23,14
cash_mergers,0,26,20,26,16,6
forward_splits,224,0,7,0,1,0
name_changes,0,58,61,0,45,26
redemptions,0,0,0,0,0,0
reverse_splits,1840,18,37,0,14,6
rights_distributions,0,0,2,0,1,0
spin_offs,0,1,8,0,4,0
stock_and_cash_mergers,0,3,6,3,3,0
stock_dividends,0,0,1,0,1,0
stock_mergers,0,16,27,15,18,6
unit_splits,0,16,37,0,20,14
worthless_removals,0,0,0,0,0,0
