symbol,timeframe,edge_type,direction,parent_id,method,candidate_id,unconfirmed,cells_run,family_total,rank,rank_sum,grid_median_target,profitable_cell_share,min_trades_good_cells,method_p_value,method_q_value,overlap_with_selected,gate_passed,failed_criteria,selected,selection_note,quality_status,reason
ARKK,1H,TF,long,347faa6606a97964b5d1e5cccf8a5d53b576e6e0fe400460a0e8df12217644d7,tf_base_candle,c1ec43077d75874755b9fc9ec5e3f6a2e4451afc682159a6f1a35fd0e35e9e46,True,4,100.0,1,1182.5,1.1313188762988702,1.0,796.0,0.000999000999000999,0.002140716426430712,0.0,True,,True,"selected (2 of the profile; fewer than 3 passed, D-625)",warning,
ARKK,1H,TF,long,347faa6606a97964b5d1e5cccf8a5d53b576e6e0fe400460a0e8df12217644d7,tf_adx_di,f99529da17e72f73de9f672be42f443e797b680256ccebddeb27f12f57202c1d,True,16,95.0,2,1057.5,0.8083910146391986,1.0,401.0,0.000999000999000999,0.002140716426430712,0.6921621195395048,False,overlap_with_selected,False,gate failed: overlap_with_selected,warning,
ARKK,1H,TF,long,347faa6606a97964b5d1e5cccf8a5d53b576e6e0fe400460a0e8df12217644d7,tf_hma_turn,615b59ce7c59776330f78b1a7494b3fc2f74f040723fb8cbfd26cfa9f78861f5,True,4,93.33333333333333,3,1055.0,1.226345960677366,1.0,746.0,0.000999000999000999,0.002140716426430712,0.8249027237354085,False,overlap_with_selected,False,gate failed: overlap_with_selected,warning,
ARKK,1H,TF,long,347faa6606a97964b5d1e5cccf8a5d53b576e6e0fe400460a0e8df12217644d7,tf_kama_cross,4022cd5b47c674e235189f8e1c83392888eb6521accac7948b8710623daf7eb7,True,4,96.66666666666666,4,1020.0,0.9196744387888174,1.0,1119.0,0.000999000999000999,0.002140716426430712,0.8554085603112841,False,overlap_with_selected,False,gate failed: overlap_with_selected,warning,
ARKK,1H,TF,long,347faa6606a97964b5d1e5cccf8a5d53b576e6e0fe400460a0e8df12217644d7,tf_keltner_breakout,33c0a2c69091a38e7662d617c711785b088471b5ce4e6f799c810aca33dd844c,True,16,88.92376669536765,5,895.0,0.772485585194992,1.0,238.0,0.000999000999000999,0.002140716426430712,0.7119066147859923,False,overlap_with_selected,False,gate failed: overlap_with_selected,warning,
ARKK,1H,TF,long,347faa6606a97964b5d1e5cccf8a5d53b576e6e0fe400460a0e8df12217644d7,tf_supertrend,e22951e8193a0c779af079c2f135c59fd9bbceab8b3869f4112aca9e0156ec25,True,16,90.10552102682598,6,895.0,0.8126027115554842,1.0,377.0,0.003996003996003996,0.00666000666000666,0.7761867704280155,False,overlap_with_selected,False,gate failed: overlap_with_selected,warning,
ARKK,1H,TF,long,347faa6606a97964b5d1e5cccf8a5d53b576e6e0fe400460a0e8df12217644d7,tf_psar_flip,0f681d3eff95b45fb617faebe2208d0718024653043cc61e3539de54ad5427dc,True,16,90.0,7,832.5,0.8864764808225065,1.0,546.0,0.006993006993006993,0.01048951048951049,0.7660700389105058,False,overlap_with_selected,False,gate failed: overlap_with_selected,warning,
ARKK,1H,TF,long,347faa6606a97964b5d1e5cccf8a5d53b576e6e0fe400460a0e8df12217644d7,tf_atr_band,9635e9965edea4c6111df9b6d327e7c52271a5f1c77f9985aa3ed047879c7434,True,64,87.7731102887517,8,795.0,0.737646537961052,0.75,318.0,0.000999000999000999,0.002140716426430712,0.8734630350194552,False,overlap_with_selected,False,gate failed: overlap_with_selected,warning,
ARKK,1H,TF,long,347faa6606a97964b5d1e5cccf8a5d53b576e6e0fe400460a0e8df12217644d7,tf_momentum_cross,49fc503f89dc977e1afb216f40562c054b63872fd973c989030060dc48e11492,True,4,89.86176981335542,9,735.0,0.7057750369182678,1.0,828.0,0.000999000999000999,0.002140716426430712,0.7864591439688716,False,overlap_with_selected,False,gate failed: overlap_with_selected,warning,
ARKK,1H,TF,long,347faa6606a97964b5d1e5cccf8a5d53b576e6e0fe400460a0e8df12217644d7,tf_bb_upper,d198e51713c1e61d08cd0591c90e3a650e70cabd4742678fc6d785c424f0fa3a,True,16,74.60088684071204,10,647.5,0.5638896959840426,0.8125,226.0,0.014985014985014986,0.018731268731268732,0.6508019525801952,False,overlap_with_selected,False,gate failed: overlap_with_selected,warning,
ARKK,1H,TF,long,347faa6606a97964b5d1e5cccf8a5d53b576e6e0fe400460a0e8df12217644d7,tf_aroon_cross,b3c2599012348add4eea5f93ea22d5c1494222a55dc273f8f769ecd82b4bd1b1,True,4,79.78320204860286,11,640.0,0.44874111836236846,1.0,585.0,0.04595404595404595,0.049236477807906374,0.7366536964980545,False,overlap_with_selected,False,gate failed: overlap_with_selected,warning,
ARKK,1H,TF,long,347faa6606a97964b5d1e5cccf8a5d53b576e6e0fe400460a0e8df12217644d7,tf_donchian_breakout,317572679841115cfff67cd73f2dee9d316f07fa39d89d94d914c16b640e08e2,True,4,69.44728793184623,12,595.0,0.33338450586046875,1.0,310.0,0.013986013986013986,0.018731268731268732,0.7053696498054475,False,overlap_with_selected,False,gate failed: overlap_with_selected,warning,
ARKK,1H,TF,long,347faa6606a97964b5d1e5cccf8a5d53b576e6e0fe400460a0e8df12217644d7,tf_ichimoku,698a13400a9e1c9114c83f36b53452388928495246fc330cc113e1751952cbba,True,64,74.4811886396966,13,595.0,0.44139115541351137,1.0,207.0,0.09090909090909091,0.09090909090909091,0.6127626459143969,False,overlap_with_selected,False,gate failed: overlap_with_selected,warning,
ARKK,1H,TF,long,347faa6606a97964b5d1e5cccf8a5d53b576e6e0fe400460a0e8df12217644d7,tf_sma_cross,9c10ec22fb575c87c515edcc74065698ff85885e0b927e79bd662ec43bbea7eb,True,16,72.76559183609768,14,592.5,0.4798997537501687,0.875,166.0,0.03296703296703297,0.03803888419273035,0.5812807881773399,True,,True,"selected (2 of the profile; fewer than 3 passed, D-625)",warning,
ARKK,1H,TF,long,347faa6606a97964b5d1e5cccf8a5d53b576e6e0fe400460a0e8df12217644d7,tf_ma_slope,4da55e33182e82b813d442c0503bb19784a4749ad8c534522626d745007e546b,True,4,71.30493743722039,15,462.5,0.4547824487454428,0.75,568.0,0.002997002997002997,0.005619380619380619,0.8230541871921182,False,overlap_with_selected,False,gate failed: overlap_with_selected,warning,
BAC,1H,TF,long,430e87286c72f44df29b52b8836442c6bd24d1f8f3ff952e017186fe2b53649f,tf_keltner_breakout,5d6d4bdabdf77113aa70b47af6141ef44aa08082e49ee89e03d52a6bcf7bf656,True,16,100.0,1,1290.0,0.8768038273458572,1.0,161.0,0.004995004995004995,0.037462537462537464,0.0,True,,True,"selected (1 of the profile; fewer than 3 passed, D-625)",ok,
BAC,1H,TF,long,430e87286c72f44df29b52b8836442c6bd24d1f8f3ff952e017186fe2b53649f,tf_ichimoku,f27c031a10e11cc6540d03f4a452b3d9c7cda09e65c2700261ee392fbb8815ce,True,64,98.33333333333333,2,1140.0,0.7535182814262738,1.0,217.0,0.03196803196803197,0.05119880119880119,0.880970205120527,False,overlap_with_selected,False,gate failed: overlap_with_selected,ok,
BAC,1H,TF,long,430e87286c72f44df29b52b8836442c6bd24d1f8f3ff952e017186fe2b53649f,tf_aroon_cross,8827abf51a1fe706a1ccd97cb4583e913ccc053fa964de370d2ccc24e3ee0434,True,4,96.66666666666666,3,1122.5,0.4253328054097165,0.75,136.0,0.022977022977022976,0.050574425574425576,0.8484395040615648,False,overlap_with_selected,False,gate failed: overlap_with_selected,ok,
BAC,1H,TF,long,430e87286c72f44df29b52b8836442c6bd24d1f8f3ff952e017186fe2b53649f,tf_supertrend,baf3daa864efb520cadb3dd6a683c7b983b250967b3d44555e2fc224eda5a36e,True,16,96.66666666666666,4,1102.5,0.5900654309104687,1.0,167.0,0.03896103896103896,0.05119880119880119,0.7811957722038176,False,overlap_with_selected,False,gate failed: overlap_with_selected,ok,
BAC,1H,TF,long,430e87286c72f44df29b52b8836442c6bd24d1f8f3ff952e017186fe2b53649f,tf_bb_upper,91d977de55aa6a6ab1dc4e66c930b00be482d89376f8d38872aaeef9e1672548,True,16,97.303881610453,5,1040.0,0.5605173755673272,0.9375,112.0,0.015984015984015984,0.050574425574425576,0.9189998502769876,False,overlap_with_selected,False,gate failed: overlap_with_selected,ok,
BAC,1H,TF,long,430e87286c72f44df29b52b8836442c6bd24d1f8f3ff952e017186fe2b53649f,tf_atr_band,1867913cb78597bf170a311812ca51c9f2f2f2d55fa3d64ec8d714461137a3c5,True,64,92.84223420583788,6,910.0,-0.37538356441901954,0.375,190.0,0.04095904095904096,0.05119880119880119,0.807156759994011,False,grid_median_target;profitable_cell_share;overlap_with_selected,False,"gate failed: grid_median_target, profitable_cell_share, overlap_with_selected",ok,
BAC,1H,TF,long,430e87286c72f44df29b52b8836442c6bd24d1f8f3ff952e017186fe2b53649f,tf_sma_cross,6eded77c1bdf4f3910226095870a8c83c91b743759279ed18f65a96a2a1365e5,True,16,91.11197169541313,7,877.5,0.5377360516685827,0.875,149.0,0.000999000999000999,0.014985014985014984,0.8384596754662146,False,overlap_with_selected,False,gate failed: overlap_with_selected,ok,
BAC,1H,TF,long,430e87286c72f44df29b52b8836442c6bd24d1f8f3ff952e017186fe2b53649f,tf_donchian_breakout,f2b7fcc218310ff58a9271a6b78c614ab3b1877b95d9653ec76ea0be2066b518,True,4,77.21183731234916,8,712.5,0.3268762258413911,1.0,217.0,0.03596403596403597,0.05119880119880119,0.8607575984428807,False,overlap_with_selected,False,gate failed: overlap_with_selected,ok,
BAC,1H,TF,long,430e87286c72f44df29b52b8836442c6bd24d1f8f3ff952e017186fe2b53649f,tf_momentum_cross,7e560c737e5492a1423e443aa511d832cf9ee61987f79e36c261c132fd92109d,True,4,90.79038958098944,9,712.5,0.09798179515622306,0.75,696.0,0.026973026973026972,0.050574425574425576,0.8382991465788292,False,overlap_with_selected,False,gate failed: overlap_with_selected,ok,
BAC,1H,TF,long,430e87286c72f44df29b52b8836442c6bd24d1f8f3ff952e017186fe2b53649f,tf_kama_cross,617224f2165ff53243dd05d9df91977e236b9e304025b6f08f27a7439224de66,True,4,77.36404535665297,10,622.5,-0.33602072003373085,0.25,622.0,0.02197802197802198,0.050574425574425576,0.8436891750262016,False,grid_median_target;profitable_cell_share;overlap_with_selected,False,"gate failed: grid_median_target, profitable_cell_share, overlap_with_selected",ok,
BAC,1H,TF,long,430e87286c72f44df29b52b8836442c6bd24d1f8f3ff952e017186fe2b53649f,tf_ma_slope,acbe716dcaf8b18d49a36bcb17ee6de65110d83b0e4de6b2182999a9f75a2bd1,True,4,85.38255999353851,11,612.5,0.03624316668432757,1.0,698.0,0.026973026973026972,0.050574425574425576,0.8382991465788292,False,overlap_with_selected,False,gate failed: overlap_with_selected,ok,
BAC,1H,TF,long,430e87286c72f44df29b52b8836442c6bd24d1f8f3ff952e017186fe2b53649f,tf_adx_di,3469ff3ba2e32da1364aa4112a36cf629c708413b6a0f47f381d95ead7021fe6,True,16,71.46146308316676,12,545.0,-0.19223195766773726,0.375,278.0,0.022977022977022976,0.050574425574425576,0.6694822462067886,False,grid_median_target;profitable_cell_share;overlap_with_selected,False,"gate failed: grid_median_target, profitable_cell_share, overlap_with_selected",ok,
BAC,1H,TF,long,430e87286c72f44df29b52b8836442c6bd24d1f8f3ff952e017186fe2b53649f,tf_base_candle,0fec8490efb745071bbb7e9eff6c818d999e709522189e072622df3b5bc7c127,True,4,74.42645235966694,13,512.5,-0.2836544832193465,0.0,640.0,0.11688311688311688,0.12523191094619665,0.6646204521634975,False,grid_median_target;profitable_cell_share;overlap_with_selected;method_q_value,False,"gate failed: grid_median_target, profitable_cell_share, overlap_with_selected, method_q_value",ok,
BAC,1H,TF,long,430e87286c72f44df29b52b8836442c6bd24d1f8f3ff952e017186fe2b53649f,tf_psar_flip,32bb6ee48b95411d170ee8a45d2ae74ee9f2358bfe3d85416af157684fd3eb40,True,16,64.36881508332553,14,412.5,-0.21484714291807389,0.25,379.0,0.3126873126873127,0.3126873126873127,0.746219493936218,False,grid_median_target;profitable_cell_share;overlap_with_selected;method_q_value,False,"gate failed: grid_median_target, profitable_cell_share, overlap_with_selected, method_q_value",ok,
BAC,1H,TF,long,430e87286c72f44df29b52b8836442c6bd24d1f8f3ff952e017186fe2b53649f,tf_hma_turn,9c09e7e81a5c491d5d9cc7965c2a17f36a5b3615844d239f1190e3c60b479def,True,4,65.91342160323673,15,387.5,-0.3789416654065922,0.25,392.0,0.0969030969030969,0.1118112656574195,0.7540050905824225,False,grid_median_target;profitable_cell_share;overlap_with_selected;method_q_value,False,"gate failed: grid_median_target, profitable_cell_share, overlap_with_selected, method_q_value",ok,
MRNA,1H,TF,long,054af7477284bfefe2abd6e82aeb5b5d7bac6dda7d73635bf00be26c4bf66c8f,tf_atr_band,ca7113049f31f051b1265f3ada573fbe0dd174483c3dc723f8120c528f6ac746,True,64,87.43662914897803,1,1200.0,-0.39807378122682413,0.359375,134.0,0.000999000999000999,0.014985014985014984,0.0,False,grid_median_target;profitable_cell_share,False,"gate failed: grid_median_target, profitable_cell_share",warning,
MRNA,1H,TF,long,054af7477284bfefe2abd6e82aeb5b5d7bac6dda7d73635bf00be26c4bf66c8f,tf_ichimoku,635c79ee534f5fe410b3801339ccb347f5e0a490520c2552b0612e3548e79e49,True,64,83.17901023212477,2,1130.0,0.5938328598108842,1.0,129.0,0.024975024975024976,0.06743256743256744,0.0,True,,True,"selected (1 of the profile; fewer than 3 passed, D-625)",warning,
MRNA,1H,TF,long,054af7477284bfefe2abd6e82aeb5b5d7bac6dda7d73635bf00be26c4bf66c8f,tf_ma_slope,b282d2d059747f3f9423ea98d04c94f385ff172f3ac8deaabcb66d92a0bbf69c,True,4,88.81672266538789,3,1107.5,0.200186081598678,0.75,178.0,0.07392607392607392,0.10080828262646445,0.7296280819055578,False,overlap_with_selected;method_q_value,False,"gate failed: overlap_with_selected, method_q_value",warning,
MRNA,1H,TF,long,054af7477284bfefe2abd6e82aeb5b5d7bac6dda7d73635bf00be26c4bf66c8f,tf_keltner_breakout,21e0c8fc4230f0117d87aa4ff289f61db520ab15638437428853121ea929b096,True,16,82.32334126682942,4,1060.0,0.5835622470232544,0.9375,114.0,0.00999000999000999,0.04495504495504495,0.8457529963522668,False,overlap_with_selected,False,gate failed: overlap_with_selected,warning,
MRNA,1H,TF,long,054af7477284bfefe2abd6e82aeb5b5d7bac6dda7d73635bf00be26c4bf66c8f,tf_supertrend,61f28be2176bfaa16b60c0e728d0e39be7fcda8835b89b95188eceae592d01fa,True,16,75.35015396491335,5,990.0,0.39383839392068715,0.9375,149.0,0.03496503496503497,0.07492507492507493,0.6849104859335038,False,overlap_with_selected,False,gate failed: overlap_with_selected,warning,
MRNA,1H,TF,long,054af7477284bfefe2abd6e82aeb5b5d7bac6dda7d73635bf00be26c4bf66c8f,tf_hma_turn,9f5cd76bd2f90299ce236ba0c5628af2b5000491edb67325adcf62d7249f5b1e,True,4,78.98064821463099,6,860.0,-0.1136370264603332,0.25,267.0,0.1038961038961039,0.11131725417439704,0.6553330228225431,False,grid_median_target;profitable_cell_share;overlap_with_selected;method_q_value,False,"gate failed: grid_median_target, profitable_cell_share, overlap_with_selected, method_q_value",warning,
MRNA,1H,TF,long,054af7477284bfefe2abd6e82aeb5b5d7bac6dda7d73635bf00be26c4bf66c8f,tf_bb_upper,808592673526e132cd78c80abb1f0374c6f7f0d9f6f56ed4778135845c0aad77,True,16,67.93868961739341,7,802.5,0.32810149718427145,0.6875,110.0,0.006993006993006993,0.04495504495504495,0.7853284048905317,False,overlap_with_selected,False,gate failed: overlap_with_selected,warning,
MRNA,1H,TF,long,054af7477284bfefe2abd6e82aeb5b5d7bac6dda7d73635bf00be26c4bf66c8f,tf_momentum_cross,2b23a6bef841af63c9a543d2d64758e891e59b0dd612768e3e594376b2eb4dcc,True,4,79.99734110656864,8,792.5,-0.05498254214097719,0.25,487.0,0.09290709290709291,0.10720049181587643,0.7417326502095948,False,grid_median_target;profitable_cell_share;overlap_with_selected;method_q_value,False,"gate failed: grid_median_target, profitable_cell_share, overlap_with_selected, method_q_value",warning,
MRNA,1H,TF,long,054af7477284bfefe2abd6e82aeb5b5d7bac6dda7d73635bf00be26c4bf66c8f,tf_adx_di,c00904d202fe9a316369a87b166603ec5ceb3be1d089f1cde0c910f171110941,True,16,78.08420427898255,9,787.5,-0.009263741210877936,0.5,179.0,0.06593406593406594,0.10080828262646445,0.6571960875640428,False,grid_median_target;profitable_cell_share;overlap_with_selected;method_q_value,False,"gate failed: grid_median_target, profitable_cell_share, overlap_with_selected, method_q_value",warning,
MRNA,1H,TF,long,054af7477284bfefe2abd6e82aeb5b5d7bac6dda7d73635bf00be26c4bf66c8f,tf_base_candle,e524dc56f5b21feb32c9a2938fb5cc41d9ab5b5e6fecf92c1c5b4331cdd004a4,True,4,78.15009606039499,10,680.0,-0.07092465242001972,0.25,497.0,0.1258741258741259,0.1258741258741259,0.5833721471821146,False,grid_median_target;profitable_cell_share;method_q_value,False,"gate failed: grid_median_target, profitable_cell_share, method_q_value",warning,
MRNA,1H,TF,long,054af7477284bfefe2abd6e82aeb5b5d7bac6dda7d73635bf00be26c4bf66c8f,tf_psar_flip,22d7dd567e8b99af0df90a08c3591aa951501bdf1443f65f12f8b3474670b340,True,16,74.34813026972284,11,640.0,-0.013882030266958608,0.4375,415.0,0.08191808191808192,0.10239760239760239,0.6190032603632977,False,grid_median_target;profitable_cell_share;overlap_with_selected;method_q_value,False,"gate failed: grid_median_target, profitable_cell_share, overlap_with_selected, method_q_value",warning,
MRNA,1H,TF,long,054af7477284bfefe2abd6e82aeb5b5d7bac6dda7d73635bf00be26c4bf66c8f,tf_kama_cross,ab930bc5235adb4a2f92b23ecb859b8d1e57b1723ab92fad756bf456ae13f60e,True,4,70.34569025006937,12,630.0,-0.25155505523408,0.25,457.0,0.07192807192807193,0.10080828262646445,0.7207731718677224,False,grid_median_target;profitable_cell_share;overlap_with_selected;method_q_value,False,"gate failed: grid_median_target, profitable_cell_share, overlap_with_selected, method_q_value",warning,
MRNA,1H,TF,long,054af7477284bfefe2abd6e82aeb5b5d7bac6dda7d73635bf00be26c4bf66c8f,tf_aroon_cross,65baed0df16617a4e8937cab84f9fe6ef1a80f7ecce506331bd8f25d965fccb5,True,4,66.18111097275825,13,590.0,0.12367275540510403,0.75,215.0,0.011988011988011988,0.04495504495504495,0.6974848625989754,False,overlap_with_selected,False,gate failed: overlap_with_selected,warning,
MRNA,1H,TF,long,054af7477284bfefe2abd6e82aeb5b5d7bac6dda7d73635bf00be26c4bf66c8f,tf_sma_cross,81e77c719b1f26126fa48006af415faaa12882dff318d837119cb5f1494734de,True,16,58.59114903736079,14,397.5,0.2764696532521705,0.625,146.0,0.026973026973026972,0.06743256743256744,0.6913277804997551,False,overlap_with_selected,False,gate failed: overlap_with_selected,warning,
MRNA,1H,TF,long,054af7477284bfefe2abd6e82aeb5b5d7bac6dda7d73635bf00be26c4bf66c8f,tf_donchian_breakout,0604b8d9bb080f0be7eedb95682d954267708075fde5ef93e5eb085d984695dc,True,4,32.5,15,332.5,,0.5,144.0,0.04695304695304695,0.08803696303696304,0.7565597667638484,False,grid_median_target;profitable_cell_share;overlap_with_selected,False,"gate failed: grid_median_target, profitable_cell_share, overlap_with_selected",warning,
TSLA,1H,TF,long,01a4d9a9a5f849e7cd781de383e0464664ecbf1694568d07b1c75e7df0765206,tf_hma_turn,792062577aa9a5dde528781d9c693b46ecb8c977a2f1326ce8397d83801d3cc3,True,4,96.66666666666666,1,1090.0,1.2608108076777773,1.0,643.0,0.000999000999000999,0.0024975024975024975,0.0,True,,True,"selected (2 of the profile; fewer than 3 passed, D-625)",warning,
TSLA,1H,TF,long,01a4d9a9a5f849e7cd781de383e0464664ecbf1694568d07b1c75e7df0765206,tf_donchian_breakout,a422f191235cd658f44dc5e906522954f5f519b0e9747ca70b74385e3c647f75,True,4,96.25,2,1067.5,1.309895022416967,1.0,103.0,0.004995004995004995,0.006811370447734084,0.6684088269454123,False,overlap_with_selected,False,gate failed: overlap_with_selected,warning,
TSLA,1H,TF,long,01a4d9a9a5f849e7cd781de383e0464664ecbf1694568d07b1c75e7df0765206,tf_base_candle,bc959e3ce160c1b2d27b85837da1605474c1ecb02fd62455c1d532be4a0a82c1,True,4,93.33333333333333,3,1057.5,1.5811694562771965,1.0,779.0,0.001998001998001998,0.004281432852861424,0.7633120340788072,False,overlap_with_selected,False,gate failed: overlap_with_selected,warning,
TSLA,1H,TF,long,01a4d9a9a5f849e7cd781de383e0464664ecbf1694568d07b1c75e7df0765206,tf_psar_flip,14f0556e242a2ed2b5d0b7d9ff9e1fcdadcec825a064c930d5448444ab2cd028,True,16,93.33333333333333,4,1057.5,1.5055464235304559,1.0,591.0,0.000999000999000999,0.0024975024975024975,0.8880191057449913,False,overlap_with_selected,False,gate failed: overlap_with_selected,warning,
TSLA,1H,TF,long,01a4d9a9a5f849e7cd781de383e0464664ecbf1694568d07b1c75e7df0765206,tf_ichimoku,a4e5f733d9c72ce61fe668a75597aee0fd6b1d2c3e5e89caaa543161e59edd89,True,64,93.33333333333333,5,977.5,1.358577254995895,1.0,216.0,0.003996003996003996,0.005994005994005994,0.5994860002705261,True,,True,"selected (2 of the profile; fewer than 3 passed, D-625)",warning,
TSLA,1H,TF,long,01a4d9a9a5f849e7cd781de383e0464664ecbf1694568d07b1c75e7df0765206,tf_bb_upper,e64eb7e4607c545a5ab102223f63f63cf06b25c616f0ef57be723c299df9e554,True,16,93.33333333333333,6,917.5,1.2399920822612067,1.0,145.0,0.003996003996003996,0.005994005994005994,0.9351570415400202,False,overlap_with_selected,False,gate failed: overlap_with_selected,warning,
TSLA,1H,TF,long,01a4d9a9a5f849e7cd781de383e0464664ecbf1694568d07b1c75e7df0765206,tf_atr_band,ff7c47b43f809d423d2f297e37a92c7daf8795dfd111a9c8014417eccd778878,True,64,85.11019891571016,7,857.5,1.1839932577682668,0.9375,286.0,0.000999000999000999,0.0024975024975024975,0.916542675503855,False,overlap_with_selected,False,gate failed: overlap_with_selected,warning,
TSLA,1H,TF,long,01a4d9a9a5f849e7cd781de383e0464664ecbf1694568d07b1c75e7df0765206,tf_kama_cross,efaf27df83e4bd6c863fa68ea30ae4eea4fffadf10fe0cc3ca6db28a082fbcc3,True,4,93.33333333333333,8,837.5,1.3478480838919968,1.0,1254.0,0.000999000999000999,0.0024975024975024975,0.799256998805891,False,overlap_with_selected,False,gate failed: overlap_with_selected,warning,
TSLA,1H,TF,long,01a4d9a9a5f849e7cd781de383e0464664ecbf1694568d07b1c75e7df0765206,tf_keltner_breakout,c40f7ae9dff057328bbc01221534abead0630c7fc0883143dfe4b3e0cd69c4ff,True,16,93.33333333333333,9,797.5,1.221809819365292,1.0,119.0,0.03896103896103896,0.04495504495504495,0.8159219155101418,False,overlap_with_selected,False,gate failed: overlap_with_selected,warning,
TSLA,1H,TF,long,01a4d9a9a5f849e7cd781de383e0464664ecbf1694568d07b1c75e7df0765206,tf_adx_di,06830916751f5d5ae9536f5a8edf8525ccaf86060c2c4fe302b263301a8a450b,True,16,95.0,10,712.5,1.0307143815287285,1.0,522.0,0.000999000999000999,0.0024975024975024975,0.7844781682641108,False,overlap_with_selected,False,gate failed: overlap_with_selected,warning,
TSLA,1H,TF,long,01a4d9a9a5f849e7cd781de383e0464664ecbf1694568d07b1c75e7df0765206,tf_momentum_cross,f37d888e4d8fd6de30b18a567451d5fc651f9da03f162bb017c4c0cb3a988b54,True,4,96.66666666666666,11,670.0,0.9551784991629337,1.0,945.0,0.000999000999000999,0.0024975024975024975,0.8941223298394587,False,overlap_with_selected,False,gate failed: overlap_with_selected,warning,
TSLA,1H,TF,long,01a4d9a9a5f849e7cd781de383e0464664ecbf1694568d07b1c75e7df0765206,tf_supertrend,783607c5246ab146adfc61ba9f25d03ef995e3d52987bd2af136a32b004d4f3c,True,16,90.0,12,615.0,1.229348541547528,1.0,249.0,0.07392607392607392,0.07920650777793635,0.7827210884353741,False,overlap_with_selected,False,gate failed: overlap_with_selected,warning,
TSLA,1H,TF,long,01a4d9a9a5f849e7cd781de383e0464664ecbf1694568d07b1c75e7df0765206,tf_aroon_cross,398ce16ce24bd0ed0262db656bff0b6030f833bcf30a7ba85f0515cc0242e32d,True,4,90.0,13,515.0,0.8589668444745934,1.0,477.0,0.003996003996003996,0.005994005994005994,0.7869291549484398,False,overlap_with_selected,False,gate failed: overlap_with_selected,warning,
TSLA,1H,TF,long,01a4d9a9a5f849e7cd781de383e0464664ecbf1694568d07b1c75e7df0765206,tf_ma_slope,0e1b629963940fb1dcac151003af165d69d833c791a274327c98a58a03c8c8d7,True,4,86.59826542783914,14,417.5,0.6834971241914611,1.0,631.0,0.02197802197802198,0.027472527472527476,0.7172023727410677,False,overlap_with_selected,False,gate failed: overlap_with_selected,warning,
TSLA,1H,TF,long,01a4d9a9a5f849e7cd781de383e0464664ecbf1694568d07b1c75e7df0765206,tf_sma_cross,f5531b6cdd86ca901e9c4c0ed95f5721c42c09dd86d3e3d2556cbe5da7c004cb,True,16,88.87013541261258,15,410.0,0.8740218664313133,0.875,129.0,0.08391608391608392,0.08391608391608392,0.8005516290294776,False,overlap_with_selected,False,gate failed: overlap_with_selected,warning,
