data,timeframe,symbol,direction,method,grid,cells,cells_min_trades,min_trades,median_trades,max_trades,profitable_share_zero,profitable_share_cost,median_target_cost,flag
control,1D,AAPL,long,mr_candle_score,proposed,32,25,5,66.0,253,0.562,0.5,-0.0028110829169488566,
control,1D,AAPL,long,mr_candle_score,task,32,16,2,32.5,214,0.375,0.344,-inf,
control,1D,AAPL,long,mr_connors_rsi,proposed,16,16,40,161.0,279,1.0,1.0,0.7760816759586184,all_cells_profitable
control,1D,AAPL,long,mr_connors_rsi,task,16,10,2,44.0,179,0.562,0.562,0.05210414752074064,
control,1D,AAPL,long,mr_daily_drop,task,8,8,69,155.0,353,1.0,1.0,0.36377419275115636,all_cells_profitable
control,1D,AAPL,long,mr_down_closes,task,4,4,41,157.5,424,0.75,0.75,0.2551986638051016,
control,1D,AAPL,long,mr_ema_slope_drop,proposed,16,16,32,136.0,287,0.812,0.812,0.8836569632363247,
control,1D,AAPL,long,mr_ema_slope_drop,task,16,13,0,100.5,287,0.688,0.688,0.5615654408524804,
control,1D,AAPL,long,mr_ibs,proposed,12,9,4,81.0,416,0.75,0.75,0.12921777953164493,
control,1D,AAPL,long,mr_ibs,task,12,8,2,81.0,416,0.667,0.667,0.11492946350840229,
control,1D,AAPL,long,mr_ibs_after_new_high,proposed,16,16,63,124.5,223,1.0,0.812,0.09611891675054413,
control,1D,AAPL,long,mr_ibs_after_new_high,task,16,15,29,78.0,160,0.938,0.812,0.1353403512806052,
control,1D,AAPL,long,mr_keltner_lower,proposed,16,15,11,87.0,207,0.938,0.938,0.20293639722312146,
control,1D,AAPL,long,mr_keltner_lower,task,16,12,1,56.5,149,0.75,0.75,0.12041417671341643,
control,1D,AAPL,long,mr_lower_lows,proposed,4,4,36,155.0,432,1.0,1.0,0.28682492926747216,all_cells_profitable
control,1D,AAPL,long,mr_lower_lows,task,4,3,13,62.5,221,0.75,0.75,0.20584573002236595,
control,1D,AAPL,long,mr_ma_distance,task,32,30,8,171.0,273,0.875,0.875,0.6938503027394383,
control,1D,AAPL,long,mr_macd_hist_falling,task,4,4,51,87.0,126,1.0,1.0,0.5566706433710193,all_cells_profitable
control,1D,AAPL,long,mr_macd_hist_trough,task,4,4,191,250.5,332,1.0,1.0,0.6865227290655784,all_cells_profitable
control,1D,AAPL,long,mr_macd_hist_turn,task,4,4,85,150.0,248,0.75,0.25,-0.026082450489050578,
control,1D,AAPL,long,mr_n_day_low,proposed,8,8,37,112.5,263,1.0,1.0,0.8013061009290958,all_cells_profitable
control,1D,AAPL,long,mr_n_day_low,task,8,8,62,134.0,263,1.0,1.0,0.8850494057301194,all_cells_profitable
control,1D,AAPL,long,mr_rsi,proposed,16,13,5,127.5,275,0.812,0.75,0.7031311291895421,
control,1D,AAPL,long,mr_rsi,task,16,12,0,106.5,275,0.75,0.688,0.5755962708022452,
control,1D,AAPL,long,mr_rsi_sum,proposed,32,28,14,87.5,209,0.625,0.438,-0.053208020846761225,
control,1D,AAPL,long,mr_rsi_sum,task,32,15,0,26.5,133,0.281,0.188,-inf,
control,1D,AAPL,long,mr_stochastic_k,proposed,16,15,18,82.5,189,0.938,0.875,0.3324822202869498,
control,1D,AAPL,long,mr_stochastic_k,task,16,11,3,60.0,189,0.688,0.688,0.17982977608490341,
control,1D,AAPL,long,mr_williams_confirm,task,32,32,31,98.5,217,0.906,0.781,0.20562633602287517,
control,1D,AAPL,long,mr_zscore,proposed,16,16,37,111.0,189,1.0,1.0,0.44531545712298015,all_cells_profitable
control,1D,AAPL,long,mr_zscore,task,16,8,0,27.5,107,0.5,0.5,-inf,
control,1D,ADI,short,mr_candle_score,proposed,32,30,18,130.5,318,0.031,0.031,-0.3484709103277134,
control,1D,ADI,short,mr_candle_score,task,32,24,4,68.5,281,0.062,0.031,-0.3484709103277134,
control,1D,ADI,short,mr_connors_rsi,proposed,16,5,0,13.5,87,0.0,0.0,-inf,no_cell_profitable
control,1D,ADI,short,mr_connors_rsi,task,16,0,0,0.0,13,0.0,0.0,-inf,all_below_min_trades
control,1D,ADI,short,mr_daily_drop,task,8,8,66,171.5,364,0.0,0.0,-0.429938320396279,no_cell_profitable
control,1D,ADI,short,mr_down_closes,task,4,4,80,193.5,409,0.0,0.0,-0.4465973856357772,no_cell_profitable
control,1D,ADI,short,mr_ema_slope_drop,proposed,16,16,53,172.5,311,0.062,0.0,-0.4228838379498016,no_cell_profitable
control,1D,ADI,short,mr_ema_slope_drop,task,16,13,4,131.0,311,0.0,0.0,-0.4616392995039642,no_cell_profitable
control,1D,ADI,short,mr_ibs,proposed,12,10,16,139.5,425,0.167,0.167,-0.43617336896890746,
control,1D,ADI,short,mr_ibs,task,12,9,9,139.5,425,0.167,0.167,-0.5565894931214375,
control,1D,ADI,short,mr_ibs_after_new_high,proposed,16,16,52,117.5,215,0.125,0.062,-0.3917158327961029,
control,1D,ADI,short,mr_ibs_after_new_high,task,16,14,22,64.0,156,0.312,0.25,-0.3328048668745237,
control,1D,ADI,short,mr_keltner_lower,proposed,16,15,14,157.5,282,0.0,0.0,-0.4574282005177768,no_cell_profitable
control,1D,ADI,short,mr_keltner_lower,task,16,14,3,104.5,226,0.0,0.0,-0.49680454546489317,no_cell_profitable
control,1D,ADI,short,mr_lower_lows,proposed,4,4,57,177.5,435,0.0,0.0,-0.39530844203909654,no_cell_profitable
control,1D,ADI,short,mr_lower_lows,task,4,3,29,88.0,236,0.0,0.0,-0.39530844203909654,no_cell_profitable
control,1D,ADI,short,mr_ma_distance,task,32,31,5,234.0,324,0.0,0.0,-0.4761778617696014,no_cell_profitable
control,1D,ADI,short,mr_macd_hist_falling,task,4,4,79,109.0,143,0.0,0.0,-0.4516175961998285,no_cell_profitable
control,1D,ADI,short,mr_macd_hist_trough,task,4,4,195,241.0,305,0.0,0.0,-0.6840025951526473,no_cell_profitable
control,1D,ADI,short,mr_macd_hist_turn,task,4,4,77,132.0,209,0.5,0.0,-0.21671881845497698,no_cell_profitable
control,1D,ADI,short,mr_n_day_low,proposed,8,8,62,144.5,276,0.125,0.0,-0.28472697546668907,no_cell_profitable
control,1D,ADI,short,mr_n_day_low,task,8,8,93,173.0,276,0.125,0.0,-0.21568517332261838,no_cell_profitable
control,1D,ADI,short,mr_rsi,proposed,16,15,29,170.0,295,0.062,0.062,-0.47768065208631155,
control,1D,ADI,short,mr_rsi,task,16,13,0,140.0,295,0.0,0.0,-0.5090511504754297,no_cell_profitable
control,1D,ADI,short,mr_rsi_sum,proposed,32,32,39,129.5,231,0.062,0.062,-0.503114929953338,
control,1D,ADI,short,mr_rsi_sum,task,32,22,1,58.5,167,0.094,0.062,-0.4861020131434377,
control,1D,ADI,short,mr_stochastic_k,proposed,16,16,35,111.0,226,0.062,0.062,-0.343762103376417,
control,1D,ADI,short,mr_stochastic_k,task,16,12,5,89.5,226,0.062,0.062,-0.5446869518513275,
control,1D,ADI,short,mr_williams_confirm,task,32,32,54,125.5,241,0.094,0.0,-0.43828474666649775,no_cell_profitable
control,1D,ADI,short,mr_zscore,proposed,16,16,68,148.0,225,0.062,0.0,-0.5189885629228272,no_cell_profitable
control,1D,ADI,short,mr_zscore,task,16,10,0,51.0,139,0.062,0.0,-0.6045442139531916,no_cell_profitable
control,1D,EEM,short,mr_candle_score,proposed,32,31,24,146.0,353,0.594,0.281,-0.10631527603874438,
control,1D,EEM,short,mr_candle_score,task,32,24,2,75.5,299,0.469,0.312,-0.13432797208240432,
control,1D,EEM,short,mr_connors_rsi,proposed,16,6,1,15.0,80,0.375,0.188,-inf,
control,1D,EEM,short,mr_connors_rsi,task,16,0,0,0.5,17,0.0,0.0,-inf,all_below_min_trades
control,1D,EEM,short,mr_daily_drop,task,8,6,26,130.5,358,0.25,0.125,-0.3385864131804439,
control,1D,EEM,short,mr_down_closes,task,4,4,78,184.5,454,0.0,0.0,-0.3781513372358767,no_cell_profitable
control,1D,EEM,short,mr_ema_slope_drop,proposed,16,14,11,104.5,312,0.188,0.062,-0.39579191089855315,
control,1D,EEM,short,mr_ema_slope_drop,task,16,11,0,71.5,312,0.125,0.062,-0.43932490788101175,
control,1D,EEM,short,mr_ibs,proposed,12,11,19,154.0,487,0.25,0.167,-0.2620374603295321,
control,1D,EEM,short,mr_ibs,task,12,11,11,154.0,487,0.25,0.167,-0.207675750986179,
control,1D,EEM,short,mr_ibs_after_new_high,proposed,16,16,58,133.5,258,0.0,0.0,-0.45994798131076586,no_cell_profitable
control,1D,EEM,short,mr_ibs_after_new_high,task,16,15,26,73.5,177,0.125,0.062,-0.4022196561341894,
control,1D,EEM,short,mr_keltner_lower,proposed,16,16,32,193.5,318,0.125,0.062,-0.3945752380102752,
control,1D,EEM,short,mr_keltner_lower,task,16,15,9,138.5,258,0.125,0.062,-0.3752070580814679,
control,1D,EEM,short,mr_lower_lows,proposed,4,4,67,183.5,469,0.25,0.25,-0.3285982578106632,
control,1D,EEM,short,mr_lower_lows,task,4,3,27,93.0,248,0.25,0.25,-0.347335757898329,
control,1D,EEM,short,mr_ma_distance,task,32,30,8,228.5,343,0.062,0.0,-0.4076952223340284,no_cell_profitable
control,1D,EEM,short,mr_macd_hist_falling,task,4,4,81,117.0,152,0.5,0.0,-0.23663957236879096,no_cell_profitable
control,1D,EEM,short,mr_macd_hist_trough,task,4,4,187,246.0,335,0.25,0.25,-0.2663038521577682,
control,1D,EEM,short,mr_macd_hist_turn,task,4,4,68,131.0,246,0.0,0.0,-0.5043948178655902,no_cell_profitable
control,1D,EEM,short,mr_n_day_low,proposed,8,8,74,170.0,288,0.375,0.0,-0.2970677059360385,no_cell_profitable
control,1D,EEM,short,mr_n_day_low,task,8,8,118,189.0,288,0.375,0.0,-0.2970677059360385,no_cell_profitable
control,1D,EEM,short,mr_rsi,proposed,16,15,19,164.5,322,0.188,0.0,-0.39362764435094666,no_cell_profitable
control,1D,EEM,short,mr_rsi,task,16,13,0,139.5,322,0.125,0.0,-0.47432249038190744,no_cell_profitable
control,1D,EEM,short,mr_rsi_sum,proposed,32,32,30,123.0,229,0.344,0.094,-0.2117432550152803,
control,1D,EEM,short,mr_rsi_sum,task,32,22,3,50.5,160,0.094,0.031,-0.35567010170425906,
control,1D,EEM,short,mr_stochastic_k,proposed,16,16,52,133.5,263,0.438,0.188,-0.20754701634859868,
control,1D,EEM,short,mr_stochastic_k,task,16,13,16,110.5,263,0.375,0.125,-0.20754701634859868,
control,1D,EEM,short,mr_williams_confirm,task,32,32,59,161.5,292,0.344,0.125,-0.25119011218026654,
control,1D,EEM,short,mr_zscore,proposed,16,16,60,155.0,228,0.0,0.0,-0.442518629472089,no_cell_profitable
control,1D,EEM,short,mr_zscore,task,16,8,0,43.0,142,0.0,0.0,-inf,no_cell_profitable
control,1D,ETN,long,mr_candle_score,proposed,32,25,3,69.0,270,0.5,0.406,-0.13905610344547165,
control,1D,ETN,long,mr_candle_score,task,32,16,0,31.5,221,0.312,0.219,-inf,
control,1D,ETN,long,mr_connors_rsi,proposed,16,16,36,156.0,278,1.0,0.938,0.145116948046405,
control,1D,ETN,long,mr_connors_rsi,task,16,9,3,41.5,170,0.562,0.438,-0.1140332017284717,
control,1D,ETN,long,mr_daily_drop,task,8,8,54,139.5,336,1.0,1.0,0.3110465031482973,all_cells_profitable
control,1D,ETN,long,mr_down_closes,task,4,4,55,157.0,405,1.0,0.5,0.002408069548587459,
control,1D,ETN,long,mr_ema_slope_drop,proposed,16,15,27,115.5,283,0.938,0.688,0.1246887091582338,
control,1D,ETN,long,mr_ema_slope_drop,task,16,11,1,84.5,283,0.688,0.625,0.16739457806747987,
control,1D,ETN,long,mr_ibs,proposed,12,10,5,90.5,399,0.75,0.75,0.29163817392058766,
control,1D,ETN,long,mr_ibs,task,12,9,3,90.5,399,0.667,0.667,0.29163817392058766,
control,1D,ETN,long,mr_ibs_after_new_high,proposed,16,16,70,131.0,221,0.812,0.688,0.1102268576394373,
control,1D,ETN,long,mr_ibs_after_new_high,task,16,16,34,85.0,162,0.5,0.375,-0.2062529605974201,
control,1D,ETN,long,mr_keltner_lower,proposed,16,15,17,101.5,208,0.875,0.5,0.02011860808029732,
control,1D,ETN,long,mr_keltner_lower,task,16,13,5,68.5,152,0.75,0.5,0.023825329191256142,
control,1D,ETN,long,mr_lower_lows,proposed,4,4,38,154.5,436,1.0,0.75,0.08463084320551242,
control,1D,ETN,long,mr_lower_lows,task,4,3,14,65.0,217,0.75,0.5,-0.026317812708883476,
control,1D,ETN,long,mr_ma_distance,task,32,30,10,166.5,254,0.906,0.688,0.15072417310779362,
control,1D,ETN,long,mr_macd_hist_falling,task,4,4,68,101.0,127,0.75,0.5,0.05249674037732402,
control,1D,ETN,long,mr_macd_hist_trough,task,4,4,187,237.0,309,1.0,0.25,-0.15329458010531904,
control,1D,ETN,long,mr_macd_hist_turn,task,4,4,76,142.0,234,1.0,0.5,0.04778807131574672,
control,1D,ETN,long,mr_n_day_low,proposed,8,8,37,114.0,259,1.0,1.0,0.15483090973514113,all_cells_profitable
control,1D,ETN,long,mr_n_day_low,task,8,8,59,138.5,259,1.0,1.0,0.16760045112087918,all_cells_profitable
control,1D,ETN,long,mr_rsi,proposed,16,15,15,117.5,276,0.938,0.812,0.05021358852411223,
control,1D,ETN,long,mr_rsi,task,16,13,0,115.0,276,0.812,0.688,0.07218429440110959,
control,1D,ETN,long,mr_rsi_sum,proposed,32,30,23,96.5,198,0.906,0.562,0.011648376220429574,
control,1D,ETN,long,mr_rsi_sum,task,32,20,1,37.5,132,0.562,0.406,-0.0534141380349233,
control,1D,ETN,long,mr_stochastic_k,proposed,16,15,25,79.0,188,0.812,0.5,0.04128065797860721,
control,1D,ETN,long,mr_stochastic_k,task,16,11,2,64.5,188,0.625,0.375,-0.08010459195501544,
control,1D,ETN,long,mr_williams_confirm,task,32,30,25,85.0,208,0.781,0.375,-0.06892142239052916,
control,1D,ETN,long,mr_zscore,proposed,16,16,33,107.0,181,1.0,0.688,0.11178752059750197,
control,1D,ETN,long,mr_zscore,task,16,8,0,26.5,107,0.5,0.375,-inf,
control,1D,GNRC,short,mr_candle_score,proposed,32,29,11,113.0,311,0.469,0.312,-0.2099730364175983,
control,1D,GNRC,short,mr_candle_score,task,32,21,0,53.5,268,0.469,0.25,-0.21662889173831318,
control,1D,GNRC,short,mr_connors_rsi,proposed,16,5,0,13.0,77,0.312,0.312,-inf,
control,1D,GNRC,short,mr_connors_rsi,task,16,0,0,0.0,14,0.0,0.0,-inf,all_below_min_trades
control,1D,GNRC,short,mr_daily_drop,task,8,8,129,212.5,373,0.375,0.125,-0.24562575064366676,
control,1D,GNRC,short,mr_down_closes,task,4,4,80,187.0,416,0.75,0.5,-0.05508697008151618,
control,1D,GNRC,short,mr_ema_slope_drop,proposed,16,16,115,238.0,339,0.5,0.188,-0.24633963516063268,
control,1D,GNRC,short,mr_ema_slope_drop,task,16,15,16,206.0,339,0.562,0.312,-0.19879514889235186,
control,1D,GNRC,short,mr_ibs,proposed,12,10,9,114.5,414,0.25,0.167,-0.35965999066019955,
control,1D,GNRC,short,mr_ibs,task,12,9,3,114.5,414,0.167,0.083,-0.4117214856204466,
control,1D,GNRC,short,mr_ibs_after_new_high,proposed,16,16,47,110.5,204,0.938,0.625,0.04438084288290832,
control,1D,GNRC,short,mr_ibs_after_new_high,task,16,14,20,58.0,155,0.875,0.75,0.11541699806256189,
control,1D,GNRC,short,mr_keltner_lower,proposed,16,15,28,197.5,336,0.062,0.0,-0.47203288713122843,no_cell_profitable
control,1D,GNRC,short,mr_keltner_lower,task,16,14,5,139.5,271,0.062,0.0,-0.4436760847429895,no_cell_profitable
control,1D,GNRC,short,mr_lower_lows,proposed,4,4,51,177.5,433,0.5,0.5,-0.1244955352901642,
control,1D,GNRC,short,mr_lower_lows,task,4,3,24,82.0,242,0.5,0.5,-0.16840605417354748,
control,1D,GNRC,short,mr_ma_distance,task,32,31,14,277.0,376,0.156,0.094,-0.46942963299235296,
control,1D,GNRC,short,mr_macd_hist_falling,task,4,4,78,116.0,155,0.75,0.25,-0.03716623581650985,
control,1D,GNRC,short,mr_macd_hist_trough,task,4,4,186,233.0,320,0.25,0.0,-0.24237416677572332,no_cell_profitable
control,1D,GNRC,short,mr_macd_hist_turn,task,4,4,68,127.5,232,0.0,0.0,-0.5508706602142361,no_cell_profitable
control,1D,GNRC,short,mr_n_day_low,proposed,8,8,73,156.5,292,0.75,0.125,-0.09941915579530006,
control,1D,GNRC,short,mr_n_day_low,task,8,8,94,178.0,292,0.75,0.125,-0.09798531883354786,
control,1D,GNRC,short,mr_rsi,proposed,16,15,21,183.0,302,0.625,0.062,-0.15470193406733046,
control,1D,GNRC,short,mr_rsi,task,16,13,0,155.5,302,0.625,0.125,-0.12934594838176117,
control,1D,GNRC,short,mr_rsi_sum,proposed,32,31,27,138.5,257,0.438,0.25,-0.20343086718081188,
control,1D,GNRC,short,mr_rsi_sum,task,32,21,0,55.5,178,0.5,0.375,-0.17341069078228488,
control,1D,GNRC,short,mr_stochastic_k,proposed,16,15,25,115.0,254,0.125,0.0,-0.4233908422657807,no_cell_profitable
control,1D,GNRC,short,mr_stochastic_k,task,16,11,6,88.0,254,0.062,0.0,-0.5079512587768868,no_cell_profitable
control,1D,GNRC,short,mr_williams_confirm,task,32,32,50,131.0,257,0.281,0.062,-0.24623262383313788,
control,1D,GNRC,short,mr_zscore,proposed,16,16,78,182.5,262,0.25,0.062,-0.2682691615222601,
control,1D,GNRC,short,mr_zscore,task,16,11,0,57.5,171,0.25,0.125,-0.22796746060616882,
control,1D,K,short,mr_candle_score,proposed,32,30,11,105.0,270,0.531,0.281,-0.18006395046796603,
control,1D,K,short,mr_candle_score,task,32,22,1,50.5,243,0.344,0.188,-0.3180416335188557,
control,1D,K,short,mr_connors_rsi,proposed,16,5,0,4.5,69,0.0,0.0,-inf,no_cell_profitable
control,1D,K,short,mr_connors_rsi,task,16,0,0,0.0,3,0.0,0.0,-inf,all_below_min_trades
control,1D,K,short,mr_daily_drop,task,8,6,22,102.0,299,0.625,0.125,-0.15117145472253013,
control,1D,K,short,mr_down_closes,task,4,4,65,172.5,371,0.0,0.0,-0.433647674927926,no_cell_profitable
control,1D,K,short,mr_ema_slope_drop,proposed,16,14,14,88.5,243,0.062,0.0,-0.2956072220589374,no_cell_profitable
control,1D,K,short,mr_ema_slope_drop,task,16,11,0,56.5,243,0.125,0.062,-0.33061369165217436,
control,1D,K,short,mr_ibs,proposed,12,10,4,103.0,367,0.25,0.0,-0.43471851641639303,no_cell_profitable
control,1D,K,short,mr_ibs,task,12,9,3,103.0,367,0.25,0.0,-0.47195013133073127,no_cell_profitable
control,1D,K,short,mr_ibs_after_new_high,proposed,16,16,51,105.0,205,0.25,0.0,-0.29480783105748753,no_cell_profitable
control,1D,K,short,mr_ibs_after_new_high,task,16,15,25,66.0,139,0.25,0.0,-0.2664426468776789,no_cell_profitable
control,1D,K,short,mr_keltner_lower,proposed,16,15,13,110.5,206,0.188,0.062,-0.4398582893353802,
control,1D,K,short,mr_keltner_lower,task,16,14,3,74.0,150,0.375,0.188,-0.28075937208766516,
control,1D,K,short,mr_lower_lows,proposed,4,4,46,162.0,381,0.5,0.0,-0.19812613519718397,no_cell_profitable
control,1D,K,short,mr_lower_lows,task,4,3,23,77.0,216,0.5,0.0,-0.19812613519718397,no_cell_profitable
control,1D,K,short,mr_ma_distance,task,32,29,5,152.0,246,0.125,0.0,-0.4130258286708953,no_cell_profitable
control,1D,K,short,mr_macd_hist_falling,task,4,4,65,93.0,125,0.0,0.0,-0.4441197510368634,no_cell_profitable
control,1D,K,short,mr_macd_hist_trough,task,4,4,165,221.5,283,0.0,0.0,-0.503178831460861,no_cell_profitable
control,1D,K,short,mr_macd_hist_turn,task,4,4,65,118.0,196,0.25,0.25,-0.47031682965241817,
control,1D,K,short,mr_n_day_low,proposed,8,8,43,109.5,247,0.0,0.0,-0.35946706079545376,no_cell_profitable
control,1D,K,short,mr_n_day_low,task,8,8,59,130.5,247,0.0,0.0,-0.3558293933432796,no_cell_profitable
control,1D,K,short,mr_rsi,proposed,16,15,16,133.5,262,0.0,0.0,-0.37246112734605963,no_cell_profitable
control,1D,K,short,mr_rsi,task,16,13,0,124.0,262,0.062,0.0,-0.330268190792795,no_cell_profitable
control,1D,K,short,mr_rsi_sum,proposed,32,30,27,99.0,208,0.031,0.0,-0.45517459099508245,no_cell_profitable
control,1D,K,short,mr_rsi_sum,task,32,20,6,41.0,135,0.031,0.0,-0.5447872039912667,no_cell_profitable
control,1D,K,short,mr_stochastic_k,proposed,16,15,23,81.0,177,0.625,0.375,-0.04248384733182441,
control,1D,K,short,mr_stochastic_k,task,16,11,3,63.0,177,0.375,0.25,-0.3398212764583687,
control,1D,K,short,mr_williams_confirm,task,32,30,26,85.0,194,0.25,0.125,-0.3595545486594155,
control,1D,K,short,mr_zscore,proposed,16,16,50,120.5,176,0.062,0.0,-0.5022185693009584,no_cell_profitable
control,1D,K,short,mr_zscore,task,16,8,0,39.0,110,0.062,0.0,-inf,no_cell_profitable
control,1D,LEN,short,mr_candle_score,proposed,32,29,8,102.0,311,0.125,0.062,-0.37297487460570744,
control,1D,LEN,short,mr_candle_score,task,32,22,0,54.5,263,0.094,0.062,-0.4894455273845876,
control,1D,LEN,short,mr_connors_rsi,proposed,16,3,0,7.0,75,0.062,0.062,-inf,
control,1D,LEN,short,mr_connors_rsi,task,16,0,0,0.0,7,0.0,0.0,-inf,all_below_min_trades
control,1D,LEN,short,mr_daily_drop,task,8,8,100,194.0,355,0.0,0.0,-0.5157196494863805,no_cell_profitable
control,1D,LEN,short,mr_down_closes,task,4,4,62,172.0,407,0.0,0.0,-0.4730944806234443,no_cell_profitable
control,1D,LEN,short,mr_ema_slope_drop,proposed,16,16,88,198.0,339,0.125,0.0,-0.3696607995527073,no_cell_profitable
control,1D,LEN,short,mr_ema_slope_drop,task,16,15,5,163.0,339,0.188,0.125,-0.3696607995527073,
control,1D,LEN,short,mr_ibs,proposed,12,10,10,111.5,394,0.167,0.0,-0.4235044292059046,no_cell_profitable
control,1D,LEN,short,mr_ibs,task,12,9,4,111.5,394,0.167,0.0,-0.4538308299913174,no_cell_profitable
control,1D,LEN,short,mr_ibs_after_new_high,proposed,16,16,43,115.0,220,0.0,0.0,-0.37514142750185214,no_cell_profitable
control,1D,LEN,short,mr_ibs_after_new_high,task,16,13,21,63.5,158,0.0,0.0,-0.40974019183061433,no_cell_profitable
control,1D,LEN,short,mr_keltner_lower,proposed,16,16,30,160.0,285,0.188,0.0,-0.4778857513211939,no_cell_profitable
control,1D,LEN,short,mr_keltner_lower,task,16,15,4,116.5,228,0.312,0.0,-0.424393545349618,no_cell_profitable
control,1D,LEN,short,mr_lower_lows,proposed,4,4,41,170.5,441,0.25,0.25,-0.5249610171978341,
control,1D,LEN,short,mr_lower_lows,task,4,3,24,73.0,236,0.25,0.25,-0.5725737699966371,
control,1D,LEN,short,mr_ma_distance,task,32,31,7,243.5,340,0.094,0.031,-0.42942643839684486,
control,1D,LEN,short,mr_macd_hist_falling,task,4,4,72,94.0,134,0.0,0.0,-0.3824680605006861,no_cell_profitable
control,1D,LEN,short,mr_macd_hist_trough,task,4,4,199,249.5,313,0.0,0.0,-0.4623794203680398,no_cell_profitable
control,1D,LEN,short,mr_macd_hist_turn,task,4,4,60,111.0,210,0.0,0.0,-0.28583359206924763,no_cell_profitable
control,1D,LEN,short,mr_n_day_low,proposed,8,8,61,139.0,285,0.25,0.0,-0.45190259961934054,no_cell_profitable
control,1D,LEN,short,mr_n_day_low,task,8,8,83,158.5,285,0.125,0.0,-0.4637973482034281,no_cell_profitable
control,1D,LEN,short,mr_rsi,proposed,16,15,27,166.5,315,0.0,0.0,-0.40525631873721923,no_cell_profitable
control,1D,LEN,short,mr_rsi,task,16,13,0,135.0,315,0.062,0.0,-0.46549453195135004,no_cell_profitable
control,1D,LEN,short,mr_rsi_sum,proposed,32,32,39,125.0,245,0.062,0.0,-0.3936130011917528,no_cell_profitable
control,1D,LEN,short,mr_rsi_sum,task,32,22,1,55.5,164,0.156,0.062,-0.4043672492822563,
control,1D,LEN,short,mr_stochastic_k,proposed,16,16,32,103.5,222,0.125,0.0,-0.4167861317337219,no_cell_profitable
control,1D,LEN,short,mr_stochastic_k,task,16,12,7,79.5,222,0.125,0.0,-0.4539976698489028,no_cell_profitable
control,1D,LEN,short,mr_williams_confirm,task,32,32,47,116.0,231,0.344,0.188,-0.3306016819859991,
control,1D,LEN,short,mr_zscore,proposed,16,16,63,149.5,222,0.188,0.062,-0.331201861952484,
control,1D,LEN,short,mr_zscore,task,16,10,0,49.0,135,0.188,0.062,-0.3814456579170773,
control,1D,MSFT,long,mr_candle_score,proposed,32,24,6,55.0,264,0.625,0.531,0.07838892277732953,
control,1D,MSFT,long,mr_candle_score,task,32,15,1,26.0,231,0.438,0.406,-inf,
control,1D,MSFT,long,mr_connors_rsi,proposed,16,16,40,165.5,276,0.938,0.812,0.3329254726970786,
control,1D,MSFT,long,mr_connors_rsi,task,16,10,2,48.5,171,0.562,0.375,-0.032126538356751,
control,1D,MSFT,long,mr_daily_drop,task,8,8,60,148.0,333,1.0,1.0,0.8496383369365541,all_cells_profitable
control,1D,MSFT,long,mr_down_closes,task,4,4,45,159.5,410,0.75,0.75,0.0872598067716033,
control,1D,MSFT,long,mr_ema_slope_drop,proposed,16,15,28,128.5,291,0.875,0.75,0.22896906822975804,
control,1D,MSFT,long,mr_ema_slope_drop,task,16,12,0,100.5,291,0.625,0.562,0.08345166690177702,
control,1D,MSFT,long,mr_ibs,proposed,12,8,6,70.5,402,0.667,0.667,0.49549650512682275,
control,1D,MSFT,long,mr_ibs,task,12,8,2,70.5,402,0.667,0.667,0.49549650512682275,
control,1D,MSFT,long,mr_ibs_after_new_high,proposed,16,16,76,131.0,212,1.0,1.0,0.5346458546506452,all_cells_profitable
control,1D,MSFT,long,mr_ibs_after_new_high,task,16,16,34,82.5,155,1.0,1.0,0.48457108167607765,all_cells_profitable
control,1D,MSFT,long,mr_keltner_lower,proposed,16,15,12,110.5,197,0.5,0.375,-0.13092345302672376,
control,1D,MSFT,long,mr_keltner_lower,task,16,14,2,84.0,148,0.312,0.188,-0.3607407499834401,
control,1D,MSFT,long,mr_lower_lows,proposed,4,4,40,158.5,452,0.75,0.75,0.17264133308533633,
control,1D,MSFT,long,mr_lower_lows,task,4,3,12,66.0,225,0.5,0.5,-0.15075639203380897,
control,1D,MSFT,long,mr_ma_distance,task,32,31,3,162.5,260,0.844,0.656,0.1048038326344033,
control,1D,MSFT,long,mr_macd_hist_falling,task,4,4,64,91.5,131,1.0,1.0,0.3033605044965517,all_cells_profitable
control,1D,MSFT,long,mr_macd_hist_trough,task,4,4,182,247.5,327,1.0,1.0,0.7316771610259183,all_cells_profitable
control,1D,MSFT,long,mr_macd_hist_turn,task,4,4,73,139.0,249,0.5,0.25,-0.15121920894956029,
control,1D,MSFT,long,mr_n_day_low,proposed,8,8,43,118.0,255,0.625,0.5,0.03764581637775118,
control,1D,MSFT,long,mr_n_day_low,task,8,8,71,139.5,255,0.75,0.625,0.13903901986746692,
control,1D,MSFT,long,mr_rsi,proposed,16,13,12,125.5,283,0.562,0.438,-0.12936775824580635,
control,1D,MSFT,long,mr_rsi,task,16,13,0,109.0,283,0.375,0.312,-0.19289134393497676,
control,1D,MSFT,long,mr_rsi_sum,proposed,32,29,19,92.5,211,0.656,0.375,-0.07311515425773146,
control,1D,MSFT,long,mr_rsi_sum,task,32,16,1,31.0,134,0.219,0.094,-inf,
control,1D,MSFT,long,mr_stochastic_k,proposed,16,15,17,84.5,195,0.438,0.125,-0.2755322227247965,
control,1D,MSFT,long,mr_stochastic_k,task,16,11,5,66.0,195,0.375,0.125,-0.30077865981584184,
control,1D,MSFT,long,mr_williams_confirm,task,32,32,30,100.0,222,0.625,0.406,-0.10350557543342141,
control,1D,MSFT,long,mr_zscore,proposed,16,16,37,110.5,189,0.625,0.5,-0.020907537843102297,
control,1D,MSFT,long,mr_zscore,task,16,8,0,28.5,111,0.25,0.25,-inf,
control,1D,RTX,long,mr_candle_score,proposed,32,25,5,77.0,286,0.188,0.031,-0.39288532569846935,
control,1D,RTX,long,mr_candle_score,task,32,16,1,31.5,241,0.125,0.0,-inf,no_cell_profitable
control,1D,RTX,long,mr_connors_rsi,proposed,16,16,51,181.0,292,0.438,0.125,-0.3287363910158769,
control,1D,RTX,long,mr_connors_rsi,task,16,10,4,56.5,186,0.438,0.25,-0.27225256083875815,
control,1D,RTX,long,mr_daily_drop,task,8,8,56,130.5,315,0.25,0.0,-0.329137354693079,no_cell_profitable
control,1D,RTX,long,mr_down_closes,task,4,4,51,168.5,401,0.5,0.25,-0.27217616534816536,
control,1D,RTX,long,mr_ema_slope_drop,proposed,16,16,39,137.5,294,0.688,0.188,-0.20096640019203002,
control,1D,RTX,long,mr_ema_slope_drop,task,16,13,13,97.0,294,0.562,0.125,-0.2600869129593633,
control,1D,RTX,long,mr_ibs,proposed,12,10,7,94.0,402,0.167,0.083,-0.6160485557718244,
control,1D,RTX,long,mr_ibs,task,12,9,3,94.0,402,0.167,0.083,-0.6160485557718244,
control,1D,RTX,long,mr_ibs_after_new_high,proposed,16,16,52,119.5,220,0.125,0.0,-0.44358228610226813,no_cell_profitable
control,1D,RTX,long,mr_ibs_after_new_high,task,16,15,25,65.0,163,0.0,0.0,-0.5156071077030004,no_cell_profitable
control,1D,RTX,long,mr_keltner_lower,proposed,16,15,21,149.5,278,0.875,0.5,-0.012485945204685687,
control,1D,RTX,long,mr_keltner_lower,task,16,14,11,99.5,209,0.812,0.562,0.00832905628281411,
control,1D,RTX,long,mr_lower_lows,proposed,4,4,34,161.5,435,0.0,0.0,-0.4254966620309611,no_cell_profitable
control,1D,RTX,long,mr_lower_lows,task,4,3,13,65.5,226,0.0,0.0,-0.4254966620309611,no_cell_profitable
control,1D,RTX,long,mr_ma_distance,task,32,31,10,212.0,309,0.844,0.219,-0.2141693042659489,
control,1D,RTX,long,mr_macd_hist_falling,task,4,4,63,83.5,113,0.0,0.0,-0.44024129446911653,no_cell_profitable
control,1D,RTX,long,mr_macd_hist_trough,task,4,4,196,263.0,327,0.5,0.0,-0.2967518024471646,no_cell_profitable
control,1D,RTX,long,mr_macd_hist_turn,task,4,4,86,137.5,202,0.25,0.0,-0.3874803744094001,no_cell_profitable
control,1D,RTX,long,mr_n_day_low,proposed,8,8,59,128.5,254,0.75,0.0,-0.20660489212990624,no_cell_profitable
control,1D,RTX,long,mr_n_day_low,task,8,8,80,149.0,254,0.75,0.0,-0.20660489212990624,no_cell_profitable
control,1D,RTX,long,mr_rsi,proposed,16,15,20,164.5,295,0.5,0.188,-0.28759200916991434,
control,1D,RTX,long,mr_rsi,task,16,13,0,137.0,295,0.5,0.312,-0.3305241740902749,
control,1D,RTX,long,mr_rsi_sum,proposed,32,31,27,114.5,230,0.938,0.594,0.06933066700729199,
control,1D,RTX,long,mr_rsi_sum,task,32,19,2,39.0,152,0.5,0.281,-0.26456367195309405,
control,1D,RTX,long,mr_stochastic_k,proposed,16,15,22,104.5,224,0.938,0.438,-0.009381853420690166,
control,1D,RTX,long,mr_stochastic_k,task,16,11,9,82.0,224,0.688,0.375,-0.02775247037957898,
control,1D,RTX,long,mr_williams_confirm,task,32,32,47,118.0,228,0.594,0.188,-0.21956036695053352,
control,1D,RTX,long,mr_zscore,proposed,16,16,51,131.5,210,0.625,0.375,-0.21809951442761255,
control,1D,RTX,long,mr_zscore,task,16,8,0,39.0,117,0.312,0.188,-inf,
control,1D,SHW,long,mr_candle_score,proposed,32,26,6,72.0,282,0.688,0.438,-0.04032852026432416,
control,1D,SHW,long,mr_candle_score,task,32,17,1,33.0,223,0.469,0.344,-0.4590596929800138,
control,1D,SHW,long,mr_connors_rsi,proposed,16,16,38,166.0,288,0.875,0.312,-0.10708080574447655,
control,1D,SHW,long,mr_connors_rsi,task,16,9,1,43.0,177,0.438,0.25,-0.37477323663739753,
control,1D,SHW,long,mr_daily_drop,task,8,8,45,137.0,338,0.875,0.625,0.07318409620084612,
control,1D,SHW,long,mr_down_closes,task,4,4,45,160.5,415,1.0,0.75,0.12473313316281984,
control,1D,SHW,long,mr_ema_slope_drop,proposed,16,15,27,125.5,294,0.562,0.0,-0.2693817706529761,no_cell_profitable
control,1D,SHW,long,mr_ema_slope_drop,task,16,11,1,94.5,294,0.438,0.0,-0.3629895733568585,no_cell_profitable
control,1D,SHW,long,mr_ibs,proposed,12,10,8,94.5,418,0.667,0.417,-0.05978361607745317,
control,1D,SHW,long,mr_ibs,task,12,9,3,94.5,418,0.583,0.25,-0.1281629337656891,
control,1D,SHW,long,mr_ibs_after_new_high,proposed,16,16,71,131.0,232,0.75,0.188,-0.17946459080888857,
control,1D,SHW,long,mr_ibs_after_new_high,task,16,16,39,86.0,163,0.875,0.438,-0.018637324006081042,
control,1D,SHW,long,mr_keltner_lower,proposed,16,15,8,118.5,229,0.625,0.125,-0.2817038340006659,
control,1D,SHW,long,mr_keltner_lower,task,16,13,1,75.5,187,0.5,0.188,-0.2817038340006659,
control,1D,SHW,long,mr_lower_lows,proposed,4,4,37,159.0,446,1.0,0.5,-0.047397310417969185,
control,1D,SHW,long,mr_lower_lows,task,4,3,19,64.0,227,0.75,0.25,-0.20876817696784913,
control,1D,SHW,long,mr_ma_distance,task,32,31,3,182.5,279,0.625,0.094,-0.25267256709382585,
control,1D,SHW,long,mr_macd_hist_falling,task,4,4,59,90.0,126,1.0,1.0,0.34407293849690235,all_cells_profitable
control,1D,SHW,long,mr_macd_hist_trough,task,4,4,182,245.5,317,1.0,0.0,-0.08072894683082231,no_cell_profitable
control,1D,SHW,long,mr_macd_hist_turn,task,4,4,66,135.5,229,0.25,0.0,-0.4290894508175549,no_cell_profitable
control,1D,SHW,long,mr_n_day_low,proposed,8,8,49,130.0,258,1.0,0.625,0.0625399931967997,
control,1D,SHW,long,mr_n_day_low,task,8,8,77,147.0,258,1.0,0.5,-6.838604699295654e-05,
control,1D,SHW,long,mr_rsi,proposed,16,13,9,141.0,285,0.688,0.125,-0.235104239165057,
control,1D,SHW,long,mr_rsi,task,16,13,0,118.5,285,0.688,0.188,-0.235104239165057,
control,1D,SHW,long,mr_rsi_sum,proposed,32,29,14,99.5,215,0.375,0.188,-0.3441966705145748,
control,1D,SHW,long,mr_rsi_sum,task,32,16,0,31.5,145,0.188,0.125,-inf,
control,1D,SHW,long,mr_stochastic_k,proposed,16,14,19,92.5,210,0.312,0.062,-0.4363590944224489,
control,1D,SHW,long,mr_stochastic_k,task,16,10,2,66.5,210,0.25,0.062,-0.48363585198903364,
control,1D,SHW,long,mr_williams_confirm,task,32,32,37,106.5,222,0.594,0.188,-0.2699171571712886,
control,1D,SHW,long,mr_zscore,proposed,16,16,41,118.0,208,0.75,0.062,-0.14967756339087207,
control,1D,SHW,long,mr_zscore,task,16,8,0,31.5,116,0.375,0.062,-inf,
control,1D,TJX,short,mr_candle_score,proposed,32,30,14,113.0,299,0.094,0.031,-0.5545845634818927,
control,1D,TJX,short,mr_candle_score,task,32,23,0,62.5,262,0.125,0.031,-0.572844151868116,
control,1D,TJX,short,mr_connors_rsi,proposed,16,5,0,15.5,78,0.062,0.0,-inf,no_cell_profitable
control,1D,TJX,short,mr_connors_rsi,task,16,0,0,0.0,19,0.0,0.0,-inf,all_below_min_trades
control,1D,TJX,short,mr_daily_drop,task,8,8,52,147.0,342,0.125,0.125,-0.44644693722067064,
control,1D,TJX,short,mr_down_closes,task,4,4,74,185.5,402,0.0,0.0,-0.4919658859049969,no_cell_profitable
control,1D,TJX,short,mr_ema_slope_drop,proposed,16,16,36,154.0,300,0.062,0.0,-0.5299938282961818,no_cell_profitable
control,1D,TJX,short,mr_ema_slope_drop,task,16,13,1,115.0,300,0.0,0.0,-0.5975231854965912,no_cell_profitable
control,1D,TJX,short,mr_ibs,proposed,12,10,10,115.0,402,0.167,0.083,-0.448499558670406,
control,1D,TJX,short,mr_ibs,task,12,9,1,115.0,402,0.167,0.083,-0.5508345849305549,
control,1D,TJX,short,mr_ibs_after_new_high,proposed,16,16,46,110.5,220,0.938,0.25,-0.10400958744661071,
control,1D,TJX,short,mr_ibs_after_new_high,task,16,13,16,63.0,147,0.562,0.25,-0.13552169640106945,
control,1D,TJX,short,mr_keltner_lower,proposed,16,15,15,162.0,282,0.062,0.0,-0.5448128984290439,no_cell_profitable
control,1D,TJX,short,mr_keltner_lower,task,16,14,4,105.0,221,0.062,0.0,-0.5326499776729969,no_cell_profitable
control,1D,TJX,short,mr_lower_lows,proposed,4,4,56,180.0,440,0.0,0.0,-0.5617764214753812,no_cell_profitable
control,1D,TJX,short,mr_lower_lows,task,4,3,20,83.0,250,0.0,0.0,-0.580754220414899,no_cell_profitable
control,1D,TJX,short,mr_ma_distance,task,32,31,9,228.5,335,0.0,0.0,-0.5493016740204325,no_cell_profitable
control,1D,TJX,short,mr_macd_hist_falling,task,4,4,68,93.5,144,0.0,0.0,-0.6675961277999605,no_cell_profitable
control,1D,TJX,short,mr_macd_hist_trough,task,4,4,199,254.0,321,0.0,0.0,-0.5388440277677569,no_cell_profitable
control,1D,TJX,short,mr_macd_hist_turn,task,4,4,70,127.5,229,0.0,0.0,-0.5590431685412216,no_cell_profitable
control,1D,TJX,short,mr_n_day_low,proposed,8,8,70,154.0,273,0.0,0.0,-0.49677840248558813,no_cell_profitable
control,1D,TJX,short,mr_n_day_low,task,8,8,89,176.5,273,0.0,0.0,-0.5029295763524833,no_cell_profitable
control,1D,TJX,short,mr_rsi,proposed,16,15,22,182.5,293,0.0,0.0,-0.5631107227985608,no_cell_profitable
control,1D,TJX,short,mr_rsi,task,16,13,0,149.0,293,0.062,0.062,-0.6157287683790725,
control,1D,TJX,short,mr_rsi_sum,proposed,32,32,30,136.0,247,0.0,0.0,-0.5814719935525057,no_cell_profitable
control,1D,TJX,short,mr_rsi_sum,task,32,22,2,55.5,175,0.0,0.0,-0.6519595688465213,no_cell_profitable
control,1D,TJX,short,mr_stochastic_k,proposed,16,16,33,111.0,240,0.125,0.062,-0.4460294954069056,
control,1D,TJX,short,mr_stochastic_k,task,16,12,7,87.5,240,0.125,0.062,-0.527819295695256,
control,1D,TJX,short,mr_williams_confirm,task,32,32,48,123.0,243,0.062,0.0,-0.5054787560649785,no_cell_profitable
control,1D,TJX,short,mr_zscore,proposed,16,16,61,163.0,230,0.0,0.0,-0.5283408042093984,no_cell_profitable
control,1D,TJX,short,mr_zscore,task,16,8,0,42.5,150,0.0,0.0,-inf,no_cell_profitable
control,1D,TMUS,long,mr_candle_score,proposed,32,27,10,71.5,269,0.781,0.5,0.016505109772084033,
control,1D,TMUS,long,mr_candle_score,task,32,17,1,35.0,219,0.531,0.344,-0.15596444999255785,
control,1D,TMUS,long,mr_connors_rsi,proposed,16,16,42,158.0,265,0.875,0.75,0.07470583616081673,
control,1D,TMUS,long,mr_connors_rsi,task,16,10,4,48.5,175,0.438,0.375,-0.35427927375264034,
control,1D,TMUS,long,mr_daily_drop,task,8,8,46,139.5,329,0.75,0.125,-0.18350015459706992,
control,1D,TMUS,long,mr_down_closes,task,4,4,45,165.5,403,0.75,0.0,-0.15534488097166702,no_cell_profitable
control,1D,TMUS,long,mr_ema_slope_drop,proposed,16,15,25,121.0,271,0.688,0.25,-0.09930307691958506,
control,1D,TMUS,long,mr_ema_slope_drop,task,16,11,2,89.5,271,0.5,0.125,-0.2842050329967246,
control,1D,TMUS,long,mr_ibs,proposed,12,10,4,99.0,392,0.833,0.5,0.028982016149612835,
control,1D,TMUS,long,mr_ibs,task,12,9,2,99.0,392,0.75,0.417,-0.0757690828891967,
control,1D,TMUS,long,mr_ibs_after_new_high,proposed,16,16,65,129.5,213,0.625,0.0,-0.25765691898847054,no_cell_profitable
control,1D,TMUS,long,mr_ibs_after_new_high,task,16,16,33,84.0,172,0.75,0.375,-0.07190973583935076,
control,1D,TMUS,long,mr_keltner_lower,proposed,16,14,9,101.5,218,0.688,0.188,-0.18120649523879737,
control,1D,TMUS,long,mr_keltner_lower,task,16,11,3,59.5,163,0.562,0.25,-0.18457701329402432,
control,1D,TMUS,long,mr_lower_lows,proposed,4,4,38,159.0,436,0.75,0.5,-0.1293266968097439,
control,1D,TMUS,long,mr_lower_lows,task,4,3,20,66.0,224,0.5,0.5,-0.15457405424001236,
control,1D,TMUS,long,mr_ma_distance,task,32,28,5,168.5,261,0.719,0.406,-0.05017648683156077,
control,1D,TMUS,long,mr_macd_hist_falling,task,4,4,66,94.5,127,0.25,0.0,-0.31228810760108583,no_cell_profitable
control,1D,TMUS,long,mr_macd_hist_trough,task,4,4,183,240.5,309,1.0,0.0,-0.1603275020906648,no_cell_profitable
control,1D,TMUS,long,mr_macd_hist_turn,task,4,4,63,134.0,227,0.25,0.0,-0.31412858178529757,no_cell_profitable
control,1D,TMUS,long,mr_n_day_low,proposed,8,8,35,109.5,247,0.625,0.25,-0.13906791033382626,
control,1D,TMUS,long,mr_n_day_low,task,8,8,55,129.0,247,0.875,0.375,-0.06971990543205059,
control,1D,TMUS,long,mr_rsi,proposed,16,15,16,124.5,262,0.562,0.438,-0.1965320052365525,
control,1D,TMUS,long,mr_rsi,task,16,13,0,117.5,262,0.625,0.375,-0.17330664309903707,
control,1D,TMUS,long,mr_rsi_sum,proposed,32,30,20,91.0,202,0.562,0.094,-0.17416102343431084,
control,1D,TMUS,long,mr_rsi_sum,task,32,19,1,40.5,141,0.156,0.031,-0.35401572824558036,
control,1D,TMUS,long,mr_stochastic_k,proposed,16,15,25,80.5,197,0.875,0.375,-0.023330063882387314,
control,1D,TMUS,long,mr_stochastic_k,task,16,11,5,59.5,197,0.625,0.188,-0.1592808907453851,
control,1D,TMUS,long,mr_williams_confirm,task,32,32,32,91.5,209,0.906,0.562,0.01486332757990446,
control,1D,TMUS,long,mr_zscore,proposed,16,16,33,106.5,172,0.375,0.25,-0.2849412813898497,
control,1D,TMUS,long,mr_zscore,task,16,8,0,28.0,108,0.125,0.062,-inf,
control,1D,TXN,long,mr_candle_score,proposed,32,25,8,69.0,274,0.594,0.344,-0.15722384448912724,
control,1D,TXN,long,mr_candle_score,task,32,16,0,28.5,219,0.312,0.062,-inf,
control,1D,TXN,long,mr_connors_rsi,proposed,16,16,36,158.5,277,0.312,0.0,-0.43953706266453574,no_cell_profitable
control,1D,TXN,long,mr_connors_rsi,task,16,9,5,42.0,166,0.0,0.0,-0.5716695483889306,no_cell_profitable
control,1D,TXN,long,mr_daily_drop,task,8,8,63,158.0,349,0.5,0.0,-0.3406912685119483,no_cell_profitable
control,1D,TXN,long,mr_down_closes,task,4,4,45,150.0,420,0.5,0.0,-0.3524237355570423,no_cell_profitable
control,1D,TXN,long,mr_ema_slope_drop,proposed,16,16,41,136.0,302,0.062,0.0,-0.5350593215964655,no_cell_profitable
control,1D,TXN,long,mr_ema_slope_drop,task,16,13,1,99.5,302,0.062,0.0,-0.5331915143029647,no_cell_profitable
control,1D,TXN,long,mr_ibs,proposed,12,9,4,84.0,432,0.75,0.5,-0.017741640030409334,
control,1D,TXN,long,mr_ibs,task,12,8,1,84.0,432,0.667,0.417,-0.07157408166086925,
control,1D,TXN,long,mr_ibs_after_new_high,proposed,16,16,74,143.0,253,1.0,1.0,0.6614226617474721,all_cells_profitable
control,1D,TXN,long,mr_ibs_after_new_high,task,16,16,43,94.5,178,1.0,1.0,0.6821668584441469,all_cells_profitable
control,1D,TXN,long,mr_keltner_lower,proposed,16,15,17,114.0,202,0.0,0.0,-0.5414169695362825,no_cell_profitable
control,1D,TXN,long,mr_keltner_lower,task,16,14,4,84.0,151,0.0,0.0,-0.5164219410113209,no_cell_profitable
control,1D,TXN,long,mr_lower_lows,proposed,4,4,41,149.0,461,0.25,0.0,-0.4541431405458092,no_cell_profitable
control,1D,TXN,long,mr_lower_lows,task,4,3,18,67.5,204,0.0,0.0,-0.6064408785911648,no_cell_profitable
control,1D,TXN,long,mr_ma_distance,task,32,31,5,166.5,271,0.0,0.0,-0.5433978241531465,no_cell_profitable
control,1D,TXN,long,mr_macd_hist_falling,task,4,4,63,90.5,115,0.5,0.0,-0.22317221769040618,no_cell_profitable
control,1D,TXN,long,mr_macd_hist_trough,task,4,4,213,263.5,338,0.5,0.0,-0.3351024757039591,no_cell_profitable
control,1D,TXN,long,mr_macd_hist_turn,task,4,4,75,129.0,224,1.0,0.25,-0.11337209502048276,
control,1D,TXN,long,mr_n_day_low,proposed,8,8,45,115.0,256,0.0,0.0,-0.39748598945731306,no_cell_profitable
control,1D,TXN,long,mr_n_day_low,task,8,8,71,135.0,256,0.0,0.0,-0.4448277946267798,no_cell_profitable
control,1D,TXN,long,mr_rsi,proposed,16,15,19,125.0,283,0.0,0.0,-0.5229036312289268,no_cell_profitable
control,1D,TXN,long,mr_rsi,task,16,13,0,104.5,283,0.0,0.0,-0.5585192159165675,no_cell_profitable
control,1D,TXN,long,mr_rsi_sum,proposed,32,30,22,93.0,201,0.0,0.0,-0.5741331820631119,no_cell_profitable
control,1D,TXN,long,mr_rsi_sum,task,32,18,3,36.5,136,0.0,0.0,-0.7278758638411287,no_cell_profitable
control,1D,TXN,long,mr_stochastic_k,proposed,16,15,28,92.5,185,0.0,0.0,-0.5645773820032396,no_cell_profitable
control,1D,TXN,long,mr_stochastic_k,task,16,11,3,73.0,185,0.0,0.0,-0.5766530237906087,no_cell_profitable
control,1D,TXN,long,mr_williams_confirm,task,32,32,33,92.0,207,0.188,0.062,-0.38655241318014266,
control,1D,TXN,long,mr_zscore,proposed,16,16,30,100.0,168,0.0,0.0,-0.4675225038402496,no_cell_profitable
control,1D,TXN,long,mr_zscore,task,16,8,0,22.0,105,0.0,0.0,-inf,no_cell_profitable
control,1D,TXN,short,mr_candle_score,proposed,32,30,21,132.0,325,0.156,0.062,-0.4468639177662205,
control,1D,TXN,short,mr_candle_score,task,32,24,4,67.5,279,0.156,0.0,-0.4702707078221974,no_cell_profitable
control,1D,TXN,short,mr_connors_rsi,proposed,16,5,0,15.0,85,0.188,0.062,-inf,
control,1D,TXN,short,mr_connors_rsi,task,16,0,0,0.0,14,0.0,0.0,-inf,all_below_min_trades
control,1D,TXN,short,mr_daily_drop,task,8,8,59,174.5,366,0.0,0.0,-0.5955712464588105,no_cell_profitable
control,1D,TXN,short,mr_down_closes,task,4,4,75,198.5,420,0.0,0.0,-0.5142789176867923,no_cell_profitable
control,1D,TXN,short,mr_ema_slope_drop,proposed,16,16,46,162.0,326,0.062,0.062,-0.6599544432816042,
control,1D,TXN,short,mr_ema_slope_drop,task,16,13,3,124.0,326,0.062,0.062,-0.6599544432816042,
control,1D,TXN,short,mr_ibs,proposed,12,10,12,135.0,437,0.0,0.0,-0.39713887145014404,no_cell_profitable
control,1D,TXN,short,mr_ibs,task,12,10,8,135.0,437,0.0,0.0,-0.39713887145014404,no_cell_profitable
control,1D,TXN,short,mr_ibs_after_new_high,proposed,16,16,54,120.0,238,0.625,0.25,-0.16552537449943894,
control,1D,TXN,short,mr_ibs_after_new_high,task,16,14,23,69.0,164,0.875,0.375,-0.10051670456527531,
control,1D,TXN,short,mr_keltner_lower,proposed,16,15,24,189.0,331,0.062,0.0,-0.6033250956298746,no_cell_profitable
control,1D,TXN,short,mr_keltner_lower,task,16,14,4,122.5,275,0.062,0.0,-0.4412395559198379,no_cell_profitable
control,1D,TXN,short,mr_lower_lows,proposed,4,4,55,183.5,435,0.0,0.0,-0.6696289254015182,no_cell_profitable
control,1D,TXN,short,mr_lower_lows,task,4,3,24,88.0,246,0.0,0.0,-0.6696289254015182,no_cell_profitable
control,1D,TXN,short,mr_ma_distance,task,32,31,7,258.0,375,0.031,0.0,-0.6817321604396389,no_cell_profitable
control,1D,TXN,short,mr_macd_hist_falling,task,4,4,80,111.0,148,0.5,0.25,-0.3355035560116455,
control,1D,TXN,short,mr_macd_hist_trough,task,4,4,187,247.0,313,0.0,0.0,-0.6735715505037405,no_cell_profitable
control,1D,TXN,short,mr_macd_hist_turn,task,4,4,63,129.5,230,0.0,0.0,-0.6254668427257564,no_cell_profitable
control,1D,TXN,short,mr_n_day_low,proposed,8,8,75,158.5,292,0.0,0.0,-0.6105171967345417,no_cell_profitable
control,1D,TXN,short,mr_n_day_low,task,8,8,102,181.0,292,0.0,0.0,-0.5940561713682885,no_cell_profitable
control,1D,TXN,short,mr_rsi,proposed,16,16,30,172.0,317,0.25,0.062,-0.6183497345742401,
control,1D,TXN,short,mr_rsi,task,16,13,0,153.5,317,0.062,0.0,-0.7108155432310745,no_cell_profitable
control,1D,TXN,short,mr_rsi_sum,proposed,32,32,37,126.0,238,0.25,0.094,-0.4286676647822013,
control,1D,TXN,short,mr_rsi_sum,task,32,23,2,59.5,172,0.344,0.188,-0.3641395625549385,
control,1D,TXN,short,mr_stochastic_k,proposed,16,16,35,114.0,259,0.062,0.0,-0.41418103636388215,no_cell_profitable
control,1D,TXN,short,mr_stochastic_k,task,16,12,12,89.5,259,0.0,0.0,-0.5516520711802145,no_cell_profitable
control,1D,TXN,short,mr_williams_confirm,task,32,32,57,134.5,264,0.031,0.0,-0.4688340559253631,no_cell_profitable
control,1D,TXN,short,mr_zscore,proposed,16,16,70,174.5,259,0.0,0.0,-0.6680948755534342,no_cell_profitable
control,1D,TXN,short,mr_zscore,task,16,11,0,59.5,162,0.0,0.0,-0.6115359044951555,no_cell_profitable
control,1H,ARKK,long,tf_adx_di,proposed,16,15,34,559.0,1345,0.375,0.188,-0.2900900276088414,
control,1H,ARKK,long,tf_adx_di,task,16,7,0,49.5,883,0.25,0.188,-inf,
control,1H,ARKK,long,tf_aroon_cross,proposed,4,4,128,362.0,682,0.75,0.5,-0.019744364684649553,
control,1H,ARKK,long,tf_aroon_cross,task,4,3,60,198.0,456,0.5,0.5,-0.0633591878734171,
control,1H,ARKK,long,tf_atr_band,task,64,64,187,1015.0,6918,0.953,0.328,-0.12640346939228092,
control,1H,ARKK,long,tf_base_candle,task,4,4,460,569.0,671,0.25,0.0,-0.21162634303933336,no_cell_profitable
control,1H,ARKK,long,tf_bb_upper_cross,proposed,16,15,96,193.5,536,0.75,0.5,0.00643296954868075,
control,1H,ARKK,long,tf_bb_upper_cross,task,16,11,0,138.0,390,0.5,0.312,-0.12794458460772098,
control,1H,ARKK,long,tf_donchian_breakout,task,4,3,91,142.5,271,0.5,0.5,-0.023417775779241617,
control,1H,ARKK,long,tf_hma_turn,task,4,4,347,713.0,1337,0.5,0.0,-0.20253105018307033,no_cell_profitable
control,1H,ARKK,long,tf_ichimoku_cloud,task,64,64,183,199.0,210,1.0,0.984,0.26725127249716474,
control,1H,ARKK,long,tf_kama_cross,task,4,4,577,767.5,1155,0.75,0.75,0.14515052790666969,
control,1H,ARKK,long,tf_keltner_breakout,proposed,16,16,101,199.5,335,0.625,0.562,0.04499473055845149,
control,1H,ARKK,long,tf_keltner_breakout,task,16,15,39,157.5,257,0.625,0.562,0.03270602728796225,
control,1H,ARKK,long,tf_ma_slope,task,4,4,196,320.5,576,0.75,0.5,0.028245533753286898,
control,1H,ARKK,long,tf_momentum_cross,task,4,4,303,505.5,876,0.5,0.25,-0.12680606760382407,
control,1H,ARKK,long,tf_psar_flip,task,16,16,350,592.5,916,1.0,0.812,0.14507880911880783,
control,1H,ARKK,long,tf_sma_cross,proposed,16,14,88,151.0,287,0.625,0.562,0.021291839288814528,
control,1H,ARKK,long,tf_sma_cross,task,16,5,47,78.5,153,0.188,0.188,-inf,
control,1H,ARKK,long,tf_supertrend_flip,task,16,16,179,249.5,379,0.5,0.312,-0.06622717428309405,
control,1H,BAC,long,tf_adx_di,proposed,16,15,54,606.5,1516,0.5,0.0,-0.5212671366181729,no_cell_profitable
control,1H,BAC,long,tf_adx_di,task,16,7,1,68.0,956,0.062,0.0,-inf,no_cell_profitable
control,1H,BAC,long,tf_aroon_cross,proposed,4,4,147,419.5,767,0.5,0.25,-0.3484944850598742,
control,1H,BAC,long,tf_aroon_cross,task,4,3,73,229.0,528,0.5,0.25,-0.3484944850598742,
control,1H,BAC,long,tf_atr_band,task,64,64,185,1010.0,7553,0.781,0.0,-0.5358159936300868,no_cell_profitable
control,1H,BAC,long,tf_base_candle,task,4,4,459,598.5,698,0.0,0.0,-0.5812573237107963,no_cell_profitable
control,1H,BAC,long,tf_bb_upper_cross,proposed,16,16,110,227.0,631,0.562,0.0,-0.18766876903965843,no_cell_profitable
control,1H,BAC,long,tf_bb_upper_cross,task,16,12,0,153.0,479,0.312,0.0,-0.24986967105348357,no_cell_profitable
control,1H,BAC,long,tf_donchian_breakout,task,4,3,86,161.5,305,0.25,0.0,-0.3323869929532546,no_cell_profitable
control,1H,BAC,long,tf_hma_turn,task,4,4,393,781.0,1476,0.75,0.0,-0.5049791246160895,no_cell_profitable
control,1H,BAC,long,tf_ichimoku_cloud,task,64,64,207,226.0,243,0.344,0.016,-0.25652249959359963,
control,1H,BAC,long,tf_kama_cross,task,4,4,659,841.5,1274,1.0,0.0,-0.4160305994257405,no_cell_profitable
control,1H,BAC,long,tf_keltner_breakout,proposed,16,15,81,216.5,361,0.688,0.062,-0.075616407757149,
control,1H,BAC,long,tf_keltner_breakout,task,16,14,27,163.5,278,0.625,0.062,-0.07676510357357656,
control,1H,BAC,long,tf_ma_slope,task,4,4,206,357.0,663,0.75,0.0,-0.32423381295694914,no_cell_profitable
control,1H,BAC,long,tf_momentum_cross,task,4,4,371,549.5,985,0.75,0.0,-0.3262103344877887,no_cell_profitable
control,1H,BAC,long,tf_psar_flip,task,16,16,387,674.0,1019,0.562,0.0,-0.550081935577245,no_cell_profitable
control,1H,BAC,long,tf_sma_cross,proposed,16,15,94,163.0,333,0.812,0.438,-0.10194070928078212,
control,1H,BAC,long,tf_sma_cross,task,16,6,50,85.5,172,0.125,0.062,-inf,
control,1H,BAC,long,tf_supertrend_flip,task,16,16,173,253.5,389,0.125,0.0,-0.38728548756820813,no_cell_profitable
control,1H,MRNA,long,tf_adx_di,proposed,16,14,38,461.5,1032,0.438,0.062,-0.48389877533292525,
control,1H,MRNA,long,tf_adx_di,task,16,7,0,54.0,690,0.438,0.188,-inf,
control,1H,MRNA,long,tf_aroon_cross,proposed,4,4,109,310.5,534,0.0,0.0,-0.4475959687107137,no_cell_profitable
control,1H,MRNA,long,tf_aroon_cross,task,4,3,53,167.5,395,0.0,0.0,-0.4475959687107137,no_cell_profitable
control,1H,MRNA,long,tf_atr_band,task,64,64,133,748.0,5681,0.594,0.0,-0.5954486234569853,no_cell_profitable
control,1H,MRNA,long,tf_base_candle,task,4,4,320,409.5,478,1.0,0.0,-0.24248449827653887,no_cell_profitable
control,1H,MRNA,long,tf_bb_upper_cross,proposed,16,13,83,164.0,450,0.125,0.0,-0.4321251672235178,no_cell_profitable
control,1H,MRNA,long,tf_bb_upper_cross,task,16,9,0,109.0,335,0.062,0.0,-0.5039888221576206,no_cell_profitable
control,1H,MRNA,long,tf_donchian_breakout,task,4,2,53,104.5,199,0.0,0.0,-inf,no_cell_profitable
control,1H,MRNA,long,tf_hma_turn,task,4,4,281,570.0,1096,0.5,0.0,-0.43736368107253865,no_cell_profitable
control,1H,MRNA,long,tf_ichimoku_cloud,task,64,64,132,152.0,171,0.125,0.0,-0.30968295079322017,no_cell_profitable
control,1H,MRNA,long,tf_kama_cross,task,4,4,465,635.5,935,0.25,0.0,-0.6135411714707988,no_cell_profitable
control,1H,MRNA,long,tf_keltner_breakout,proposed,16,13,52,149.0,255,0.0,0.0,-0.3841123536523962,no_cell_profitable
control,1H,MRNA,long,tf_keltner_breakout,task,16,9,23,106.5,198,0.0,0.0,-0.41865664181239365,no_cell_profitable
control,1H,MRNA,long,tf_ma_slope,task,4,4,142,267.5,502,0.5,0.0,-0.39138141596354437,no_cell_profitable
control,1H,MRNA,long,tf_momentum_cross,task,4,4,276,413.5,709,0.5,0.0,-0.5402832314364752,no_cell_profitable
control,1H,MRNA,long,tf_psar_flip,task,16,16,285,486.0,741,0.438,0.0,-0.45667017475045585,no_cell_profitable
control,1H,MRNA,long,tf_sma_cross,proposed,16,12,73,125.5,246,0.188,0.0,-0.34578775047539595,no_cell_profitable
control,1H,MRNA,long,tf_sma_cross,task,16,3,40,60.5,134,0.125,0.062,-inf,
control,1H,MRNA,long,tf_supertrend_flip,task,16,16,111,168.5,259,0.0,0.0,-0.5050277807266559,no_cell_profitable
control,1H,TSLA,long,tf_adx_di,proposed,16,15,47,608.0,1552,0.812,0.5,0.0181459503488055,
control,1H,TSLA,long,tf_adx_di,task,16,7,0,66.5,990,0.312,0.312,-inf,
control,1H,TSLA,long,tf_aroon_cross,proposed,4,4,146,424.0,757,0.25,0.0,-0.10599570345722471,no_cell_profitable
control,1H,TSLA,long,tf_aroon_cross,task,4,3,72,219.0,556,0.25,0.0,-0.10599570345722471,no_cell_profitable
control,1H,TSLA,long,tf_atr_band,task,64,64,185,940.0,7132,0.734,0.266,-0.10996656648671349,
control,1H,TSLA,long,tf_base_candle,task,4,4,440,575.5,692,1.0,1.0,0.10218262923526102,all_cells_profitable
control,1H,TSLA,long,tf_bb_upper_cross,proposed,16,16,113,233.0,624,0.625,0.438,-0.018849123229261043,
control,1H,TSLA,long,tf_bb_upper_cross,task,16,12,0,161.0,466,0.438,0.312,-0.0594218092270472,
control,1H,TSLA,long,tf_donchian_breakout,task,4,3,92,162.5,303,0.75,0.75,0.12361554814263867,
control,1H,TSLA,long,tf_hma_turn,task,4,4,390,796.5,1481,0.75,0.25,-0.06921678619059658,
control,1H,TSLA,long,tf_ichimoku_cloud,task,64,64,193,219.5,248,1.0,0.984,0.23899516587984054,
control,1H,TSLA,long,tf_kama_cross,task,4,4,603,867.5,1314,1.0,0.75,0.052270121233022875,
control,1H,TSLA,long,tf_keltner_breakout,proposed,16,15,91,218.5,351,0.812,0.75,0.09655058722240979,
control,1H,TSLA,long,tf_keltner_breakout,task,16,14,28,165.0,282,0.812,0.812,0.10953120368154762,
control,1H,TSLA,long,tf_ma_slope,task,4,4,200,338.0,628,1.0,0.75,0.11721369441256006,
control,1H,TSLA,long,tf_momentum_cross,task,4,4,363,546.5,997,1.0,0.75,0.09374013820041321,
control,1H,TSLA,long,tf_psar_flip,task,16,16,409,701.5,1028,0.688,0.375,-0.06823346179462296,
control,1H,TSLA,long,tf_sma_cross,proposed,16,15,93,172.5,331,0.812,0.688,0.04905373002447638,
control,1H,TSLA,long,tf_sma_cross,task,16,6,45,89.5,185,0.25,0.188,-inf,
control,1H,TSLA,long,tf_supertrend_flip,task,16,16,170,242.5,373,0.562,0.312,-0.04347306628485506,
real,1D,AAPL,long,mr_candle_score,proposed,32,30,16,95.5,278,0.75,0.75,0.5009907863994385,
real,1D,AAPL,long,mr_candle_score,task,32,23,0,53.5,248,0.625,0.625,0.30699294740008654,
real,1D,AAPL,long,mr_connors_rsi,proposed,16,16,42,141.5,259,1.0,1.0,1.1635938080432588,all_cells_profitable
real,1D,AAPL,long,mr_connors_rsi,task,16,9,0,46.5,162,0.562,0.562,0.5459970563936194,
real,1D,AAPL,long,mr_daily_drop,task,8,8,49,134.0,316,1.0,1.0,0.6064120702292253,all_cells_profitable
real,1D,AAPL,long,mr_down_closes,task,4,4,39,162.5,396,1.0,1.0,1.1083956623908162,all_cells_profitable
real,1D,AAPL,long,mr_ema_slope_drop,proposed,16,16,35,110.0,246,1.0,1.0,0.771613884340582,all_cells_profitable
real,1D,AAPL,long,mr_ema_slope_drop,task,16,13,2,82.5,246,0.812,0.812,0.6558604175795218,
real,1D,AAPL,long,mr_ibs,proposed,12,9,4,78.0,363,0.75,0.75,1.0769427222366565,
real,1D,AAPL,long,mr_ibs,task,12,8,2,78.0,363,0.667,0.667,1.0769427222366565,
real,1D,AAPL,long,mr_ibs_after_new_high,proposed,16,16,46,87.0,153,1.0,1.0,1.6894751137972195,all_cells_profitable
real,1D,AAPL,long,mr_ibs_after_new_high,task,16,14,25,56.5,111,0.875,0.875,1.9296940257522675,
real,1D,AAPL,long,mr_keltner_lower,proposed,16,15,7,91.5,162,0.938,0.812,0.30156563229387384,
real,1D,AAPL,long,mr_keltner_lower,task,16,13,1,63.0,128,0.812,0.812,0.20481326720611676,
real,1D,AAPL,long,mr_lower_lows,proposed,4,4,42,155.5,371,0.75,0.75,0.8829798244800322,
real,1D,AAPL,long,mr_lower_lows,task,4,3,13,73.5,206,0.5,0.5,0.23275943029618335,
real,1D,AAPL,long,mr_ma_distance,task,32,31,3,137.0,207,0.938,0.812,0.3304071640969296,
real,1D,AAPL,long,mr_macd_hist_falling,task,4,4,58,88.0,136,1.0,1.0,0.8816936282454662,all_cells_profitable
real,1D,AAPL,long,mr_macd_hist_trough,task,4,4,203,256.0,322,1.0,1.0,1.4776699724368818,all_cells_profitable
real,1D,AAPL,long,mr_macd_hist_turn,task,4,4,51,119.5,232,0.5,0.25,-0.18857618810759738,
real,1D,AAPL,long,mr_n_day_low,proposed,8,8,51,108.0,240,1.0,1.0,0.5432201880452326,all_cells_profitable
real,1D,AAPL,long,mr_n_day_low,task,8,8,69,125.5,240,1.0,1.0,0.5076920339483412,all_cells_profitable
real,1D,AAPL,long,mr_rsi,proposed,16,13,5,94.5,248,0.812,0.812,0.4867742839959156,
real,1D,AAPL,long,mr_rsi,task,16,12,0,93.5,248,0.75,0.75,0.5742382198593328,
real,1D,AAPL,long,mr_rsi_sum,proposed,32,27,9,71.0,171,0.719,0.656,0.15401143974157175,
real,1D,AAPL,long,mr_rsi_sum,task,32,13,1,20.5,118,0.406,0.375,-inf,
real,1D,AAPL,long,mr_stochastic_k,proposed,16,15,21,83.0,160,0.688,0.5,0.028341380751100317,
real,1D,AAPL,long,mr_stochastic_k,task,16,11,6,62.5,160,0.438,0.312,-0.22415971302407967,
real,1D,AAPL,long,mr_williams_confirm,task,32,32,43,95.0,199,0.531,0.344,-0.0797422164833875,
real,1D,AAPL,long,mr_zscore,proposed,16,16,32,91.5,149,0.875,0.75,0.13648481637759896,
real,1D,AAPL,long,mr_zscore,task,16,8,0,23.5,93,0.5,0.438,-inf,
real,1D,ADI,short,mr_candle_score,proposed,32,32,39,157.5,315,0.781,0.281,-0.1001382749043548,
real,1D,ADI,short,mr_candle_score,task,32,28,8,101.0,298,0.688,0.438,-0.03761618333910108,
real,1D,ADI,short,mr_connors_rsi,proposed,16,3,0,9.0,66,0.188,0.188,-inf,
real,1D,ADI,short,mr_connors_rsi,task,16,0,0,0.0,8,0.0,0.0,-inf,all_below_min_trades
real,1D,ADI,short,mr_daily_drop,task,8,8,61,174.0,352,0.5,0.125,-0.22757080081204686,
real,1D,ADI,short,mr_down_closes,task,4,4,64,188.0,405,0.75,0.5,-0.0007049433240985522,
real,1D,ADI,short,mr_ema_slope_drop,proposed,16,16,31,149.0,320,0.812,0.438,-0.06574618615893749,
real,1D,ADI,short,mr_ema_slope_drop,task,16,13,0,114.5,320,0.688,0.312,-0.2133780499511151,
real,1D,ADI,short,mr_ibs,proposed,12,10,15,126.0,383,0.333,0.25,-0.2902768213479686,
real,1D,ADI,short,mr_ibs,task,12,9,8,126.0,383,0.417,0.25,-0.36599030187547843,
real,1D,ADI,short,mr_ibs_after_new_high,proposed,16,16,33,69.5,141,0.438,0.375,-0.2894543943484022,
real,1D,ADI,short,mr_ibs_after_new_high,task,16,10,9,40.5,95,0.438,0.312,-0.41844271706544467,
real,1D,ADI,short,mr_keltner_lower,proposed,16,15,13,183.0,323,0.5,0.312,-0.2595804049678143,
real,1D,ADI,short,mr_keltner_lower,task,16,14,2,122.5,258,0.688,0.5,-0.03147729407700727,
real,1D,ADI,short,mr_lower_lows,proposed,4,4,77,202.5,400,0.5,0.5,-0.17580186517088237,
real,1D,ADI,short,mr_lower_lows,task,4,4,40,112.0,258,0.75,0.75,0.47688555876931604,
real,1D,ADI,short,mr_ma_distance,task,32,31,5,244.5,374,0.438,0.25,-0.31478811819560715,
real,1D,ADI,short,mr_macd_hist_falling,task,4,4,68,94.5,133,1.0,0.0,-0.08531272503405156,no_cell_profitable
real,1D,ADI,short,mr_macd_hist_trough,task,4,4,152,205.0,277,1.0,0.0,-0.1697917984549059,no_cell_profitable
real,1D,ADI,short,mr_macd_hist_turn,task,4,4,68,125.0,210,0.0,0.0,-0.6617070927032085,no_cell_profitable
real,1D,ADI,short,mr_n_day_low,proposed,8,8,89,162.5,278,0.75,0.375,-0.07023487876007634,
real,1D,ADI,short,mr_n_day_low,task,8,8,115,176.5,278,0.625,0.125,-0.13380454318782445,
real,1D,ADI,short,mr_rsi,proposed,16,14,8,158.5,309,0.688,0.312,-0.10352949954239965,
real,1D,ADI,short,mr_rsi,task,16,13,0,131.0,309,0.625,0.375,-0.15064507022518256,
real,1D,ADI,short,mr_rsi_sum,proposed,32,29,14,109.0,225,0.906,0.812,0.37754085580742947,
real,1D,ADI,short,mr_rsi_sum,task,32,18,1,43.0,157,0.562,0.562,0.16761522111027904,
real,1D,ADI,short,mr_stochastic_k,proposed,16,16,53,147.5,271,0.812,0.375,-0.03366735043392506,
real,1D,ADI,short,mr_stochastic_k,task,16,14,18,121.0,271,0.688,0.375,-0.03588841654182045,
real,1D,ADI,short,mr_williams_confirm,task,32,32,86,163.5,264,0.312,0.062,-0.4352718905066356,
real,1D,ADI,short,mr_zscore,proposed,16,16,50,150.0,220,0.812,0.5,-0.00631895583389536,
real,1D,ADI,short,mr_zscore,task,16,8,0,35.5,140,0.5,0.375,-inf,
real,1D,EEM,short,mr_candle_score,proposed,32,32,38,165.0,331,0.969,0.719,0.27980646554994293,
real,1D,EEM,short,mr_candle_score,task,32,28,6,99.0,296,0.844,0.75,0.31155936296643283,
real,1D,EEM,short,mr_connors_rsi,proposed,16,5,0,9.0,76,0.312,0.312,-inf,
real,1D,EEM,short,mr_connors_rsi,task,16,0,0,0.0,11,0.0,0.0,-inf,all_below_min_trades
real,1D,EEM,short,mr_daily_drop,task,8,6,22,114.0,352,0.75,0.375,-0.15356997307206816,
real,1D,EEM,short,mr_down_closes,task,4,4,66,196.5,423,0.75,0.75,0.32003313510087394,
real,1D,EEM,short,mr_ema_slope_drop,proposed,16,11,7,85.5,296,0.688,0.688,0.4209178112991078,
real,1D,EEM,short,mr_ema_slope_drop,task,16,8,0,48.5,296,0.5,0.5,-inf,
real,1D,EEM,short,mr_ibs,proposed,12,11,18,140.5,429,0.75,0.583,0.13418381303980975,
real,1D,EEM,short,mr_ibs,task,12,11,11,140.5,429,0.667,0.583,0.08986872260020996,
real,1D,EEM,short,mr_ibs_after_new_high,proposed,16,16,37,74.0,145,0.0,0.0,-0.5245245691685564,no_cell_profitable
real,1D,EEM,short,mr_ibs_after_new_high,task,16,11,13,45.0,101,0.0,0.0,-0.5470833009495089,no_cell_profitable
real,1D,EEM,short,mr_keltner_lower,proposed,16,16,33,199.0,314,0.562,0.312,-0.13632879454866062,
real,1D,EEM,short,mr_keltner_lower,task,16,15,6,143.0,260,0.625,0.438,-0.008522306054212106,
real,1D,EEM,short,mr_lower_lows,proposed,4,4,68,200.5,428,0.75,0.75,0.5162095511788154,
real,1D,EEM,short,mr_lower_lows,task,4,4,30,109.0,251,1.0,1.0,0.5162095511788154,all_cells_profitable
real,1D,EEM,short,mr_ma_distance,task,32,28,8,222.0,350,0.531,0.406,-0.15337740614642323,
real,1D,EEM,short,mr_macd_hist_falling,task,4,4,75,107.0,143,1.0,1.0,0.3218380391629391,all_cells_profitable
real,1D,EEM,short,mr_macd_hist_trough,task,4,4,169,226.5,298,0.25,0.0,-0.3302012467878772,no_cell_profitable
real,1D,EEM,short,mr_macd_hist_turn,task,4,4,71,135.0,246,0.0,0.0,-0.4354681338350387,no_cell_profitable
real,1D,EEM,short,mr_n_day_low,proposed,8,8,102,171.5,270,1.0,1.0,0.6711193021188018,all_cells_profitable
real,1D,EEM,short,mr_n_day_low,task,8,8,132,193.5,270,1.0,1.0,0.7003085260996676,all_cells_profitable
real,1D,EEM,short,mr_rsi,proposed,16,13,5,152.0,299,0.812,0.812,0.3211859535574415,
real,1D,EEM,short,mr_rsi,task,16,12,0,130.5,299,0.75,0.75,0.25939650734118935,
real,1D,EEM,short,mr_rsi_sum,proposed,32,29,11,108.5,228,0.812,0.688,0.13073417392567346,
real,1D,EEM,short,mr_rsi_sum,task,32,17,0,31.0,161,0.531,0.5,0.00046549967522590413,
real,1D,EEM,short,mr_stochastic_k,proposed,16,16,74,185.0,305,0.875,0.312,-0.07413551114131041,
real,1D,EEM,short,mr_stochastic_k,task,16,15,24,161.5,305,0.812,0.438,-0.05164638920908643,
real,1D,EEM,short,mr_williams_confirm,task,32,32,104,189.0,291,0.688,0.438,-0.14149370597966168,
real,1D,EEM,short,mr_zscore,proposed,16,16,49,147.0,222,0.938,0.688,0.04171121426066862,
real,1D,EEM,short,mr_zscore,task,16,8,0,32.5,132,0.5,0.438,-inf,
real,1D,ETN,long,mr_candle_score,proposed,32,29,16,96.5,273,0.906,0.812,0.3176102461422378,
real,1D,ETN,long,mr_candle_score,task,32,22,2,55.5,250,0.688,0.625,0.17269493082506238,
real,1D,ETN,long,mr_connors_rsi,proposed,16,16,42,145.0,274,1.0,1.0,0.45152905272318966,all_cells_profitable
real,1D,ETN,long,mr_connors_rsi,task,16,10,4,44.0,164,0.625,0.562,0.1764786362767392,
real,1D,ETN,long,mr_daily_drop,task,8,8,47,133.5,334,1.0,1.0,0.2686560043316415,all_cells_profitable
real,1D,ETN,long,mr_down_closes,task,4,4,41,157.5,414,1.0,1.0,0.35653354223112166,all_cells_profitable
real,1D,ETN,long,mr_ema_slope_drop,proposed,16,15,22,106.5,257,0.938,0.938,0.22271289401021052,
real,1D,ETN,long,mr_ema_slope_drop,task,16,11,4,74.0,257,0.688,0.688,0.22271289401021052,
real,1D,ETN,long,mr_ibs,proposed,12,10,5,83.0,361,0.833,0.833,0.29649868596023427,
real,1D,ETN,long,mr_ibs,task,12,9,3,83.0,361,0.75,0.667,0.29649868596023427,
real,1D,ETN,long,mr_ibs_after_new_high,proposed,16,16,31,74.5,136,1.0,0.812,0.1743115437491638,
real,1D,ETN,long,mr_ibs_after_new_high,task,16,13,19,44.5,100,0.812,0.75,0.23932181023514237,
real,1D,ETN,long,mr_keltner_lower,proposed,16,15,8,95.0,183,0.938,0.938,0.2410140974409275,
real,1D,ETN,long,mr_keltner_lower,task,16,12,2,62.0,140,0.75,0.75,0.20346287493482165,
real,1D,ETN,long,mr_lower_lows,proposed,4,4,47,164.0,394,1.0,1.0,0.26673503995963677,all_cells_profitable
real,1D,ETN,long,mr_lower_lows,task,4,3,20,80.0,215,0.75,0.75,0.17176563579553364,
real,1D,ETN,long,mr_ma_distance,task,32,30,7,143.0,223,0.938,0.938,0.3087725451721848,
real,1D,ETN,long,mr_macd_hist_falling,task,4,4,62,87.0,130,1.0,0.5,-0.020024201063212926,
real,1D,ETN,long,mr_macd_hist_trough,task,4,4,185,240.0,303,1.0,1.0,0.4254257213480263,all_cells_profitable
real,1D,ETN,long,mr_macd_hist_turn,task,4,4,62,119.5,225,1.0,0.5,0.006666348744539374,
real,1D,ETN,long,mr_n_day_low,proposed,8,8,54,114.5,241,1.0,1.0,0.5537389274910068,all_cells_profitable
real,1D,ETN,long,mr_n_day_low,task,8,8,77,131.0,241,1.0,1.0,0.49703318495433757,all_cells_profitable
real,1D,ETN,long,mr_rsi,proposed,16,13,7,96.5,263,0.812,0.812,0.41193877803997003,
real,1D,ETN,long,mr_rsi,task,16,12,0,94.0,263,0.75,0.75,0.37462879585119246,
real,1D,ETN,long,mr_rsi_sum,proposed,32,26,10,65.5,177,0.781,0.719,0.24130293936803088,
real,1D,ETN,long,mr_rsi_sum,task,32,12,0,21.5,129,0.344,0.25,-inf,
real,1D,ETN,long,mr_stochastic_k,proposed,16,13,21,78.0,172,0.812,0.75,0.17374713254789792,
real,1D,ETN,long,mr_stochastic_k,task,16,9,4,58.5,172,0.562,0.5,-0.06851560221694365,
real,1D,ETN,long,mr_williams_confirm,task,32,32,43,100.5,201,0.969,0.625,0.08412864883786526,
real,1D,ETN,long,mr_zscore,proposed,16,16,38,104.0,154,1.0,0.875,0.18882397209360285,
real,1D,ETN,long,mr_zscore,task,16,8,0,28.5,106,0.5,0.375,-inf,
real,1D,GNRC,short,mr_candle_score,proposed,32,31,25,146.5,316,0.812,0.625,0.1073888200893665,
real,1D,GNRC,short,mr_candle_score,task,32,27,3,79.0,280,0.688,0.562,0.0873808725693562,
real,1D,GNRC,short,mr_connors_rsi,proposed,16,4,0,8.0,76,0.25,0.188,-inf,
real,1D,GNRC,short,mr_connors_rsi,task,16,0,0,0.0,8,0.0,0.0,-inf,all_below_min_trades
real,1D,GNRC,short,mr_daily_drop,task,8,8,103,194.0,358,0.0,0.0,-0.4869664636809599,no_cell_profitable
real,1D,GNRC,short,mr_down_closes,task,4,4,70,193.5,392,0.75,0.5,-0.0002533163897272678,
real,1D,GNRC,short,mr_ema_slope_drop,proposed,16,16,84,203.5,320,0.375,0.0,-0.28037196430763833,no_cell_profitable
real,1D,GNRC,short,mr_ema_slope_drop,task,16,15,8,167.5,320,0.312,0.188,-0.3246190422668314,
real,1D,GNRC,short,mr_ibs,proposed,12,10,9,106.0,366,0.417,0.417,-0.3177416433359809,
real,1D,GNRC,short,mr_ibs,task,12,9,3,106.0,366,0.333,0.333,-0.49803130047616523,
real,1D,GNRC,short,mr_ibs_after_new_high,proposed,16,14,24,54.5,108,0.25,0.062,-0.30728634193885335,
real,1D,GNRC,short,mr_ibs_after_new_high,task,16,9,12,31.0,71,0.125,0.062,-0.37244940468165944,
real,1D,GNRC,short,mr_keltner_lower,proposed,16,15,18,200.5,332,0.125,0.125,-0.5288165613811778,
real,1D,GNRC,short,mr_keltner_lower,task,16,14,5,137.5,276,0.188,0.125,-0.4128856918792058,
real,1D,GNRC,short,mr_lower_lows,proposed,4,4,80,205.5,392,0.5,0.25,-0.2016718207116498,
real,1D,GNRC,short,mr_lower_lows,task,4,4,51,116.0,259,0.75,0.25,-0.0473198965304756,
real,1D,GNRC,short,mr_ma_distance,task,32,31,8,267.5,378,0.156,0.094,-0.4874514575018763,
real,1D,GNRC,short,mr_macd_hist_falling,task,4,4,68,98.0,135,0.75,0.25,-0.09100990335424072,
real,1D,GNRC,short,mr_macd_hist_trough,task,4,4,160,218.0,287,0.25,0.0,-0.29058396981980394,no_cell_profitable
real,1D,GNRC,short,mr_macd_hist_turn,task,4,4,65,129.5,236,0.0,0.0,-0.7041837929898154,no_cell_profitable
real,1D,GNRC,short,mr_n_day_low,proposed,8,8,94,161.0,282,0.75,0.375,-0.10976453292080209,
real,1D,GNRC,short,mr_n_day_low,task,8,8,118,181.0,282,0.75,0.375,-0.10976453292080209,
real,1D,GNRC,short,mr_rsi,proposed,16,15,18,168.5,298,0.688,0.375,-0.16472427802155712,
real,1D,GNRC,short,mr_rsi,task,16,13,0,145.0,298,0.625,0.312,-0.1996959844431178,
real,1D,GNRC,short,mr_rsi_sum,proposed,32,30,23,114.0,237,0.75,0.562,0.043352976365128484,
real,1D,GNRC,short,mr_rsi_sum,task,32,19,2,47.5,171,0.594,0.562,0.1182121445376883,
real,1D,GNRC,short,mr_stochastic_k,proposed,16,16,47,143.0,271,0.562,0.375,-0.18437797440755765,
real,1D,GNRC,short,mr_stochastic_k,task,16,13,13,116.0,271,0.5,0.375,-0.2689749893531884,
real,1D,GNRC,short,mr_williams_confirm,task,32,32,80,154.5,257,0.156,0.062,-0.47511550163800953,
real,1D,GNRC,short,mr_zscore,proposed,16,16,68,162.5,242,0.25,0.188,-0.392709670775755,
real,1D,GNRC,short,mr_zscore,task,16,9,0,50.5,147,0.25,0.188,-0.5083922775478329,
real,1D,K,short,mr_candle_score,proposed,32,31,28,132.5,276,0.969,0.469,-0.009892961788523709,
real,1D,K,short,mr_candle_score,task,32,27,5,78.5,248,0.812,0.375,-0.09144611457324131,
real,1D,K,short,mr_connors_rsi,proposed,16,4,0,8.5,66,0.25,0.25,-inf,
real,1D,K,short,mr_connors_rsi,task,16,0,0,0.0,8,0.0,0.0,-inf,all_below_min_trades
real,1D,K,short,mr_daily_drop,task,8,6,21,95.5,288,0.25,0.125,-0.413689643895367,
real,1D,K,short,mr_down_closes,task,4,4,61,174.5,364,1.0,0.25,-0.13845328697857973,
real,1D,K,short,mr_ema_slope_drop,proposed,16,13,7,77.0,244,0.75,0.438,-0.05490702796161778,
real,1D,K,short,mr_ema_slope_drop,task,16,10,0,51.5,244,0.562,0.375,-0.26752044527383406,
real,1D,K,short,mr_ibs,proposed,12,10,3,96.5,339,0.5,0.417,-0.38007328603568447,
real,1D,K,short,mr_ibs,task,12,9,2,96.5,339,0.417,0.333,-0.4790280703980614,
real,1D,K,short,mr_ibs_after_new_high,proposed,16,13,16,45.0,104,0.25,0.0,-0.3330036980747514,no_cell_profitable
real,1D,K,short,mr_ibs_after_new_high,task,16,6,10,24.0,64,0.125,0.0,-inf,no_cell_profitable
real,1D,K,short,mr_keltner_lower,proposed,16,14,9,106.5,234,0.875,0.812,0.36445968906846354,
real,1D,K,short,mr_keltner_lower,task,16,11,0,62.5,177,0.688,0.688,0.40458920533521425,
real,1D,K,short,mr_lower_lows,proposed,4,4,71,170.0,357,1.0,0.5,0.10744137185309222,
real,1D,K,short,mr_lower_lows,task,4,4,37,94.5,222,1.0,0.75,0.439627741112609,
real,1D,K,short,mr_ma_distance,task,32,28,5,152.5,257,0.875,0.625,0.09063192703570461,
real,1D,K,short,mr_macd_hist_falling,task,4,4,66,89.5,124,1.0,0.75,0.20971467104823607,
real,1D,K,short,mr_macd_hist_trough,task,4,4,147,202.0,266,1.0,0.75,0.1729239132458661,
real,1D,K,short,mr_macd_hist_turn,task,4,4,52,105.5,198,0.25,0.0,-0.3346198067051805,no_cell_profitable
real,1D,K,short,mr_n_day_low,proposed,8,8,54,125.5,249,1.0,0.625,0.17732651235337726,
real,1D,K,short,mr_n_day_low,task,8,8,86,142.0,249,1.0,0.625,0.1502420691751284,
real,1D,K,short,mr_rsi,proposed,16,13,5,124.0,263,0.812,0.562,0.18191474568474447,
real,1D,K,short,mr_rsi,task,16,12,0,113.0,263,0.75,0.562,0.19324070063541632,
real,1D,K,short,mr_rsi_sum,proposed,32,28,11,87.0,190,0.875,0.812,0.3571028797978813,
real,1D,K,short,mr_rsi_sum,task,32,16,0,31.0,130,0.5,0.469,-inf,
real,1D,K,short,mr_stochastic_k,proposed,16,16,39,107.0,203,1.0,1.0,0.4811220512296537,all_cells_profitable
real,1D,K,short,mr_stochastic_k,task,16,12,7,85.0,203,0.75,0.75,0.3594656824170858,
real,1D,K,short,mr_williams_confirm,task,32,32,49,124.0,211,1.0,0.844,0.2308120313685236,
real,1D,K,short,mr_zscore,proposed,16,16,37,113.0,170,1.0,0.875,0.2611607107184819,
real,1D,K,short,mr_zscore,task,16,8,0,26.5,108,0.5,0.438,-inf,
real,1D,LEN,short,mr_candle_score,proposed,32,32,30,139.5,302,0.844,0.562,0.03204875570019659,
real,1D,LEN,short,mr_candle_score,task,32,27,3,86.5,283,0.688,0.469,-0.028608910412870052,
real,1D,LEN,short,mr_connors_rsi,proposed,16,2,0,6.0,60,0.125,0.125,-inf,
real,1D,LEN,short,mr_connors_rsi,task,16,0,0,0.0,6,0.0,0.0,-inf,all_below_min_trades
real,1D,LEN,short,mr_daily_drop,task,8,8,89,178.5,348,0.0,0.0,-0.27083283261035956,no_cell_profitable
real,1D,LEN,short,mr_down_closes,task,4,4,59,180.0,393,0.75,0.5,0.1393860620814248,
real,1D,LEN,short,mr_ema_slope_drop,proposed,16,16,57,174.5,301,0.5,0.312,-0.226648066032201,
real,1D,LEN,short,mr_ema_slope_drop,task,16,13,5,132.5,301,0.375,0.188,-0.2858285268715012,
real,1D,LEN,short,mr_ibs,proposed,12,10,10,105.5,347,0.333,0.167,-0.34737752447961756,
real,1D,LEN,short,mr_ibs,task,12,9,4,105.5,347,0.25,0.167,-0.3973079807502418,
real,1D,LEN,short,mr_ibs_after_new_high,proposed,16,12,15,46.5,114,0.0,0.0,-0.5326366026791389,no_cell_profitable
real,1D,LEN,short,mr_ibs_after_new_high,task,16,6,10,23.0,69,0.0,0.0,-inf,no_cell_profitable
real,1D,LEN,short,mr_keltner_lower,proposed,16,15,13,189.0,326,0.625,0.188,-0.2469489342739532,
real,1D,LEN,short,mr_keltner_lower,task,16,14,2,122.5,269,0.75,0.375,-0.11220659620166085,
real,1D,LEN,short,mr_lower_lows,proposed,4,4,76,203.0,384,0.25,0.25,-0.30663884162599847,
real,1D,LEN,short,mr_lower_lows,task,4,4,37,114.5,253,0.5,0.5,0.2615920386592877,
real,1D,LEN,short,mr_ma_distance,task,32,31,5,253.0,359,0.281,0.125,-0.38579219541960175,
real,1D,LEN,short,mr_macd_hist_falling,task,4,4,53,92.5,141,0.75,0.25,-0.03642950124058353,
real,1D,LEN,short,mr_macd_hist_trough,task,4,4,166,219.5,287,1.0,0.5,0.01902735952300983,
real,1D,LEN,short,mr_macd_hist_turn,task,4,4,60,130.5,238,0.0,0.0,-0.5687806902933903,no_cell_profitable
real,1D,LEN,short,mr_n_day_low,proposed,8,8,72,153.0,277,1.0,0.375,-0.03287609931775362,
real,1D,LEN,short,mr_n_day_low,task,8,8,110,172.5,277,1.0,0.25,-0.06462177866277286,
real,1D,LEN,short,mr_rsi,proposed,16,15,10,160.5,296,0.688,0.5,0.052362182822997795,
real,1D,LEN,short,mr_rsi,task,16,13,0,133.0,296,0.625,0.438,-0.09261651912661188,
real,1D,LEN,short,mr_rsi_sum,proposed,32,29,15,111.0,226,0.875,0.688,0.14990556104267125,
real,1D,LEN,short,mr_rsi_sum,task,32,16,0,31.0,153,0.5,0.5,-inf,
real,1D,LEN,short,mr_stochastic_k,proposed,16,16,49,136.0,272,0.875,0.625,0.3659013069401413,
real,1D,LEN,short,mr_stochastic_k,task,16,12,12,108.5,272,0.625,0.438,-0.0449630800843247,
real,1D,LEN,short,mr_williams_confirm,task,32,32,73,148.5,263,0.625,0.281,-0.11360508868006858,
real,1D,LEN,short,mr_zscore,proposed,16,16,55,160.0,242,0.75,0.188,-0.12992476339133097,
real,1D,LEN,short,mr_zscore,task,16,8,0,42.0,151,0.438,0.188,-inf,
real,1D,MSFT,long,mr_candle_score,proposed,32,27,11,83.0,274,0.781,0.719,0.3571021773866482,
real,1D,MSFT,long,mr_candle_score,task,32,19,1,39.0,255,0.531,0.5,-0.033831052544011336,
real,1D,MSFT,long,mr_connors_rsi,proposed,16,16,34,139.0,260,1.0,1.0,1.0580019380925942,all_cells_profitable
real,1D,MSFT,long,mr_connors_rsi,task,16,9,0,39.5,156,0.562,0.562,0.592262089199493,
real,1D,MSFT,long,mr_daily_drop,task,8,8,49,130.5,306,1.0,0.875,0.8014280803878152,
real,1D,MSFT,long,mr_down_closes,task,4,4,33,153.5,407,1.0,1.0,1.3123833655469308,all_cells_profitable
real,1D,MSFT,long,mr_ema_slope_drop,proposed,16,15,22,105.5,239,0.938,0.938,1.0208200218416164,
real,1D,MSFT,long,mr_ema_slope_drop,task,16,11,2,70.0,239,0.688,0.688,0.9777129858416375,
real,1D,MSFT,long,mr_ibs,proposed,12,8,6,69.5,356,0.667,0.667,1.2512701173825245,
real,1D,MSFT,long,mr_ibs,task,12,8,2,69.5,356,0.667,0.667,1.2512701173825245,
real,1D,MSFT,long,mr_ibs_after_new_high,proposed,16,16,30,68.0,124,1.0,1.0,1.0497410497400983,all_cells_profitable
real,1D,MSFT,long,mr_ibs_after_new_high,task,16,12,13,40.5,85,0.75,0.75,1.064824048095212,
real,1D,MSFT,long,mr_keltner_lower,proposed,16,14,5,63.5,150,0.875,0.875,1.139268283441385,
real,1D,MSFT,long,mr_keltner_lower,task,16,10,0,38.0,94,0.625,0.625,0.9343811984197892,
real,1D,MSFT,long,mr_lower_lows,proposed,4,4,45,169.0,388,1.0,1.0,1.1091206322753573,all_cells_profitable
real,1D,MSFT,long,mr_lower_lows,task,4,3,18,76.5,230,0.75,0.75,0.9987625986756976,
real,1D,MSFT,long,mr_ma_distance,task,32,29,3,121.0,203,0.906,0.906,1.186547658361287,
real,1D,MSFT,long,mr_macd_hist_falling,task,4,4,59,85.5,131,1.0,1.0,0.43598694242674485,all_cells_profitable
real,1D,MSFT,long,mr_macd_hist_trough,task,4,4,172,232.0,305,1.0,1.0,0.5357580079219524,all_cells_profitable
real,1D,MSFT,long,mr_macd_hist_turn,task,4,4,47,129.5,255,1.0,1.0,0.38798080674545565,all_cells_profitable
real,1D,MSFT,long,mr_n_day_low,proposed,8,8,36,105.0,233,1.0,1.0,1.1557951049391826,all_cells_profitable
real,1D,MSFT,long,mr_n_day_low,task,8,8,65,119.5,233,1.0,1.0,1.0535174489422663,all_cells_profitable
real,1D,MSFT,long,mr_rsi,proposed,16,12,1,82.0,253,0.75,0.75,1.0459993886326213,
real,1D,MSFT,long,mr_rsi,task,16,9,0,81.5,253,0.562,0.562,0.9363425314702007,
real,1D,MSFT,long,mr_rsi_sum,proposed,32,24,3,50.5,168,0.75,0.75,1.1087283601508107,
real,1D,MSFT,long,mr_rsi_sum,task,32,9,0,16.0,108,0.281,0.281,-inf,
real,1D,MSFT,long,mr_stochastic_k,proposed,16,13,14,59.5,144,0.812,0.812,0.819661535010902,
real,1D,MSFT,long,mr_stochastic_k,task,16,9,5,49.5,144,0.562,0.562,0.6311198999434006,
real,1D,MSFT,long,mr_williams_confirm,task,32,32,38,84.0,199,0.906,0.906,0.6927843830425754,
real,1D,MSFT,long,mr_zscore,proposed,16,14,22,73.0,145,0.875,0.875,1.3299465061372016,
real,1D,MSFT,long,mr_zscore,task,16,6,0,17.5,88,0.375,0.375,-inf,
real,1D,RTX,long,mr_candle_score,proposed,32,30,20,115.0,287,0.938,0.656,0.16011918407201223,
real,1D,RTX,long,mr_candle_score,task,32,24,1,64.0,258,0.75,0.562,0.07778218050777716,
real,1D,RTX,long,mr_connors_rsi,proposed,16,16,43,158.0,274,1.0,0.5,0.1255042230545394,
real,1D,RTX,long,mr_connors_rsi,task,16,10,1,47.5,175,0.625,0.562,0.5754100001163779,
real,1D,RTX,long,mr_daily_drop,task,8,8,42,117.0,302,0.375,0.0,-0.23517226065210647,no_cell_profitable
real,1D,RTX,long,mr_down_closes,task,4,4,51,163.5,397,1.0,0.5,0.30040871674749803,
real,1D,RTX,long,mr_ema_slope_drop,proposed,16,16,35,101.5,252,0.5,0.125,-0.2365055612514257,
real,1D,RTX,long,mr_ema_slope_drop,task,16,12,14,78.5,252,0.375,0.062,-0.2545154242406814,
real,1D,RTX,long,mr_ibs,proposed,12,10,7,90.0,367,0.583,0.5,0.19897319347393372,
real,1D,RTX,long,mr_ibs,task,12,9,3,90.0,367,0.5,0.417,-0.32673284352360715,
real,1D,RTX,long,mr_ibs_after_new_high,proposed,16,16,36,85.5,156,0.812,0.0,-0.13659958049038173,no_cell_profitable
real,1D,RTX,long,mr_ibs_after_new_high,task,16,13,15,50.5,114,0.625,0.25,-0.1901357733095546,
real,1D,RTX,long,mr_keltner_lower,proposed,16,15,12,116.0,212,0.562,0.375,-0.1488258422819539,
real,1D,RTX,long,mr_keltner_lower,task,16,13,4,76.5,166,0.438,0.375,-0.19599245967203732,
real,1D,RTX,long,mr_lower_lows,proposed,4,4,55,172.0,390,0.75,0.0,-0.1973486216198092,no_cell_profitable
real,1D,RTX,long,mr_lower_lows,task,4,3,23,88.5,222,0.5,0.0,-0.23569546887503595,no_cell_profitable
real,1D,RTX,long,mr_ma_distance,task,32,30,9,154.5,240,0.688,0.188,-0.1819861889392143,
real,1D,RTX,long,mr_macd_hist_falling,task,4,4,59,93.5,135,1.0,1.0,0.8773628680197307,all_cells_profitable
real,1D,RTX,long,mr_macd_hist_trough,task,4,4,186,237.5,305,1.0,0.75,0.15351197513523457,
real,1D,RTX,long,mr_macd_hist_turn,task,4,4,66,132.5,234,0.75,0.75,0.10389828715360404,
real,1D,RTX,long,mr_n_day_low,proposed,8,8,56,120.5,251,1.0,0.625,0.4238657319818848,
real,1D,RTX,long,mr_n_day_low,task,8,8,84,139.5,251,1.0,0.625,0.3675812406147737,
real,1D,RTX,long,mr_rsi,proposed,16,13,9,124.5,265,0.812,0.562,0.29700110661346313,
real,1D,RTX,long,mr_rsi,task,16,13,0,109.0,265,0.75,0.5,0.08600972755256645,
real,1D,RTX,long,mr_rsi_sum,proposed,32,28,10,82.0,187,0.844,0.812,0.31200486532644667,
real,1D,RTX,long,mr_rsi_sum,task,32,16,0,29.5,126,0.5,0.5,-inf,
real,1D,RTX,long,mr_stochastic_k,proposed,16,15,28,98.0,183,0.938,0.562,0.09810322239496566,
real,1D,RTX,long,mr_stochastic_k,task,16,11,10,78.0,183,0.688,0.438,-0.043372363134268545,
real,1D,RTX,long,mr_williams_confirm,task,32,32,41,118.5,214,0.938,0.625,0.03990758777474028,
real,1D,RTX,long,mr_zscore,proposed,16,16,43,117.0,165,0.938,0.812,0.22385318878384414,
real,1D,RTX,long,mr_zscore,task,16,8,0,35.0,116,0.5,0.438,-inf,
real,1D,SHW,long,mr_candle_score,proposed,32,30,18,96.0,279,0.906,0.75,0.2695107618144384,
real,1D,SHW,long,mr_candle_score,task,32,24,1,57.5,253,0.688,0.562,0.10961706066969351,
real,1D,SHW,long,mr_connors_rsi,proposed,16,16,36,154.0,271,1.0,1.0,0.7475154684086334,all_cells_profitable
real,1D,SHW,long,mr_connors_rsi,task,16,9,3,39.0,170,0.562,0.562,0.6108714781011885,
real,1D,SHW,long,mr_daily_drop,task,8,8,36,122.0,314,1.0,1.0,0.5773233974322076,all_cells_profitable
real,1D,SHW,long,mr_down_closes,task,4,4,41,149.5,396,1.0,1.0,0.4533149982761333,all_cells_profitable
real,1D,SHW,long,mr_ema_slope_drop,proposed,16,15,22,102.0,254,0.938,0.938,0.6570919909503524,
real,1D,SHW,long,mr_ema_slope_drop,task,16,11,3,73.0,254,0.688,0.688,0.42472540739316667,
real,1D,SHW,long,mr_ibs,proposed,12,10,8,86.5,357,0.833,0.833,0.9077817025583143,
real,1D,SHW,long,mr_ibs,task,12,9,3,86.5,357,0.75,0.75,0.9077817025583143,
real,1D,SHW,long,mr_ibs_after_new_high,proposed,16,16,32,70.5,126,1.0,0.875,0.22603104149868988,
real,1D,SHW,long,mr_ibs_after_new_high,task,16,12,12,43.0,91,0.75,0.562,0.055888167575952566,
real,1D,SHW,long,mr_keltner_lower,proposed,16,15,12,94.5,166,0.75,0.5,-0.01779109362296511,
real,1D,SHW,long,mr_keltner_lower,task,16,13,1,68.5,132,0.5,0.312,-0.1316824211367949,
real,1D,SHW,long,mr_lower_lows,proposed,4,4,49,166.0,385,1.0,0.75,0.45820131198683267,
real,1D,SHW,long,mr_lower_lows,task,4,3,24,78.0,225,0.75,0.5,0.28307860692134273,
real,1D,SHW,long,mr_ma_distance,task,32,30,5,139.0,207,0.875,0.625,0.18325571710842184,
real,1D,SHW,long,mr_macd_hist_falling,task,4,4,58,92.0,131,1.0,1.0,0.25938004786645863,all_cells_profitable
real,1D,SHW,long,mr_macd_hist_trough,task,4,4,178,232.5,303,1.0,1.0,0.4895239734333696,all_cells_profitable
real,1D,SHW,long,mr_macd_hist_turn,task,4,4,66,124.0,222,1.0,0.25,-0.20575575473176042,
real,1D,SHW,long,mr_n_day_low,proposed,8,8,50,115.5,250,0.875,0.75,0.42077859519521615,
real,1D,SHW,long,mr_n_day_low,task,8,8,75,134.0,250,1.0,1.0,0.6446077064938414,all_cells_profitable
real,1D,SHW,long,mr_rsi,proposed,16,13,9,98.5,267,0.688,0.562,0.20138973267609594,
real,1D,SHW,long,mr_rsi,task,16,12,0,96.0,267,0.688,0.5,0.07351234210213413,
real,1D,SHW,long,mr_rsi_sum,proposed,32,27,11,71.5,162,0.688,0.406,-0.09214590875869175,
real,1D,SHW,long,mr_rsi_sum,task,32,14,1,22.0,108,0.344,0.219,-inf,
real,1D,SHW,long,mr_stochastic_k,proposed,16,15,27,78.0,143,0.438,0.125,-0.31415930687602023,
real,1D,SHW,long,mr_stochastic_k,task,16,11,6,61.0,143,0.375,0.125,-0.36122469281833736,
real,1D,SHW,long,mr_williams_confirm,task,32,32,47,92.5,198,0.781,0.469,-0.043865586706919146,
real,1D,SHW,long,mr_zscore,proposed,16,16,40,102.5,150,0.875,0.312,-0.03244656800107124,
real,1D,SHW,long,mr_zscore,task,16,8,0,30.5,100,0.375,0.125,-inf,
real,1D,TJX,short,mr_candle_score,proposed,32,32,34,146.5,293,0.5,0.25,-0.2637215243035831,
real,1D,TJX,short,mr_candle_score,task,32,28,2,81.5,274,0.656,0.406,-0.1090775772638444,
real,1D,TJX,short,mr_connors_rsi,proposed,16,4,0,8.0,65,0.25,0.25,-inf,
real,1D,TJX,short,mr_connors_rsi,task,16,0,0,0.0,8,0.0,0.0,-inf,all_below_min_trades
real,1D,TJX,short,mr_daily_drop,task,8,8,44,134.0,335,0.0,0.0,-0.5096324105722853,no_cell_profitable
real,1D,TJX,short,mr_down_closes,task,4,4,55,181.0,397,0.5,0.5,-0.154490139941356,
real,1D,TJX,short,mr_ema_slope_drop,proposed,16,15,25,123.5,298,0.375,0.188,-0.3475339898765827,
real,1D,TJX,short,mr_ema_slope_drop,task,16,12,0,90.5,298,0.312,0.188,-0.38737471908576726,
real,1D,TJX,short,mr_ibs,proposed,12,10,8,107.5,350,0.25,0.083,-0.40784008721203424,
real,1D,TJX,short,mr_ibs,task,12,9,1,107.5,350,0.333,0.083,-0.41377289890669655,
real,1D,TJX,short,mr_ibs_after_new_high,proposed,16,14,19,55.0,108,0.0,0.0,-0.45849171034104225,no_cell_profitable
real,1D,TJX,short,mr_ibs_after_new_high,task,16,8,9,28.0,76,0.0,0.0,-inf,no_cell_profitable
real,1D,TJX,short,mr_keltner_lower,proposed,16,15,8,176.5,331,0.75,0.375,-0.14417968232869055,
real,1D,TJX,short,mr_keltner_lower,task,16,13,0,105.5,254,0.75,0.5,-0.01628662078449375,
real,1D,TJX,short,mr_lower_lows,proposed,4,4,75,188.0,394,0.75,0.25,-0.22207556939053025,
real,1D,TJX,short,mr_lower_lows,task,4,4,34,107.0,237,1.0,0.5,0.024466844232222715,
real,1D,TJX,short,mr_ma_distance,task,32,30,2,228.0,368,0.5,0.219,-0.2816549488988828,
real,1D,TJX,short,mr_macd_hist_falling,task,4,4,67,91.0,138,1.0,1.0,0.15377419711285667,all_cells_profitable
real,1D,TJX,short,mr_macd_hist_trough,task,4,4,161,216.5,284,0.25,0.0,-0.3542745382966715,no_cell_profitable
real,1D,TJX,short,mr_macd_hist_turn,task,4,4,55,120.5,227,0.0,0.0,-0.6911761001560885,no_cell_profitable
real,1D,TJX,short,mr_n_day_low,proposed,8,8,83,164.5,274,0.75,0.25,-0.16397062142393592,
real,1D,TJX,short,mr_n_day_low,task,8,8,112,180.0,274,0.75,0.25,-0.15910978713621743,
real,1D,TJX,short,mr_rsi,proposed,16,13,5,161.5,305,0.5,0.312,-0.292822674083655,
real,1D,TJX,short,mr_rsi,task,16,13,0,138.5,305,0.5,0.438,-0.2195608910387346,
real,1D,TJX,short,mr_rsi_sum,proposed,32,30,14,107.5,225,0.938,0.906,0.34098265729814925,
real,1D,TJX,short,mr_rsi_sum,task,32,18,0,35.5,169,0.562,0.562,0.2364231455564869,
real,1D,TJX,short,mr_stochastic_k,proposed,16,16,45,142.0,281,0.938,0.375,-0.0839486409607812,
real,1D,TJX,short,mr_stochastic_k,task,16,12,10,109.5,281,0.688,0.188,-0.16200943274827997,
real,1D,TJX,short,mr_williams_confirm,task,32,32,65,156.0,257,0.719,0.344,-0.13705964410540147,
real,1D,TJX,short,mr_zscore,proposed,16,16,59,162.0,231,1.0,0.25,-0.14370084614875572,
real,1D,TJX,short,mr_zscore,task,16,8,0,41.0,149,0.5,0.25,-inf,
real,1D,TMUS,long,mr_candle_score,proposed,32,31,21,109.0,276,0.969,0.906,0.36632096999520414,
real,1D,TMUS,long,mr_candle_score,task,32,24,4,60.5,262,0.719,0.688,0.33584216775118314,
real,1D,TMUS,long,mr_connors_rsi,proposed,16,16,42,161.5,267,1.0,1.0,0.5320857350673951,all_cells_profitable
real,1D,TMUS,long,mr_connors_rsi,task,16,10,3,46.0,175,0.625,0.625,0.5320857350673951,
real,1D,TMUS,long,mr_daily_drop,task,8,8,52,137.0,328,1.0,1.0,0.35838508261687035,all_cells_profitable
real,1D,TMUS,long,mr_down_closes,task,4,4,55,160.0,390,1.0,1.0,0.23686152245843167,all_cells_profitable
real,1D,TMUS,long,mr_ema_slope_drop,proposed,16,15,18,102.0,259,0.938,0.938,0.48659374382166865,
real,1D,TMUS,long,mr_ema_slope_drop,task,16,11,0,71.0,259,0.688,0.688,0.43305655523280584,
real,1D,TMUS,long,mr_ibs,proposed,12,9,3,91.0,349,0.75,0.75,0.37651572393052435,
real,1D,TMUS,long,mr_ibs,task,12,8,2,91.0,349,0.667,0.667,0.27671709388218935,
real,1D,TMUS,long,mr_ibs_after_new_high,proposed,16,15,23,63.0,132,0.625,0.0,-0.2247807945926445,no_cell_profitable
real,1D,TMUS,long,mr_ibs_after_new_high,task,16,10,12,34.5,91,0.375,0.0,-0.35642276518148874,no_cell_profitable
real,1D,TMUS,long,mr_keltner_lower,proposed,16,15,5,82.0,175,0.938,0.938,0.48737231642658657,
real,1D,TMUS,long,mr_keltner_lower,task,16,12,0,52.5,126,0.75,0.75,0.3431678637573277,
real,1D,TMUS,long,mr_lower_lows,proposed,4,4,46,159.0,394,1.0,1.0,0.3541358892911141,all_cells_profitable
real,1D,TMUS,long,mr_lower_lows,task,4,3,24,75.0,214,0.75,0.75,0.08510778865624025,
real,1D,TMUS,long,mr_ma_distance,task,32,29,1,133.5,230,0.906,0.906,0.4143790126520202,
real,1D,TMUS,long,mr_macd_hist_falling,task,4,4,65,101.5,139,1.0,1.0,0.563380066535069,all_cells_profitable
real,1D,TMUS,long,mr_macd_hist_trough,task,4,4,179,230.5,294,1.0,0.25,-0.08112115809587567,
real,1D,TMUS,long,mr_macd_hist_turn,task,4,4,66,133.0,242,1.0,0.25,-0.052784918540822415,
real,1D,TMUS,long,mr_n_day_low,proposed,8,8,51,118.0,244,1.0,1.0,0.37657322725343456,all_cells_profitable
real,1D,TMUS,long,mr_n_day_low,task,8,8,76,136.5,244,1.0,1.0,0.37475017255956883,all_cells_profitable
real,1D,TMUS,long,mr_rsi,proposed,16,13,5,92.0,261,0.812,0.812,0.2831131787353015,
real,1D,TMUS,long,mr_rsi,task,16,12,0,87.5,261,0.75,0.75,0.24353917350757154,
real,1D,TMUS,long,mr_rsi_sum,proposed,32,26,5,65.5,176,0.812,0.75,0.24750751172343372,
real,1D,TMUS,long,mr_rsi_sum,task,32,13,0,20.0,116,0.406,0.406,-inf,
real,1D,TMUS,long,mr_stochastic_k,proposed,16,15,27,80.0,174,0.938,0.938,0.5974167184025464,
real,1D,TMUS,long,mr_stochastic_k,task,16,11,5,64.5,174,0.688,0.688,0.3246026942108864,
real,1D,TMUS,long,mr_williams_confirm,task,32,32,40,100.5,207,1.0,1.0,0.3710289857403743,all_cells_profitable
real,1D,TMUS,long,mr_zscore,proposed,16,16,38,101.5,168,1.0,1.0,0.4801832921406832,all_cells_profitable
real,1D,TMUS,long,mr_zscore,task,16,8,0,33.5,108,0.5,0.5,-inf,
real,1D,TXN,long,mr_candle_score,proposed,32,28,10,91.5,284,0.875,0.844,0.8198371579943292,
real,1D,TXN,long,mr_candle_score,task,32,20,1,43.0,258,0.625,0.625,0.32476359973534863,
real,1D,TXN,long,mr_connors_rsi,proposed,16,16,34,151.0,282,1.0,1.0,0.7656033930039562,all_cells_profitable
real,1D,TXN,long,mr_connors_rsi,task,16,9,0,36.0,169,0.562,0.562,0.2893910584514893,
real,1D,TXN,long,mr_daily_drop,task,8,8,63,154.5,337,1.0,1.0,1.0854402835550991,all_cells_profitable
real,1D,TXN,long,mr_down_closes,task,4,4,33,147.5,400,1.0,1.0,0.6033091941448016,all_cells_profitable
real,1D,TXN,long,mr_ema_slope_drop,proposed,16,15,21,121.5,266,0.938,0.938,1.1222178736633277,
real,1D,TXN,long,mr_ema_slope_drop,task,16,12,2,83.5,266,0.75,0.75,0.9982894797351463,
real,1D,TXN,long,mr_ibs,proposed,12,9,4,82.5,374,0.667,0.667,0.41108997255870183,
real,1D,TXN,long,mr_ibs,task,12,8,1,82.5,374,0.667,0.667,0.41108997255870183,
real,1D,TXN,long,mr_ibs_after_new_high,proposed,16,16,30,79.0,159,0.812,0.438,-0.03574407711322024,
real,1D,TXN,long,mr_ibs_after_new_high,task,16,12,10,42.5,104,0.562,0.375,-0.1319471272362769,
real,1D,TXN,long,mr_keltner_lower,proposed,16,13,6,81.5,173,0.812,0.812,0.736778471817538,
real,1D,TXN,long,mr_keltner_lower,task,16,10,0,42.5,115,0.625,0.625,0.652879716281718,
real,1D,TXN,long,mr_lower_lows,proposed,4,4,35,166.0,382,1.0,1.0,0.7878388709560942,all_cells_profitable
real,1D,TXN,long,mr_lower_lows,task,4,3,15,69.5,228,0.75,0.75,0.7878388709560942,
real,1D,TXN,long,mr_ma_distance,task,32,30,5,138.0,234,0.938,0.938,0.8773425860113786,
real,1D,TXN,long,mr_macd_hist_falling,task,4,4,59,91.0,126,1.0,1.0,0.23881242374343753,all_cells_profitable
real,1D,TXN,long,mr_macd_hist_trough,task,4,4,188,239.5,316,1.0,1.0,0.7961200907352445,all_cells_profitable
real,1D,TXN,long,mr_macd_hist_turn,task,4,4,56,122.0,222,1.0,1.0,0.3139908198948542,all_cells_profitable
real,1D,TXN,long,mr_n_day_low,proposed,8,8,46,117.5,250,1.0,1.0,0.8121595947184312,all_cells_profitable
real,1D,TXN,long,mr_n_day_low,task,8,8,71,132.5,250,1.0,1.0,1.0805512373578998,all_cells_profitable
real,1D,TXN,long,mr_rsi,proposed,16,12,3,92.0,264,0.75,0.75,0.9188093642778904,
real,1D,TXN,long,mr_rsi,task,16,10,0,92.0,264,0.625,0.625,0.7511062073579429,
real,1D,TXN,long,mr_rsi_sum,proposed,32,23,3,54.5,170,0.719,0.719,0.6973663682842995,
real,1D,TXN,long,mr_rsi_sum,task,32,9,0,12.0,107,0.281,0.281,-inf,
real,1D,TXN,long,mr_stochastic_k,proposed,16,13,20,72.5,169,0.812,0.812,0.6331895349124219,
real,1D,TXN,long,mr_stochastic_k,task,16,9,4,57.5,169,0.562,0.562,0.3585833459317771,
real,1D,TXN,long,mr_williams_confirm,task,32,32,44,108.5,214,0.969,0.688,0.6371540859131432,
real,1D,TXN,long,mr_zscore,proposed,16,16,32,94.5,162,1.0,1.0,0.726946370102539,all_cells_profitable
real,1D,TXN,long,mr_zscore,task,16,8,0,24.5,98,0.5,0.5,-inf,
real,1D,TXN,short,mr_candle_score,proposed,32,32,37,154.5,313,0.844,0.25,-0.1528372915623692,
real,1D,TXN,short,mr_candle_score,task,32,28,9,88.0,283,0.719,0.344,-0.11349584104182983,
real,1D,TXN,short,mr_connors_rsi,proposed,16,5,0,13.5,83,0.188,0.0,-inf,no_cell_profitable
real,1D,TXN,short,mr_connors_rsi,task,16,0,0,0.0,12,0.0,0.0,-inf,all_below_min_trades
real,1D,TXN,short,mr_daily_drop,task,8,8,49,165.0,357,1.0,0.5,0.05300039693686158,
real,1D,TXN,short,mr_down_closes,task,4,4,68,183.0,408,1.0,0.5,0.1601716271073535,
real,1D,TXN,short,mr_ema_slope_drop,proposed,16,15,17,142.0,318,0.938,0.625,0.4775330250548733,
real,1D,TXN,short,mr_ema_slope_drop,task,16,11,0,98.0,318,0.688,0.438,-0.08033230137965049,
real,1D,TXN,short,mr_ibs,proposed,12,10,10,123.5,380,0.833,0.333,-0.17607665081162452,
real,1D,TXN,short,mr_ibs,task,12,10,6,123.5,380,0.833,0.333,-0.1610093235994137,
real,1D,TXN,short,mr_ibs_after_new_high,proposed,16,14,21,59.5,136,0.375,0.0,-0.27216030696155036,no_cell_profitable
real,1D,TXN,short,mr_ibs_after_new_high,task,16,8,6,28.5,87,0.312,0.062,-inf,
real,1D,TXN,short,mr_keltner_lower,proposed,16,15,14,184.5,328,0.938,0.188,-0.0938267520380114,
real,1D,TXN,short,mr_keltner_lower,task,16,13,4,114.0,269,0.812,0.25,-0.0938267520380114,
real,1D,TXN,short,mr_lower_lows,proposed,4,4,91,222.0,393,0.75,0.5,-0.0206962853667165,
real,1D,TXN,short,mr_lower_lows,task,4,4,49,131.5,272,1.0,0.75,0.2899734005101853,
real,1D,TXN,short,mr_ma_distance,task,32,30,5,241.5,378,0.844,0.281,-0.13883395269891846,
real,1D,TXN,short,mr_macd_hist_falling,task,4,4,65,97.5,146,1.0,1.0,0.40942144714592177,all_cells_profitable
real,1D,TXN,short,mr_macd_hist_trough,task,4,4,167,211.0,281,1.0,0.25,-0.15522923018242202,
real,1D,TXN,short,mr_macd_hist_turn,task,4,4,54,112.0,229,0.0,0.0,-0.6160587166350442,no_cell_profitable
real,1D,TXN,short,mr_n_day_low,proposed,8,8,95,171.0,280,1.0,0.375,-0.01159771398796127,
real,1D,TXN,short,mr_n_day_low,task,8,8,125,189.0,280,1.0,0.5,0.05212337929051524,
real,1D,TXN,short,mr_rsi,proposed,16,15,13,155.5,304,0.938,0.688,0.06959119083472251,
real,1D,TXN,short,mr_rsi,task,16,13,0,138.0,304,0.812,0.5,-0.0070494226913680865,
real,1D,TXN,short,mr_rsi_sum,proposed,32,29,15,109.5,222,0.875,0.812,0.23437324658612163,
real,1D,TXN,short,mr_rsi_sum,task,32,18,0,40.0,162,0.531,0.531,0.06252689693671791,
real,1D,TXN,short,mr_stochastic_k,proposed,16,16,64,149.0,275,0.812,0.438,-0.002550885323915377,
real,1D,TXN,short,mr_stochastic_k,task,16,15,16,125.5,275,0.75,0.438,-0.002550885323915377,
real,1D,TXN,short,mr_williams_confirm,task,32,32,91,172.5,272,0.844,0.531,0.04863244833421228,
real,1D,TXN,short,mr_zscore,proposed,16,16,63,162.5,223,1.0,0.438,-0.06699569232946342,
real,1D,TXN,short,mr_zscore,task,16,8,0,44.0,147,0.5,0.438,-inf,
real,1H,ARKK,long,tf_adx_di,proposed,16,16,127,570.5,944,1.0,1.0,0.8083910146391986,all_cells_profitable
real,1H,ARKK,long,tf_adx_di,task,16,10,4,142.0,714,0.625,0.625,0.712155415883787,
real,1H,ARKK,long,tf_aroon_cross,proposed,4,4,126,334.0,585,1.0,1.0,0.44874111836236846,all_cells_profitable
real,1H,ARKK,long,tf_aroon_cross,task,4,3,64,189.0,416,0.75,0.75,0.4152433173760034,
real,1H,ARKK,long,tf_atr_band,task,64,64,209,1112.5,6851,1.0,0.75,0.737646537961052,
real,1H,ARKK,long,tf_base_candle,task,4,4,594,713.5,796,1.0,1.0,1.1313188762988702,all_cells_profitable
real,1H,ARKK,long,tf_bb_upper_cross,proposed,16,13,83,197.5,516,0.812,0.812,0.5638896959840426,
real,1H,ARKK,long,tf_bb_upper_cross,task,16,9,0,126.5,386,0.562,0.562,0.20576706128699812,
real,1H,ARKK,long,tf_donchian_breakout,task,4,4,107,173.5,310,1.0,1.0,0.33338450586046875,all_cells_profitable
real,1H,ARKK,long,tf_hma_turn,task,4,4,338,657.0,1335,1.0,1.0,1.226345960677366,all_cells_profitable
real,1H,ARKK,long,tf_ichimoku_cloud,task,64,64,203,217.0,234,1.0,1.0,0.44139115541351137,all_cells_profitable
real,1H,ARKK,long,tf_kama_cross,task,4,4,548,789.0,1119,1.0,1.0,0.9196744387888174,all_cells_profitable
real,1H,ARKK,long,tf_keltner_breakout,proposed,16,16,126,216.5,368,1.0,1.0,0.772485585194992,all_cells_profitable
real,1H,ARKK,long,tf_keltner_breakout,task,16,15,56,187.5,287,0.938,0.938,0.5744043553278988,
real,1H,ARKK,long,tf_ma_slope,task,4,4,166,273.5,568,0.75,0.75,0.4547824487454428,
real,1H,ARKK,long,tf_momentum_cross,task,4,4,324,472.5,828,1.0,1.0,0.7057750369182678,all_cells_profitable
real,1H,ARKK,long,tf_psar_flip,task,16,16,353,568.0,872,1.0,1.0,0.8864764808225065,all_cells_profitable
real,1H,ARKK,long,tf_sma_cross,proposed,16,14,88,147.0,303,0.875,0.875,0.4798997537501687,
real,1H,ARKK,long,tf_sma_cross,task,16,5,42,74.5,144,0.312,0.312,-inf,
real,1H,ARKK,long,tf_supertrend_flip,task,16,16,183,258.5,387,1.0,1.0,0.8126027115554842,all_cells_profitable
real,1H,BAC,long,tf_adx_di,proposed,16,16,148,640.0,1084,1.0,0.375,-0.19223195766773726,
real,1H,BAC,long,tf_adx_di,task,16,10,4,161.5,827,0.625,0.375,-0.23054049529217932,
real,1H,BAC,long,tf_aroon_cross,proposed,4,4,136,370.5,677,1.0,0.75,0.4253328054097165,
real,1H,BAC,long,tf_aroon_cross,task,4,3,70,209.5,458,0.75,0.75,0.4253328054097165,
real,1H,BAC,long,tf_atr_band,task,64,64,190,1021.5,7401,1.0,0.375,-0.37538356441901954,
real,1H,BAC,long,tf_base_candle,task,4,4,640,795.5,917,1.0,0.0,-0.2836544832193465,no_cell_profitable
real,1H,BAC,long,tf_bb_upper_cross,proposed,16,16,105,207.0,602,1.0,0.938,0.5605173755673272,
real,1H,BAC,long,tf_bb_upper_cross,task,16,12,0,143.0,440,0.75,0.75,0.5074571990314619,
real,1H,BAC,long,tf_donchian_breakout,task,4,4,112,178.0,330,1.0,1.0,0.3268762258413911,all_cells_profitable
real,1H,BAC,long,tf_hma_turn,task,4,4,392,787.0,1549,1.0,0.25,-0.3789416654065922,
real,1H,BAC,long,tf_ichimoku_cloud,task,64,64,205,227.0,246,1.0,1.0,0.7535182814262738,all_cells_profitable
real,1H,BAC,long,tf_kama_cross,task,4,4,622,879.0,1354,1.0,0.25,-0.33602072003373085,
real,1H,BAC,long,tf_keltner_breakout,proposed,16,16,104,225.0,391,1.0,1.0,0.8768038273458572,all_cells_profitable
real,1H,BAC,long,tf_keltner_breakout,task,16,15,39,179.5,303,0.938,0.938,1.1434320399478648,
real,1H,BAC,long,tf_ma_slope,task,4,4,187,328.5,698,1.0,1.0,0.03624316668432757,all_cells_profitable
real,1H,BAC,long,tf_momentum_cross,task,4,4,360,567.0,996,1.0,0.75,0.09798179515622306,
real,1H,BAC,long,tf_psar_flip,task,16,16,379,634.5,973,1.0,0.25,-0.21484714291807389,
real,1H,BAC,long,tf_sma_cross,proposed,16,14,87,158.5,343,0.875,0.875,0.5377360516685827,
real,1H,BAC,long,tf_sma_cross,task,16,6,50,79.0,148,0.375,0.375,-inf,
real,1H,BAC,long,tf_supertrend_flip,task,16,16,167,247.0,369,1.0,1.0,0.5900654309104687,all_cells_profitable
real,1H,MRNA,long,tf_adx_di,proposed,16,15,99,456.0,722,0.938,0.5,-0.009263741210877936,
real,1H,MRNA,long,tf_adx_di,task,16,9,5,114.0,585,0.562,0.438,-0.07944662257162277,
real,1H,MRNA,long,tf_aroon_cross,proposed,4,4,114,281.5,485,1.0,0.75,0.12367275540510403,
real,1H,MRNA,long,tf_aroon_cross,task,4,3,54,164.5,348,0.75,0.75,0.12367275540510403,
real,1H,MRNA,long,tf_atr_band,task,64,64,132,867.0,5720,1.0,0.359,-0.39807378122682413,
real,1H,MRNA,long,tf_base_candle,task,4,4,412,514.0,575,1.0,0.25,-0.07092465242001972,
real,1H,MRNA,long,tf_bb_upper_cross,proposed,16,12,76,141.5,422,0.75,0.688,0.32810149718427145,
real,1H,MRNA,long,tf_bb_upper_cross,task,16,8,0,101.5,298,0.5,0.5,-inf,
real,1H,MRNA,long,tf_donchian_breakout,task,4,2,60,116.0,223,0.5,0.5,-inf,
real,1H,MRNA,long,tf_hma_turn,task,4,4,267,552.0,1088,1.0,0.25,-0.1136370264603332,
real,1H,MRNA,long,tf_ichimoku_cloud,task,64,64,127,149.5,164,1.0,1.0,0.5938328598108842,all_cells_profitable
real,1H,MRNA,long,tf_kama_cross,task,4,4,457,629.5,972,1.0,0.25,-0.25155505523408,
real,1H,MRNA,long,tf_keltner_breakout,proposed,16,15,67,155.0,263,0.938,0.938,0.5835622470232544,
real,1H,MRNA,long,tf_keltner_breakout,task,16,11,23,122.5,198,0.688,0.688,0.5194402056079391,
real,1H,MRNA,long,tf_ma_slope,task,4,4,100,226.5,490,1.0,0.75,0.200186081598678,
real,1H,MRNA,long,tf_momentum_cross,task,4,4,252,402.5,722,1.0,0.25,-0.05498254214097719,
real,1H,MRNA,long,tf_psar_flip,task,16,16,250,434.5,676,1.0,0.438,-0.013882030266958608,
real,1H,MRNA,long,tf_sma_cross,proposed,16,11,73,112.5,231,0.688,0.625,0.2764696532521705,
real,1H,MRNA,long,tf_sma_cross,task,16,1,31,58.0,109,0.062,0.062,-inf,
real,1H,MRNA,long,tf_supertrend_flip,task,16,16,120,172.0,256,1.0,0.938,0.39383839392068715,
real,1H,TSLA,long,tf_adx_di,proposed,16,16,142,584.5,1004,1.0,1.0,1.0307143815287285,all_cells_profitable
real,1H,TSLA,long,tf_adx_di,task,16,10,13,162.0,746,0.562,0.562,0.2535472357311122,
real,1H,TSLA,long,tf_aroon_cross,proposed,4,4,145,379.5,693,1.0,1.0,0.8589668444745934,all_cells_profitable
real,1H,TSLA,long,tf_aroon_cross,task,4,3,75,213.5,477,0.75,0.75,0.749859420436874,
real,1H,TSLA,long,tf_atr_band,task,64,64,198,1018.0,7577,1.0,0.938,1.1839932577682668,
real,1H,TSLA,long,tf_base_candle,task,4,4,560,693.0,779,1.0,1.0,1.5811694562771965,all_cells_profitable
real,1H,TSLA,long,tf_bb_upper_cross,proposed,16,16,103,212.0,579,1.0,1.0,1.2399920822612067,all_cells_profitable
real,1H,TSLA,long,tf_bb_upper_cross,task,16,12,0,143.5,424,0.75,0.75,1.1170042114838392,
real,1H,TSLA,long,tf_donchian_breakout,task,4,4,103,176.0,334,1.0,1.0,1.309895022416967,all_cells_profitable
real,1H,TSLA,long,tf_hma_turn,task,4,4,369,758.5,1533,1.0,1.0,1.2608108076777773,all_cells_profitable
real,1H,TSLA,long,tf_ichimoku_cloud,task,64,64,206,223.0,234,1.0,1.0,1.358577254995895,all_cells_profitable
real,1H,TSLA,long,tf_kama_cross,task,4,4,656,869.5,1254,1.0,1.0,1.3478480838919968,all_cells_profitable
real,1H,TSLA,long,tf_keltner_breakout,proposed,16,16,119,214.0,381,1.0,1.0,1.221809819365292,all_cells_profitable
real,1H,TSLA,long,tf_keltner_breakout,task,16,15,47,182.5,297,0.938,0.938,1.1926368823116462,
real,1H,TSLA,long,tf_ma_slope,task,4,4,165,314.0,631,1.0,1.0,0.6834971241914611,all_cells_profitable
real,1H,TSLA,long,tf_momentum_cross,task,4,4,328,534.0,945,1.0,1.0,0.9551784991629337,all_cells_profitable
real,1H,TSLA,long,tf_psar_flip,task,16,16,357,590.0,914,1.0,1.0,1.5055464235304559,all_cells_profitable
real,1H,TSLA,long,tf_sma_cross,proposed,16,14,93,161.5,338,0.875,0.875,0.8740218664313133,
real,1H,TSLA,long,tf_sma_cross,task,16,5,44,81.0,158,0.312,0.312,-inf,
real,1H,TSLA,long,tf_supertrend_flip,task,16,16,170,233.0,348,1.0,1.0,1.229348541547528,all_cells_profitable
