timeframe,symbol,direction,method,candidate_id,numeric_params,fixed,axes,size_d639,size_run,size_all_good_cells,step_mult
1D,AAPL,long,mr_ibs_after_new_high,c5cfb8f8cb244b90a87d2b4687a78c8e646d3c66fb4ad1ffea4ff23d52cf3059,2,{},"{""n"": [5, 30, 26], ""t"": [10.0, 35.0, 26]}",676,676,676,"{""n"": 1, ""t"": 1}"
1D,AAPL,long,mr_down_closes,981bf4a0c00f3a8e2d1d7355f731542a9e3c24bcfa5dd655ce472b4529ac2390,1,{},"{""k"": [2, 4, 3]}",3,3,3,"{""k"": 1}"
1D,ADI,short,mr_rsi_sum,8a1b069247a2267f84f3cbcda15998d38b17cf4e702909c9562b32e2633d28f0,3,{},"{""n"": [2, 6, 5], ""m"": [2, 4, 3], ""level"": [15.0, 30.0, 16]}",240,240,240,"{""n"": 1, ""m"": 1, ""level"": 1}"
1D,EEM,short,mr_n_day_low,5f363cba4886ff5e93065b005b26db7780fc3a24b89fe489a794a72e3a41a334,1,"{""source"": ""low""}","{""n"": [2, 10, 9]}",9,9,9,"{""n"": 1}"
1D,ETN,long,mr_n_day_low,83a60072eed39981c856507438cf4cf3a6c831a909cbc8571088ead4ff4af390,1,"{""source"": ""low""}","{""n"": [2, 30, 29]}",29,29,29,"{""n"": 1}"
1D,GNRC,short,mr_candle_score,1b0d78d85c087dead474bdbe100f93d98a8ba670ad2002267879557c2477a49b,2,"{""mode"": ""rising""}","{""n"": [1, 6, 6], ""level"": [-3.0, -1.0, 9]}",54,54,54,"{""n"": 1, ""level"": 1}"
1D,K,short,mr_stochastic_k,e85ee4731ac58b8383725dcd034ced8849aa474d3e5974a4e90a1d43492f6b3a,2,{},"{""n"": [2, 28, 27], ""t"": [5.0, 40.0, 36]}",972,972,972,"{""n"": 1, ""t"": 1}"
1D,K,short,mr_macd_hist_falling,b5cf78fa4d88516b122ecbd50a41da94f5354bdfe8a9ce28eecce0a8d8558863,1,{},"{""k"": [4, 6, 3]}",3,3,3,"{""k"": 1}"
1D,LEN,short,mr_stochastic_k,d48c06f5bd0984fc95edf64fcafe1c2cd05104f3c195a6fcb8a31525b2d1fb47,2,{},"{""n"": [2, 14, 13], ""t"": [5.0, 30.0, 26]}",338,338,338,"{""n"": 1, ""t"": 1}"
1D,MSFT,long,mr_ibs_after_new_high,c4591491ed6288c26148e5faa3e2fc1c3fbb0892df64ec625ceeffb7cf29a7b2,2,{},"{""n"": [2, 30, 29], ""t"": [10.0, 20.0, 11]}",319,319,319,"{""n"": 1, ""t"": 1}"
1D,MSFT,long,mr_zscore,a6646729e395b4e523f755619b7dd750f4da8d29f89eb48800d0edf9d0224a23,2,{},"{""n"": [5, 40, 36], ""t"": [0.75, 2.0, 26]}",936,936,936,"{""n"": 1, ""t"": 1}"
1D,MSFT,long,mr_macd_hist_falling,06ac353cc59e7016a2deaac5c13e920b8f73cce52a0da1a0f323867f525d70e3,1,{},"{""k"": [1, 3, 3]}",3,3,3,"{""k"": 1}"
1D,RTX,long,mr_n_day_low,3e03b47cc5185b956b40fc509e221dc6a88bc54d4047f4a61fe9604f575893e9,1,"{""source"": ""low""}","{""n"": [5, 20, 16]}",16,16,16,"{""n"": 1}"
1D,RTX,long,mr_candle_score,c0974bf3e07788dd1169da77b090eb2d338758c4d78dab2ebe81920925042f1a,2,"{""mode"": ""rising""}","{""n"": [1, 5, 5], ""level"": [-3.0, -0.5, 11]}",55,55,66,"{""n"": 1, ""level"": 1}"
1D,SHW,long,mr_connors_rsi,4cb5d280f6e16f99a103efc1675bb023ffaa416ae3be9db31f5b47b39b03110f,2,{},"{""rsi_len"": [2, 4, 3], ""t"": [10.0, 35.0, 26]}",78,78,78,"{""rsi_len"": 1, ""t"": 1}"
1D,TJX,short,mr_rsi_sum,28f40b4cac04c7beaa4b44fb2864afe08d18c13b78abcc798eed5a7616564be5,3,{},"{""n"": [2, 6, 5], ""m"": [2, 4, 3], ""level"": [10.0, 35.0, 26]}",390,390,390,"{""n"": 1, ""m"": 1, ""level"": 1}"
1D,TJX,short,mr_macd_hist_falling,dc370edc261e48e804e3a0f12f40273dadcd3bbbdf86f0651371241a1ec152c9,1,{},"{""k"": [4, 6, 3]}",3,3,3,"{""k"": 1}"
1D,TMUS,long,mr_down_closes,dfb9c289576670c27a2d46893a3ba4d011b892411c6315c99ae4182fb09b6a16,1,{},"{""k"": [2, 4, 3]}",3,3,3,"{""k"": 1}"
1D,TMUS,long,mr_n_day_low,e31799ad44b7c8f5bead8cf3b306bcf1095d93bd24fd2f5c6ec80ba9e6722afc,1,"{""source"": ""low""}","{""n"": [10, 30, 21]}",21,21,21,"{""n"": 1}"
1D,TMUS,long,mr_williams_confirm,7a80de75b024e1269dbee58325dcf8a06d6bca90290010bd70a89749ba6f4f06,2,"{""confirm"": ""same_bar""}","{""n"": [10, 26, 17], ""t"": [10.0, 40.0, 31]}",527,527,1000,"{""n"": 1, ""t"": 1}"
1D,TXN,long,mr_ema_slope_drop,071eb87566792ce7680a09d683ce4ab418d5b9553b6972f4c09dfe50ee3a7e70,2,{},"{""n"": [2, 10, 9], ""p"": [0.05, 1.0, 20]}",180,180,180,"{""n"": 1, ""p"": 1}"
1D,TXN,long,mr_macd_hist_turn,0e6f9d016d455b2cfedaa12b395a4ee2b8f57a9ee827f82f871137e1848336d2,1,{},"{""k"": [1, 3, 3]}",3,3,3,"{""k"": 1}"
1D,TXN,long,mr_macd_hist_falling,179fbbe4eb8db75995d8008a40d2b3b21bd9831ed2c28b044838fa8bed17ae73,1,{},"{""k"": [2, 4, 3]}",3,3,3,"{""k"": 1}"
1D,TXN,short,mr_ema_slope_drop,2a7f9b9cd6a1151d9c68a997993ea29319a1474cc8a0499f27b7b0da30f7eda3,2,{},"{""n"": [3, 12, 10], ""p"": [0.25, 1.25, 21]}",210,210,210,"{""n"": 1, ""p"": 1}"
1D,TXN,short,mr_rsi_sum,2f394071725f777535e66b7e71e7f83a9edfff283298457cb9f4c5240009667a,3,{},"{""n"": [2, 5, 4], ""m"": [2, 4, 3], ""level"": [10.0, 35.0, 26]}",312,312,312,"{""n"": 1, ""m"": 1, ""level"": 1}"
1H,ARKK,long,tf_base_candle,37c193f1a983bbebf9718848165f073874d2ca0f11248631a57108d16377fecb,1,{},"{""frac"": [0.4, 0.5, 11]}",11,11,11,"{""frac"": 1}"
1H,ARKK,long,tf_sma_cross,0ad34d755785241c3291ec5aef0d741882c4345a6181caa170ae81b75d708df0,2,{},"{""fast"": [2, 15, 14], ""slow"": [21, 75, 55]}",770,770,770,"{""fast"": 1, ""slow"": 1}"
1H,BAC,long,tf_keltner_breakout,99ac912745da30c40aa5d164072dc7296a7824c6fec0f2650756a8320e7fed50,2,{},"{""n"": [10, 50, 41], ""mult"": [0.75, 2.5, 36]}",1476,1476,1476,"{""n"": 1, ""mult"": 1}"
1H,MRNA,long,tf_ichimoku,7486469de13caaed3aa84068065df5f33b16263e1d130feea9480fc9f0c91335,3,{},"{""conversion"": [5, 18, 14], ""base"": [21, 48, 10], ""span_b"": [36, 96, 13]}",27300,1820,27300,"{""conversion"": 1, ""base"": 3, ""span_b"": 5}"
1H,TSLA,long,tf_hma_turn,952c96cb82f81865388adc05a2f36477736ba414f9a95940fe5c584b4e380970,1,{},"{""n"": [16, 49, 34]}",34,34,34,"{""n"": 1}"
1H,TSLA,long,tf_ichimoku,c9ca30369b16fdc2acfad1fa9207e569a6caaab54333dd4d1952ce8236c6eec7,3,{},"{""conversion"": [5, 18, 14], ""base"": [21, 48, 10], ""span_b"": [37, 77, 11]}",18900,1540,18900,"{""conversion"": 1, ""base"": 3, ""span_b"": 4}"
