data,timeframe,symbol,direction,method,unconfirmed,grid_cells,grid_cells_d639,step_multipliers,small_grid,stage2_median_cell,selected,plateau_extent,plateau_cells,plateau_area,stability_ratio,edge_slope,half2_raw,half2_accepted,spp_median,spp_p5,spp_p95,zero_cost_selected,zero_cost_shift_steps,overlaps,gate_passed,failed_criteria
real,1D,TJX,short,mr_macd_hist_falling,False,3,3,"{""k"":1}",True,"{""k"":5}","{""k"":4}","{""k"":[null,null]}",0,0.0,,,0.5688306796292821,True,0.4555919017428945,0.26855113210539167,0.9698861232847799,"{""k"":4}",0,"{""mr_rsi_sum"":0.7764227642276422}",False,stability_ratio;plateau_area;plateau_cells
real,1D,ADI,short,mr_rsi_sum,False,240,240,"{""level"":1,""m"":1,""n"":1}",False,"{""level"":20.0,""m"":3,""n"":3}","{""level"":23.0,""m"":2,""n"":6}","{""level"":[22.0,25.0],""m"":[2.0,2.0],""n"":[4.0,6.0]}",6,0.025,1.0319591092628524,0.4307295017291142,0.6513504176997637,False,0.40824233641339236,,1.0279030262553823,"{""level"":24.0,""m"":2,""n"":6}",1,{},False,plateau_area;selected_in_both_halves
real,1D,RTX,long,mr_candle_score,False,55,55,"{""level"":1,""n"":1}",False,"{""level"":-1.5,""mode"":""rising"",""n"":2}","{""level"":-2.25,""mode"":""rising"",""n"":1}","{""level"":[-2.25,-1.5],""n"":[1.0,1.0]}",4,0.07272727272727272,1.8483934053521773,0.4313109179318054,0.16826222424833365,False,0.2405915782777086,,1.511021453299268,"{""level"":-2.25,""mode"":""rising"",""n"":1}",0,"{""mr_n_day_low"":0.41237113402061853}",False,plateau_area;selected_in_both_halves
real,1D,TJX,short,mr_rsi_sum,False,390,390,"{""level"":1,""m"":1,""n"":1}",False,"{""level"":20.0,""m"":2,""n"":5}","{""level"":19.0,""m"":2,""n"":2}","{""level"":[null,null],""m"":[null,null],""n"":[null,null]}",0,0.0,-2.1289707022355193,,0.897358878975675,True,0.18278142491088062,,0.9762714311660937,"{""level"":20.0,""m"":2,""n"":2}",1,"{""mr_macd_hist_falling"":0.7764227642276422}",False,stability_ratio;plateau_area;plateau_cells
real,1D,GNRC,short,mr_candle_score,False,54,54,"{""level"":1,""n"":1}",False,"{""level"":-2.5,""mode"":""rising"",""n"":4}","{""level"":-1.75,""mode"":""rising"",""n"":6}","{""level"":[-1.75,-1.75],""n"":[6.0,6.0]}",1,0.018518518518518517,-0.09665712697109995,4.003056683003854,0.9545236892510297,False,0.34279033705486006,,1.014429132228207,"{""level"":-1.75,""mode"":""rising"",""n"":6}",0,{},False,stability_ratio;plateau_area;plateau_cells;selected_in_both_halves
real,1D,TXN,long,mr_macd_hist_falling,False,3,3,"{""k"":1}",True,"{""k"":3}","{""k"":4}","{""k"":[3.0,4.0]}",2,0.6666666666666666,0.7687406766285142,0.12422645734417775,0.19046290717404216,True,0.31956689676615696,0.1580579507207181,0.4634688138359404,"{""k"":2}",2,"{""mr_ema_slope_drop"":0.4537037037037037,""mr_macd_hist_turn"":0.013888888888888888}",False,stability_ratio;plateau_cells
real,1D,AAPL,long,mr_down_closes,False,3,3,"{""k"":1}",True,"{""k"":3}","{""k"":2}","{""k"":[2.0,2.0]}",1,0.3333333333333333,1.899488330113319,0.33333333333333337,1.5556664844839843,True,1.2395355520521487,0.37783454357128937,1.5031476958993941,"{""k"":2}",0,"{""mr_ibs_after_new_high"":0.4}",False,plateau_cells
real,1D,K,short,mr_macd_hist_falling,False,3,3,"{""k"":1}",True,"{""k"":5}","{""k"":4}","{""k"":[4.0,4.0]}",1,0.3333333333333333,1.8486385792175897,0.3333333333333333,-0.49876707579810026,False,0.005687749512769437,-0.0693551803898231,0.39323272832381306,"{""k"":4}",0,"{""mr_stochastic_k"":0.7153846153846154}",False,plateau_cells;selected_in_both_halves
real,1D,SHW,long,mr_connors_rsi,False,78,78,"{""rsi_len"":1,""t"":1}",False,"{""rsi_len"":2,""t"":30.0}","{""rsi_len"":2,""t"":17.0}","{""rsi_len"":[2.0,4.0],""t"":[17.0,20.0]}",10,0.1282051282051282,1.8727800061257305,0.14796491126848996,0.42502162190024234,True,0.7871383674913006,0.36190797967594335,1.3421061989727026,"{""rsi_len"":2,""t"":17.0}",0,{},True,
real,1D,TXN,long,mr_ema_slope_drop,False,180,180,"{""n"":1,""p"":1}",False,"{""n"":8,""p"":0.5}","{""n"":6,""p"":0.7}","{""n"":[5.0,10.0],""p"":[0.5,0.85]}",18,0.1,0.991351974003594,0.20630338935357767,1.2885996969550897,True,1.1779305738015093,0.7980835112449892,1.6253999284763931,"{""n"":2,""p"":0.15}",11,"{""mr_macd_hist_falling"":0.4537037037037037,""mr_macd_hist_turn"":0.1092436974789916}",True,
real,1D,TMUS,long,mr_down_closes,False,3,3,"{""k"":1}",True,"{""k"":3}","{""k"":2}","{""k"":[2.0,2.0]}",1,0.3333333333333333,2.7425786202839944,0.3333333333333333,0.34778226592397016,True,0.25175099471379164,0.22197205020307167,0.6205657028215944,"{""k"":2}",0,"{""mr_n_day_low"":0.7606837606837606,""mr_williams_confirm"":0.3671875}",False,plateau_cells
real,1D,EEM,short,mr_n_day_low,False,9,9,"{""n"":1}",True,"{""n"":5,""source"":""low""}","{""n"":10,""source"":""low""}","{""n"":[7.0,10.0]}",4,0.4444444444444444,0.8406484802050289,0.051348845651260404,0.061909400031281064,False,0.6486183931811729,0.38856184505583813,0.9391799566408973,"{""n"":10,""source"":""low""}",0,{},False,selected_in_both_halves
real,1D,MSFT,long,mr_macd_hist_falling,False,3,3,"{""k"":1}",True,"{""k"":2}","{""k"":1}","{""k"":[1.0,3.0]}",3,1.0,1.2984375062787497,0.0,2.073891531108346,False,1.1866629391781218,0.5694125117685205,1.625953621526027,"{""k"":1}",0,"{""mr_ibs_after_new_high"":0.3055555555555556,""mr_zscore"":0.6198830409356725}",False,selected_in_both_halves
real,1D,K,short,mr_stochastic_k,False,972,972,"{""n"":1,""t"":1}",False,"{""n"":21,""t"":30.0}","{""n"":5,""t"":18.0}","{""n"":[5.0,7.0],""t"":[15.0,21.0]}",15,0.015432098765432098,0.9241131524996101,0.1753358843620805,0.3091136422836724,True,0.3462955821548542,,0.8840373595432012,"{""n"":5,""t"":18.0}",0,"{""mr_macd_hist_falling"":0.7153846153846154}",False,plateau_area
real,1D,MSFT,long,mr_ibs_after_new_high,False,319,319,"{""n"":1,""t"":1}",False,"{""n"":10,""t"":15.0}","{""n"":4,""t"":18.0}","{""n"":[2.0,5.0],""t"":[15.0,20.0]}",15,0.047021943573667714,1.3556577556018579,0.12855146760239541,1.1179522374700492,True,1.3812056861208604,,2.3504235346234483,"{""n"":4,""t"":18.0}",0,"{""mr_macd_hist_falling"":0.3055555555555556,""mr_zscore"":0.19907407407407407}",False,plateau_area
real,1D,TXN,short,mr_ema_slope_drop,False,210,210,"{""n"":1,""p"":1}",False,"{""n"":5,""p"":0.75}","{""n"":6,""p"":0.7}","{""n"":[5.0,8.0],""p"":[0.6,0.75]}",7,0.03333333333333333,0.7599551738424131,0.28015716568995297,0.9118568226568311,True,0.564828827431189,,1.3201637029091562,"{""n"":6,""p"":0.7}",0,"{""mr_rsi_sum"":0.6498740554156172}",False,stability_ratio;plateau_area
real,1D,TXN,long,mr_macd_hist_turn,False,3,3,"{""k"":1}",True,"{""k"":2}","{""k"":3}","{""k"":[2.0,3.0]}",2,0.6666666666666666,1.2217360861933892,0.03620971794843291,-0.03154996620207742,False,0.3075927208209395,0.02947489453652351,0.6667689512351448,"{""k"":1}",2,"{""mr_ema_slope_drop"":0.1092436974789916,""mr_macd_hist_falling"":0.013888888888888888}",False,plateau_cells;selected_in_both_halves
real,1D,TXN,short,mr_rsi_sum,False,312,312,"{""level"":1,""m"":1,""n"":1}",False,"{""level"":30.0,""m"":3,""n"":4}","{""level"":18.0,""m"":2,""n"":2}","{""level"":[18.0,18.0],""m"":[2.0,2.0],""n"":[2.0,2.0]}",1,0.003205128205128205,,1.7987013365356073,1.027433009747966,True,0.10655585006129917,,0.5107576106512571,"{""level"":18.0,""m"":2,""n"":2}",0,"{""mr_ema_slope_drop"":0.6498740554156172}",False,stability_ratio;plateau_area;plateau_cells
real,1D,MSFT,long,mr_zscore,False,936,936,"{""n"":1,""t"":1}",False,"{""n"":20,""t"":1.0}","{""n"":28,""t"":0.75}","{""n"":[19.0,40.0],""t"":[0.75,1.0]}",91,0.09722222222222222,1.0361658064698445,0.05450851909908618,0.8351189060954373,True,1.3829652120937383,0.21844647262521388,2.0110550949727863,"{""n"":28,""t"":0.75}",0,"{""mr_ibs_after_new_high"":0.19907407407407407,""mr_macd_hist_falling"":0.6198830409356725}",False,plateau_area
real,1D,AAPL,long,mr_ibs_after_new_high,False,676,676,"{""n"":1,""t"":1}",False,"{""n"":20,""t"":25.0}","{""n"":14,""t"":32.0}","{""n"":[13.0,21.0],""t"":[30.0,35.0]}",31,0.04585798816568047,0.9728272202196223,0.08526703316877764,4.970555623632445,True,2.5404407994476164,1.2426786787315711,3.4242866651578185,"{""n"":14,""t"":32.0}",0,"{""mr_down_closes"":0.4}",False,plateau_area
real,1D,ETN,long,mr_n_day_low,False,29,29,"{""n"":1}",False,"{""n"":20,""source"":""low""}","{""n"":2,""source"":""low""}","{""n"":[2.0,3.0]}",2,0.06896551724137931,0.5629570894365556,0.41496217637179345,2.144406908552788,False,0.7988482505630475,0.44041630648622115,1.049706929655572,"{""n"":2,""source"":""low""}",0,{},False,stability_ratio;plateau_area;plateau_cells;selected_in_both_halves
real,1D,LEN,short,mr_stochastic_k,False,338,338,"{""n"":1,""t"":1}",False,"{""n"":5,""t"":15.0}","{""n"":5,""t"":13.0}","{""n"":[4.0,6.0],""t"":[12.0,14.0]}",5,0.014792899408284023,0.6474427235305806,0.3616656438818789,0.850030819258657,True,0.31495150322371535,,1.1731073305791728,"{""n"":5,""t"":13.0}",0,{},False,stability_ratio;plateau_area
real,1D,RTX,long,mr_n_day_low,False,16,16,"{""n"":1}",False,"{""n"":10,""source"":""low""}","{""n"":17,""source"":""low""}","{""n"":[16.0,17.0]}",2,0.125,0.934306624062278,0.22844911843746704,0.25342738939867565,True,0.4704217010006532,0.39377024967557694,0.51379408021354,"{""n"":17,""source"":""low""}",0,"{""mr_candle_score"":0.41237113402061853}",False,plateau_cells
real,1D,TMUS,long,mr_williams_confirm,False,527,527,"{""n"":1,""t"":1}",False,"{""confirm"":""same_bar"",""n"":20,""t"":20.0}","{""confirm"":""same_bar"",""n"":26,""t"":40.0}","{""n"":[24.0,26.0],""t"":[28.0,40.0]}",23,0.04364326375711575,1.0424515939773913,0.0998009087974443,-0.15382063290782955,False,0.6328050895586754,,1.3683480282762275,"{""confirm"":""same_bar"",""n"":26,""t"":40.0}",0,"{""mr_down_closes"":0.3671875,""mr_n_day_low"":0.36752136752136755}",False,plateau_area;selected_in_both_halves
real,1D,TMUS,long,mr_n_day_low,False,21,21,"{""n"":1}",False,"{""n"":20,""source"":""low""}","{""n"":10,""source"":""low""}","{""n"":[10.0,10.0]}",1,0.047619047619047616,0.0,0.3333333333333333,0.9476647483257611,True,0.6248048494612355,0.3434377453592285,0.977992775854811,"{""n"":10,""source"":""low""}",0,"{""mr_down_closes"":0.7606837606837606,""mr_williams_confirm"":0.36752136752136755}",False,stability_ratio;plateau_area;plateau_cells
real,1H,TSLA,long,tf_hma_turn,True,34,34,"{""n"":1}",False,"{""n"":25}","{""n"":32}","{""n"":[25.0,36.0]}",12,0.35294117647058826,0.9864220696460336,0.06947061169564026,1.7389354523103968,True,1.497763221183079,1.2241571612621853,1.910667093955646,"{""n"":32}",0,"{""tf_ichimoku"":0.6392755777807811}",True,
real,1H,BAC,long,tf_keltner_breakout,True,1476,1476,"{""mult"":1,""n"":1}",False,"{""mult"":1.5,""n"":30}","{""mult"":1.0,""n"":41}","{""mult"":[0.75,1.25],""n"":[23.0,50.0]}",195,0.13211382113821138,0.9081591808312434,0.09924235819337257,1.1908752894732832,True,1.0513480709518366,0.6150093950435777,1.5124330404799444,"{""mult"":1.0,""n"":39}",2,{},True,
real,1H,MRNA,long,tf_ichimoku,True,1820,27300,"{""base"":3,""conversion"":1,""span_b"":5}",False,"{""base"":26,""conversion"":9,""span_b"":60}",,"{""base"":[null,null],""conversion"":[null,null],""span_b"":[null,null]}",0,0.0,,,,False,0.6098621200584913,0.3122436738508285,0.9278074402968495,,,{},False,stability_ratio;plateau_area;plateau_cells;selected_in_both_halves
real,1H,TSLA,long,tf_ichimoku,True,1540,18900,"{""base"":3,""conversion"":1,""span_b"":4}",False,"{""base"":40,""conversion"":9,""span_b"":44}","{""base"":39,""conversion"":5,""span_b"":49}","{""base"":[21.0,48.0],""conversion"":[5.0,18.0],""span_b"":[37.0,77.0]}",622,0.4038961038961039,0.9358649990459609,0.06435058537674476,1.8113013506141986,True,1.3459520457511092,1.091244079079295,1.5991746603866908,"{""base"":24,""conversion"":5,""span_b"":57}",5,"{""tf_hma_turn"":0.6392755777807811}",True,
real,1H,ARKK,long,tf_sma_cross,True,770,770,"{""fast"":1,""slow"":1}",False,"{""fast"":10,""slow"":50}","{""fast"":2,""slow"":30}","{""fast"":[2.0,5.0],""slow"":[25.0,36.0]}",39,0.05064935064935065,1.2942906016529743,0.09581999763233195,0.24161299266393918,False,0.6688973620564349,0.36662977682582737,1.1150000671964737,"{""fast"":2,""slow"":28}",2,"{""tf_base_candle"":0.714931421446384}",False,plateau_area;selected_in_both_halves
real,1H,ARKK,long,tf_base_candle,True,11,11,"{""frac"":1}",False,"{""frac"":0.5}","{""frac"":0.47}","{""frac"":[0.4,0.5]}",11,1.0,0.9494016692709842,0.0,1.1434330332722065,True,1.2539192275783506,1.1108570633260964,1.4563661184412704,"{""frac"":0.47}",0,"{""tf_sma_cross"":0.714931421446384}",True,
control,1D,ADI,short,mr_rsi_sum,False,240,240,"{""level"":1,""m"":1,""n"":1}",False,"{""level"":20.0,""m"":3,""n"":3}","{""level"":22.0,""m"":2,""n"":6}","{""level"":[null,null],""m"":[null,null],""n"":[null,null]}",0,0.0,,,-0.5948055381532292,False,-0.48933135135554334,-0.6642096413127899,-0.11850365136913603,"{""level"":22.0,""m"":2,""n"":6}",0,{},False,spp_median_target;stability_ratio;plateau_area;plateau_cells;selected_in_both_halves
control,1D,RTX,long,mr_candle_score,False,55,55,"{""level"":1,""n"":1}",False,"{""level"":-1.5,""mode"":""rising"",""n"":2}","{""level"":-0.5,""mode"":""rising"",""n"":4}","{""level"":[-0.5,-0.5],""n"":[4.0,4.0]}",1,0.01818181818181818,1.6212522680118318,0.5988996838103072,-0.626692300580032,False,-0.4490644063680143,,-0.003143523984316804,"{""level"":-0.5,""mode"":""rising"",""n"":4}",0,"{""mr_n_day_low"":0.4111111111111111}",False,spp_median_target;plateau_area;plateau_cells;selected_in_both_halves
control,1D,TMUS,long,mr_n_day_low,False,21,21,"{""n"":1}",False,"{""n"":20,""source"":""low""}",,"{""n"":[null,null]}",0,0.0,,,,False,-0.5790978579327462,,-0.45731996721444795,,,"{""mr_down_closes"":null,""mr_williams_confirm"":null}",False,spp_median_target;stability_ratio;plateau_area;plateau_cells;selected_in_both_halves
control,1D,ETN,long,mr_n_day_low,False,29,29,"{""n"":1}",False,"{""n"":20,""source"":""low""}","{""n"":7,""source"":""low""}","{""n"":[6.0,7.0]}",2,0.06896551724137931,4.160561749740239,0.6079739738109713,1.0118628911855205,False,0.26063788987710274,0.014165268748538545,0.45031523952277447,"{""n"":7,""source"":""low""}",0,{},False,plateau_area;plateau_cells;selected_in_both_halves
control,1D,TJX,short,mr_macd_hist_falling,False,3,3,"{""k"":1}",True,"{""k"":5}","{""k"":6}","{""k"":[null,null]}",0,0.0,,,-0.9141968486508367,False,-0.7347977500618842,-0.7809053475051564,-0.6285163970862716,"{""k"":6}",0,"{""mr_rsi_sum"":0.3090909090909091}",False,spp_median_target;stability_ratio;plateau_area;plateau_cells;selected_in_both_halves
control,1D,LEN,short,mr_stochastic_k,False,338,338,"{""n"":1,""t"":1}",False,"{""n"":5,""t"":15.0}","{""n"":13,""t"":15.0}","{""n"":[12.0,14.0],""t"":[14.0,16.0]}",6,0.01775147928994083,1.0935902504946424,0.21895753465810977,-0.8418206357598504,False,-0.4894741164171342,,-0.11859292215989499,"{""n"":13,""t"":15.0}",0,{},False,spp_median_target;plateau_area;selected_in_both_halves
control,1D,AAPL,long,mr_ibs_after_new_high,False,676,676,"{""n"":1,""t"":1}",False,"{""n"":20,""t"":25.0}","{""n"":8,""t"":12.0}","{""n"":[5.0,9.0],""t"":[10.0,12.0]}",13,0.019230769230769232,1.1312625351342707,0.16966811088547684,-0.24281353805592767,False,0.07802659993588448,-0.08856004422166537,0.2975799992412954,"{""n"":8,""t"":12.0}",0,"{""mr_down_closes"":0.3114754098360656}",False,plateau_area;selected_in_both_halves
control,1D,TXN,short,mr_rsi_sum,False,312,312,"{""level"":1,""m"":1,""n"":1}",False,"{""level"":30.0,""m"":3,""n"":4}","{""level"":21.0,""m"":3,""n"":5}","{""level"":[null,null],""m"":[null,null],""n"":[null,null]}",0,0.0,,,0.038904005180271706,False,-0.4548985170946194,-0.7107687745714535,0.19151336043846176,"{""level"":21.0,""m"":3,""n"":5}",0,"{""mr_ema_slope_drop"":0.6468085106382979}",False,spp_median_target;stability_ratio;plateau_area;plateau_cells;selected_in_both_halves
control,1D,TJX,short,mr_rsi_sum,False,390,390,"{""level"":1,""m"":1,""n"":1}",False,"{""level"":20.0,""m"":2,""n"":5}","{""level"":29.0,""m"":4,""n"":6}","{""level"":[null,null],""m"":[null,null],""n"":[null,null]}",0,0.0,,,-0.9549826900859648,False,-0.6233958153309153,,-0.36210761082635184,"{""level"":29.0,""m"":4,""n"":6}",0,"{""mr_macd_hist_falling"":0.3090909090909091}",False,spp_median_target;stability_ratio;plateau_area;plateau_cells;selected_in_both_halves
control,1D,TXN,long,mr_macd_hist_falling,False,3,3,"{""k"":1}",True,"{""k"":3}","{""k"":4}","{""k"":[null,null]}",0,0.0,,,-0.22408129817168088,False,-0.21298436060332734,-0.23336007477748502,-0.16527351884562097,"{""k"":4}",0,"{""mr_ema_slope_drop"":0.9346733668341709,""mr_macd_hist_turn"":0.06532663316582915}",False,spp_median_target;stability_ratio;plateau_area;plateau_cells;selected_in_both_halves
control,1D,GNRC,short,mr_candle_score,False,54,54,"{""level"":1,""n"":1}",False,"{""level"":-2.5,""mode"":""rising"",""n"":4}","{""level"":-1.0,""mode"":""rising"",""n"":1}","{""level"":[null,null],""n"":[null,null]}",0,0.0,,,0.040554376238508084,True,-0.289657263439753,,0.3555947941403439,"{""level"":-1.0,""mode"":""rising"",""n"":1}",0,{},False,spp_median_target;stability_ratio;plateau_area;plateau_cells
control,1D,TXN,long,mr_macd_hist_turn,False,3,3,"{""k"":1}",True,"{""k"":2}","{""k"":2}","{""k"":[2.0,2.0]}",1,0.3333333333333333,,1.1926448504626488,-0.24600115647098506,False,-0.01836533231569513,-0.24385668500671312,0.011935091380513106,"{""k"":2}",0,"{""mr_ema_slope_drop"":0.49379652605459057,""mr_macd_hist_falling"":0.06532663316582915}",False,spp_median_target;stability_ratio;plateau_cells;selected_in_both_halves
control,1D,TMUS,long,mr_down_closes,False,3,3,"{""k"":1}",True,"{""k"":3}","{""k"":2}","{""k"":[null,null]}",0,0.0,,,0.25044844955368933,False,-0.20580220159322365,-0.36049493450321746,-0.08475608957639266,"{""k"":2}",0,"{""mr_n_day_low"":null,""mr_williams_confirm"":0.6105769230769231}",False,spp_median_target;stability_ratio;plateau_area;plateau_cells;selected_in_both_halves
control,1D,SHW,long,mr_connors_rsi,False,78,78,"{""rsi_len"":1,""t"":1}",False,"{""rsi_len"":2,""t"":30.0}","{""rsi_len"":2,""t"":35.0}","{""rsi_len"":[2.0,4.0],""t"":[32.0,35.0]}",10,0.1282051282051282,1.041317432237914,0.13798585380939088,-0.0019978626191174873,False,-0.01814418957071519,-0.3718145585297484,0.470588532418307,"{""rsi_len"":2,""t"":35.0}",0,{},False,spp_median_target;selected_in_both_halves
control,1D,K,short,mr_stochastic_k,False,972,972,"{""n"":1,""t"":1}",False,"{""n"":21,""t"":30.0}","{""n"":21,""t"":14.0}","{""n"":[21.0,22.0],""t"":[14.0,14.0]}",2,0.00205761316872428,0.5269589378195674,0.7944219339766312,0.13361899182854026,False,-0.39738595476657684,,0.22343718713278063,"{""n"":21,""t"":14.0}",0,"{""mr_macd_hist_falling"":0.32663316582914576}",False,spp_median_target;stability_ratio;plateau_area;plateau_cells;selected_in_both_halves
control,1D,MSFT,long,mr_zscore,False,936,936,"{""n"":1,""t"":1}",False,"{""n"":20,""t"":1.0}","{""n"":11,""t"":1.7}","{""n"":[10.0,12.0],""t"":[1.6,2.0]}",14,0.014957264957264958,1.1818492408659724,0.3028170183820693,-0.2774596746761266,False,-0.04871607845313903,-0.4087794814506539,0.37555112819510356,"{""n"":11,""t"":1.7}",0,"{""mr_ibs_after_new_high"":0.023923444976076555,""mr_macd_hist_falling"":0.569377990430622}",False,spp_median_target;plateau_area;selected_in_both_halves
control,1D,RTX,long,mr_n_day_low,False,16,16,"{""n"":1}",False,"{""n"":10,""source"":""low""}","{""n"":6,""source"":""low""}","{""n"":[null,null]}",0,0.0,,,0.7327186814727822,False,-0.09156051704847043,-0.22462056991117552,-0.03631750698851613,"{""n"":6,""source"":""low""}",0,"{""mr_candle_score"":0.4111111111111111}",False,spp_median_target;stability_ratio;plateau_area;plateau_cells;selected_in_both_halves
control,1D,TXN,short,mr_ema_slope_drop,False,210,210,"{""n"":1,""p"":1}",False,"{""n"":5,""p"":0.75}","{""n"":9,""p"":0.85}","{""n"":[null,null],""p"":[null,null]}",0,0.0,-0.5692488539012905,,-0.3044477364559571,False,-0.6085950443147745,,-0.02107591547127344,"{""n"":8,""p"":0.85}",1,"{""mr_rsi_sum"":0.6468085106382979}",False,spp_median_target;stability_ratio;plateau_area;plateau_cells;selected_in_both_halves
control,1D,K,short,mr_macd_hist_falling,False,3,3,"{""k"":1}",True,"{""k"":5}","{""k"":4}","{""k"":[null,null]}",0,0.0,,,-0.2829064494048893,False,-0.2876826186192823,-0.3505460310027155,-0.14307866848234613,"{""k"":4}",0,"{""mr_stochastic_k"":0.32663316582914576}",False,spp_median_target;stability_ratio;plateau_area;plateau_cells;selected_in_both_halves
control,1D,EEM,short,mr_n_day_low,False,9,9,"{""n"":1}",True,"{""n"":5,""source"":""low""}","{""n"":10,""source"":""low""}","{""n"":[10.0,10.0]}",1,0.1111111111111111,-0.37085536329393753,0.20088564484065116,-0.22445386017575236,False,-0.262773395335049,-0.4492706331696999,-0.055836351136490436,"{""n"":10,""source"":""low""}",0,{},False,spp_median_target;stability_ratio;plateau_cells;selected_in_both_halves
control,1D,AAPL,long,mr_down_closes,False,3,3,"{""k"":1}",True,"{""k"":3}","{""k"":2}","{""k"":[2.0,2.0]}",1,0.3333333333333333,-0.6768953739055481,1.7299818061774903,0.32169223035862743,True,0.2063685672095218,-0.3558147679868009,0.30402876040068133,"{""k"":2}",0,"{""mr_ibs_after_new_high"":0.3114754098360656}",False,stability_ratio;plateau_cells
control,1D,MSFT,long,mr_ibs_after_new_high,False,319,319,"{""n"":1,""t"":1}",False,"{""n"":10,""t"":15.0}","{""n"":13,""t"":16.0}","{""n"":[9.0,22.0],""t"":[14.0,17.0]}",21,0.06583072100313479,0.9345633979989335,0.20326780209243905,0.27350594763712643,True,0.5218393347183131,0.2860765799027649,0.8832073545140452,"{""n"":13,""t"":16.0}",0,"{""mr_macd_hist_falling"":0.07462686567164178,""mr_zscore"":0.023923444976076555}",False,plateau_area
control,1D,MSFT,long,mr_macd_hist_falling,False,3,3,"{""k"":1}",True,"{""k"":2}","{""k"":3}","{""k"":[2.0,3.0]}",2,0.6666666666666666,0.4975131230933888,0.21589457857019556,-0.40476336682271435,False,0.33934331606011536,0.021385242417153377,0.43042614429130843,"{""k"":3}",0,"{""mr_ibs_after_new_high"":0.07462686567164178,""mr_zscore"":0.569377990430622}",False,stability_ratio;plateau_cells;selected_in_both_halves
control,1D,TXN,long,mr_ema_slope_drop,False,180,180,"{""n"":1,""p"":1}",False,"{""n"":8,""p"":0.5}","{""n"":5,""p"":0.05}","{""n"":[null,null],""p"":[null,null]}",0,0.0,,,-0.37274709803561223,False,-0.5236524095852075,-0.655190470630792,-0.3071132920756642,"{""n"":5,""p"":0.05}",0,"{""mr_macd_hist_falling"":0.9346733668341709,""mr_macd_hist_turn"":0.49379652605459057}",False,spp_median_target;stability_ratio;plateau_area;plateau_cells;selected_in_both_halves
control,1D,TMUS,long,mr_williams_confirm,False,527,527,"{""n"":1,""t"":1}",False,"{""confirm"":""same_bar"",""n"":20,""t"":20.0}","{""confirm"":""same_bar"",""n"":19,""t"":20.0}","{""n"":[17.0,21.0],""t"":[20.0,24.0]}",15,0.028462998102466792,1.0102417353698967,0.1678022794953072,1.0274111856038262,True,0.3880261407279218,-0.13723364825396847,0.9093903071698365,"{""confirm"":""same_bar"",""n"":19,""t"":20.0}",0,"{""mr_down_closes"":0.6105769230769231,""mr_n_day_low"":null}",False,plateau_area
control,1H,TSLA,long,tf_ichimoku,True,1540,18900,"{""base"":3,""conversion"":1,""span_b"":4}",False,"{""base"":40,""conversion"":9,""span_b"":44}","{""base"":27,""conversion"":16,""span_b"":49}","{""base"":[21.0,30.0],""conversion"":[15.0,17.0],""span_b"":[37.0,57.0]}",30,0.01948051948051948,0.7201946267325432,0.18956916582645586,0.03269543893381231,False,0.2455719215933252,-0.0582229018596794,0.5315555124394904,"{""base"":27,""conversion"":16,""span_b"":49}",0,"{""tf_hma_turn"":0.5621936274509803}",False,stability_ratio;plateau_area;selected_in_both_halves
control,1H,TSLA,long,tf_hma_turn,True,34,34,"{""n"":1}",False,"{""n"":25}","{""n"":18}","{""n"":[18.0,19.0]}",2,0.058823529411764705,0.34856810806367583,0.6118958016859956,-0.13549197801618576,False,-0.1374322913698664,-0.2664694617961234,-0.015282382253451491,"{""n"":18}",0,"{""tf_ichimoku"":0.5621936274509803}",False,spp_median_target;stability_ratio;plateau_area;plateau_cells;selected_in_both_halves
control,1H,MRNA,long,tf_ichimoku,True,1820,27300,"{""base"":3,""conversion"":1,""span_b"":5}",False,"{""base"":26,""conversion"":9,""span_b"":60}",,"{""base"":[null,null],""conversion"":[null,null],""span_b"":[null,null]}",0,0.0,,,,False,-0.2557050934812139,-0.41942928896466,-0.05851569129676071,,,{},False,spp_median_target;stability_ratio;plateau_area;plateau_cells;selected_in_both_halves
control,1H,BAC,long,tf_keltner_breakout,True,1476,1476,"{""mult"":1,""n"":1}",False,"{""mult"":1.5,""n"":30}","{""mult"":0.9,""n"":24}","{""mult"":[0.9,0.9],""n"":[24.0,24.0]}",1,0.0006775067750677507,0.251850062592731,1.6630214708936348,0.20264645958672514,True,-0.12225263749827714,-0.328677039226807,0.05327307369779764,"{""mult"":0.9,""n"":24}",0,{},False,spp_median_target;stability_ratio;plateau_area;plateau_cells
control,1H,ARKK,long,tf_base_candle,True,11,11,"{""frac"":1}",False,"{""frac"":0.5}","{""frac"":0.43}","{""frac"":[0.42,0.43]}",2,0.18181818181818182,0.8530437528224522,0.37247646980194693,-0.5401852120893725,False,-0.2565380508931466,-0.30635752721766857,-0.2235085839450488,"{""frac"":0.43}",0,"{""tf_sma_cross"":0.6454183266932271}",False,spp_median_target;plateau_cells;selected_in_both_halves
control,1H,ARKK,long,tf_sma_cross,True,770,770,"{""fast"":1,""slow"":1}",False,"{""fast"":10,""slow"":50}","{""fast"":2,""slow"":73}","{""fast"":[2.0,2.0],""slow"":[72.0,74.0]}",3,0.003896103896103896,0.5546619225048974,0.7715247284498093,0.44583474249885774,True,-0.020826453538143115,-0.2684900024534896,0.22507602582897773,"{""fast"":2,""slow"":73}",0,"{""tf_base_candle"":0.6454183266932271}",False,spp_median_target;stability_ratio;plateau_area
