symbol,timeframe,edge_type,direction,method,parent_id,candidate_id,unconfirmed,grid_cells,small_grid,selected_params,stability_ratio,plateau_area,plateau_cells,half2_raw,selected_in_both_halves,spp_median_target,zero_cost_shift_steps,max_overlap,gate_passed,failed_criteria,quality_status,reason
AAPL,1D,MR,long,mr_down_closes,981bf4a0c00f3a8e2d1d7355f731542a9e3c24bcfa5dd655ce472b4529ac2390,787f73b3c45045b4e99525a06cebd04c3fbde35c08e6fb2e43eed1de6761f2be,False,3,True,"{""k"":2}",-0.6768953739055481,0.3333333333333333,1,0.32169223035862743,True,0.2063685672095218,0,0.3114754098360656,False,stability_ratio;plateau_cells,ok,
AAPL,1D,MR,long,mr_ibs_after_new_high,c5cfb8f8cb244b90a87d2b4687a78c8e646d3c66fb4ad1ffea4ff23d52cf3059,83d97021f1a61591588a00eb2a9a2dd3ffc68aeb3e126991496237c9fde3b264,False,676,False,"{""n"":8,""t"":12.0}",1.1312625351342707,0.019230769230769232,13,-0.24281353805592767,False,0.07802659993588448,0,0.3114754098360656,False,plateau_area;selected_in_both_halves,ok,
ADI,1D,MR,short,mr_rsi_sum,8a1b069247a2267f84f3cbcda15998d38b17cf4e702909c9562b32e2633d28f0,bd6dd89f7c44079d1b1da04bd41e0ee0fc6cbd3abe0f507131d49c13ca9f341b,False,240,False,"{""level"":22.0,""m"":2,""n"":6}",,0.0,0,-0.5948055381532292,False,-0.48933135135554334,0,,False,spp_median_target;stability_ratio;plateau_area;plateau_cells;selected_in_both_halves,ok,
EEM,1D,MR,short,mr_n_day_low,5f363cba4886ff5e93065b005b26db7780fc3a24b89fe489a794a72e3a41a334,1d5549b22b436d18341ec4c58180d62af7edc7213955adc0f35c157630bbd370,False,9,True,"{""n"":10,""source"":""low""}",-0.37085536329393753,0.1111111111111111,1,-0.22445386017575236,False,-0.262773395335049,0,,False,spp_median_target;stability_ratio;plateau_cells;selected_in_both_halves,ok,
ETN,1D,MR,long,mr_n_day_low,83a60072eed39981c856507438cf4cf3a6c831a909cbc8571088ead4ff4af390,c8a49f840b1c69d09e8c7a30ea679ade83972a03356c0b490193097f11743446,False,29,False,"{""n"":7,""source"":""low""}",4.160561749740239,0.06896551724137931,2,1.0118628911855205,False,0.26063788987710274,0,,False,plateau_area;plateau_cells;selected_in_both_halves,ok,
GNRC,1D,MR,short,mr_candle_score,1b0d78d85c087dead474bdbe100f93d98a8ba670ad2002267879557c2477a49b,da82abd2d1aa0a21261b2c842e15a956556ce295f3f486b12801fa4d36f545a4,False,54,False,"{""level"":-1.0,""mode"":""rising"",""n"":1}",,0.0,0,0.040554376238508084,True,-0.289657263439753,0,,False,spp_median_target;stability_ratio;plateau_area;plateau_cells,ok,
K,1D,MR,short,mr_macd_hist_falling,b5cf78fa4d88516b122ecbd50a41da94f5354bdfe8a9ce28eecce0a8d8558863,d7ea8a9d1bfaa0abfdf918772e6e76f1e301e3344f48782b4479f3284b3e8257,False,3,True,"{""k"":4}",,0.0,0,-0.2829064494048893,False,-0.2876826186192823,0,0.32663316582914576,False,spp_median_target;stability_ratio;plateau_area;plateau_cells;selected_in_both_halves,ok,
K,1D,MR,short,mr_stochastic_k,e85ee4731ac58b8383725dcd034ced8849aa474d3e5974a4e90a1d43492f6b3a,d00df4ca6df7ed9edc7eb1eb0e0ad7a2d3ee5b8d231dfd2e5c47ba42a99df2aa,False,972,False,"{""n"":21,""t"":14.0}",0.5269589378195674,0.00205761316872428,2,0.13361899182854026,False,-0.39738595476657684,0,0.32663316582914576,False,spp_median_target;stability_ratio;plateau_area;plateau_cells;selected_in_both_halves,ok,
LEN,1D,MR,short,mr_stochastic_k,d48c06f5bd0984fc95edf64fcafe1c2cd05104f3c195a6fcb8a31525b2d1fb47,5200dd18e2183431774016d8008506ed239b4155cc52ed26d038ef789dc5ce88,False,338,False,"{""n"":13,""t"":15.0}",1.0935902504946424,0.01775147928994083,6,-0.8418206357598504,False,-0.4894741164171342,0,,False,spp_median_target;plateau_area;selected_in_both_halves,ok,
MSFT,1D,MR,long,mr_ibs_after_new_high,c4591491ed6288c26148e5faa3e2fc1c3fbb0892df64ec625ceeffb7cf29a7b2,bf8a673a4ae331f0304f144a87bfe419d6285f94e1b8352c78803ffd8a5aeccf,False,319,False,"{""n"":13,""t"":16.0}",0.9345633979989335,0.06583072100313479,21,0.27350594763712643,True,0.5218393347183131,0,0.07462686567164178,False,plateau_area,ok,
MSFT,1D,MR,long,mr_macd_hist_falling,06ac353cc59e7016a2deaac5c13e920b8f73cce52a0da1a0f323867f525d70e3,a748ca32b2e224128f2da8869c8a723ff31f9e61f99ccb1fc54f23d3a52808ba,False,3,True,"{""k"":3}",0.4975131230933888,0.6666666666666666,2,-0.40476336682271435,False,0.33934331606011536,0,0.569377990430622,False,stability_ratio;plateau_cells;selected_in_both_halves,ok,
MSFT,1D,MR,long,mr_zscore,a6646729e395b4e523f755619b7dd750f4da8d29f89eb48800d0edf9d0224a23,1a1679e41ede97f3d96d902cae689c8b9f1011a9c6e14815370868d2a4b012fc,False,936,False,"{""n"":11,""t"":1.7}",1.1818492408659724,0.014957264957264958,14,-0.2774596746761266,False,-0.04871607845313903,0,0.569377990430622,False,spp_median_target;plateau_area;selected_in_both_halves,ok,
RTX,1D,MR,long,mr_candle_score,c0974bf3e07788dd1169da77b090eb2d338758c4d78dab2ebe81920925042f1a,0ae40f66f517937c79d8221dde7f84e566d598b4d6065a007246c4b4abaf5e66,False,55,False,"{""level"":-0.5,""mode"":""rising"",""n"":4}",1.6212522680118318,0.01818181818181818,1,-0.626692300580032,False,-0.4490644063680143,0,0.4111111111111111,False,spp_median_target;plateau_area;plateau_cells;selected_in_both_halves,ok,
RTX,1D,MR,long,mr_n_day_low,3e03b47cc5185b956b40fc509e221dc6a88bc54d4047f4a61fe9604f575893e9,7833abe16dcdf451d8fc9f5a57a10052fc7ec4a062f9ac1038feb3b1368e4e41,False,16,False,"{""n"":6,""source"":""low""}",,0.0,0,0.7327186814727822,False,-0.09156051704847043,0,0.4111111111111111,False,spp_median_target;stability_ratio;plateau_area;plateau_cells;selected_in_both_halves,ok,
SHW,1D,MR,long,mr_connors_rsi,4cb5d280f6e16f99a103efc1675bb023ffaa416ae3be9db31f5b47b39b03110f,6ee6151356ee5ba3778fa304624d37d3158dd5aa63833d36f44b1d2786595801,False,78,False,"{""rsi_len"":2,""t"":35.0}",1.041317432237914,0.1282051282051282,10,-0.0019978626191174873,False,-0.01814418957071519,0,,False,spp_median_target;selected_in_both_halves,ok,
TJX,1D,MR,short,mr_macd_hist_falling,dc370edc261e48e804e3a0f12f40273dadcd3bbbdf86f0651371241a1ec152c9,2958d45d34c0b8b5b9554f011478b85f7b67f45dd3fe68c404d25eaf2b61f91c,False,3,True,"{""k"":6}",,0.0,0,-0.9141968486508367,False,-0.7347977500618842,0,0.3090909090909091,False,spp_median_target;stability_ratio;plateau_area;plateau_cells;selected_in_both_halves,ok,
TJX,1D,MR,short,mr_rsi_sum,28f40b4cac04c7beaa4b44fb2864afe08d18c13b78abcc798eed5a7616564be5,b1e9d2843a7794d6c2766567c6648ab75df8da0e4dbf48c1adc5769b59be9567,False,390,False,"{""level"":29.0,""m"":4,""n"":6}",,0.0,0,-0.9549826900859648,False,-0.6233958153309153,0,0.3090909090909091,False,spp_median_target;stability_ratio;plateau_area;plateau_cells;selected_in_both_halves,ok,
TMUS,1D,MR,long,mr_down_closes,dfb9c289576670c27a2d46893a3ba4d011b892411c6315c99ae4182fb09b6a16,46fa32bd50926c938a787680cce3295dc51f437cc775ebc0e6b1d649491af894,False,3,True,"{""k"":2}",,0.0,0,0.25044844955368933,False,-0.20580220159322365,0,0.6105769230769231,False,spp_median_target;stability_ratio;plateau_area;plateau_cells;selected_in_both_halves,ok,
TMUS,1D,MR,long,mr_n_day_low,e31799ad44b7c8f5bead8cf3b306bcf1095d93bd24fd2f5c6ec80ba9e6722afc,436a2afe36bfb2d9b5056957dc93baf4e780b8c0a9fdba4a389291dcf604e7d4,False,21,False,,,0.0,0,,False,-0.5790978579327462,,,False,spp_median_target;stability_ratio;plateau_area;plateau_cells;selected_in_both_halves,ok,
TMUS,1D,MR,long,mr_williams_confirm,7a80de75b024e1269dbee58325dcf8a06d6bca90290010bd70a89749ba6f4f06,d82ef13218a305451fc3dc2e5907e1203e064dffbbdc94f30109d8dfe9c84de0,False,527,False,"{""confirm"":""same_bar"",""n"":19,""t"":20.0}",1.0102417353698967,0.028462998102466792,15,1.0274111856038262,True,0.3880261407279218,0,0.6105769230769231,False,plateau_area,ok,
TXN,1D,MR,long,mr_ema_slope_drop,071eb87566792ce7680a09d683ce4ab418d5b9553b6972f4c09dfe50ee3a7e70,da4dc0f3d8164c55af8bbfae4eb9962d6f5e39b96a1a8484d7352e9253652f85,False,180,False,"{""n"":5,""p"":0.05}",,0.0,0,-0.37274709803561223,False,-0.5236524095852075,0,0.9346733668341709,False,spp_median_target;stability_ratio;plateau_area;plateau_cells;selected_in_both_halves,ok,
TXN,1D,MR,long,mr_macd_hist_falling,179fbbe4eb8db75995d8008a40d2b3b21bd9831ed2c28b044838fa8bed17ae73,ff125ad641d02874dca0f305db0427838d161ec69759c0ef7d69a342a3a3d316,False,3,True,"{""k"":4}",,0.0,0,-0.22408129817168088,False,-0.21298436060332734,0,0.9346733668341709,False,spp_median_target;stability_ratio;plateau_area;plateau_cells;selected_in_both_halves,ok,
TXN,1D,MR,long,mr_macd_hist_turn,0e6f9d016d455b2cfedaa12b395a4ee2b8f57a9ee827f82f871137e1848336d2,fbfda94329fa1c1ebbfe4ed7c497a6a33999012602904a24ec722b5a020d2054,False,3,True,"{""k"":2}",,0.3333333333333333,1,-0.24600115647098506,False,-0.01836533231569513,0,0.49379652605459057,False,spp_median_target;stability_ratio;plateau_cells;selected_in_both_halves,ok,
TXN,1D,MR,short,mr_ema_slope_drop,2a7f9b9cd6a1151d9c68a997993ea29319a1474cc8a0499f27b7b0da30f7eda3,645c9358c620ab763f41c3b554a3adc0d158aec439e5ed81837e61c6fc2fdcaa,False,210,False,"{""n"":9,""p"":0.85}",-0.5692488539012905,0.0,0,-0.3044477364559571,False,-0.6085950443147745,1,0.6468085106382979,False,spp_median_target;stability_ratio;plateau_area;plateau_cells;selected_in_both_halves,ok,
TXN,1D,MR,short,mr_rsi_sum,2f394071725f777535e66b7e71e7f83a9edfff283298457cb9f4c5240009667a,e3d28a7731b6179cc99766102a37fb4b04b7c4ff96eb103c240a894329f28c5f,False,312,False,"{""level"":21.0,""m"":3,""n"":5}",,0.0,0,0.038904005180271706,False,-0.4548985170946194,0,0.6468085106382979,False,spp_median_target;stability_ratio;plateau_area;plateau_cells;selected_in_both_halves,ok,
