planted,strength,edge_type,direction,pass_rate,ess_median,pct_mean,ge90,own_mean,own_null_mean,own_p5,own_null_p5,own_null_p95
MR,0.2500,MR,long,0.0000,9.7072,55.3544,0.0889,0.2784,0.0176,0.0160,-0.2450,0.2810
MR,0.2500,MR,short,0.0000,7.8443,55.1141,0.1370,0.2784,0.0176,0.0160,-0.2450,0.2810
MR,0.2500,TF,long,0.0000,2.3398,42.0388,0.0417,0.2784,0.0176,0.0160,-0.2450,0.2810
MR,0.2500,TF,short,0.0000,2.5648,42.6696,0.0250,0.2784,0.0176,0.0160,-0.2450,0.2810
MR,0.5000,MR,long,0.0000,15.9848,58.7244,0.1111,0.5371,0.0176,0.2783,-0.2450,0.2810
MR,0.5000,MR,short,0.0000,12.2342,56.6959,0.1370,0.5371,0.0176,0.2783,-0.2450,0.2810
MR,0.5000,TF,long,0.0000,2.2354,41.6196,0.0375,0.5371,0.0176,0.2783,-0.2450,0.2810
MR,0.5000,TF,short,0.0000,2.4278,41.9804,0.0250,0.5371,0.0176,0.2783,-0.2450,0.2810
MR,1.0000,MR,long,0.0000,26.4734,66.3311,0.2037,1.0449,0.0176,0.7959,-0.2450,0.2810
MR,1.0000,MR,short,0.0000,23.5482,62.7907,0.1815,1.0449,0.0176,0.7959,-0.2450,0.2810
MR,1.0000,TF,long,0.0000,1.5277,37.1454,0.0333,1.0449,0.0176,0.7959,-0.2450,0.2810
MR,1.0000,TF,short,0.0000,2.0426,37.6588,0.0250,1.0449,0.0176,0.7959,-0.2450,0.2810
MR,1.5000,MR,long,0.0333,45.9956,75.2141,0.3519,1.5380,0.0176,1.2964,-0.2450,0.2810
MR,1.5000,MR,short,0.0000,41.3182,69.4493,0.3037,1.5380,0.0176,1.2964,-0.2450,0.2810
MR,1.5000,TF,long,0.0000,1.2156,30.8567,0.0167,1.5380,0.0176,1.2964,-0.2450,0.2810
MR,1.5000,TF,short,0.0000,1.1617,30.2437,0.0083,1.5380,0.0176,1.2964,-0.2450,0.2810
MR,2.0000,MR,long,0.1667,58.3261,82.8256,0.5407,2.0164,0.0176,1.7786,-0.2450,0.2810
MR,2.0000,MR,short,0.1000,51.0166,74.3641,0.4074,2.0164,0.0176,1.7786,-0.2450,0.2810
MR,2.0000,TF,long,0.0000,0.8787,24.8971,0.0125,2.0164,0.0176,1.7786,-0.2450,0.2810
MR,2.0000,TF,short,0.0000,0.8260,23.7742,0.0000,2.0164,0.0176,1.7786,-0.2450,0.2810
MR,3.0000,MR,long,0.4000,77.2576,88.2948,0.7185,2.9320,0.0176,2.6948,-0.2450,0.2810
MR,3.0000,MR,short,0.3333,69.7818,77.0607,0.5963,2.9320,0.0176,2.6948,-0.2450,0.2810
MR,3.0000,TF,long,0.0000,0.1068,13.2146,0.0042,2.9320,0.0176,2.6948,-0.2450,0.2810
MR,3.0000,TF,short,0.0000,0.1258,12.5563,0.0000,2.9320,0.0176,2.6948,-0.2450,0.2810
TF,0.0500,MR,long,0.0000,7.3831,52.0978,0.0815,0.0611,0.0112,-0.0037,-0.0537,0.0932
TF,0.0500,MR,short,0.0000,14.3440,51.9444,0.1259,0.0611,0.0112,-0.0037,-0.0537,0.0932
TF,0.0500,TF,long,0.0333,2.3591,46.6171,0.0708,0.0611,0.0112,-0.0037,-0.0537,0.0932
TF,0.0500,TF,short,0.0000,2.6124,46.4525,0.0458,0.0611,0.0112,-0.0037,-0.0537,0.0932
TF,0.1000,MR,long,0.0000,3.8431,48.9185,0.0778,0.1110,0.0112,0.0462,-0.0537,0.0932
TF,0.1000,MR,short,0.0000,3.9859,46.2878,0.1074,0.1110,0.0112,0.0462,-0.0537,0.0932
TF,0.1000,TF,long,0.0333,13.5945,52.9379,0.1167,0.1110,0.0112,0.0462,-0.0537,0.0932
TF,0.1000,TF,short,0.0000,27.6235,52.3438,0.0750,0.1110,0.0112,0.0462,-0.0537,0.0932
TF,0.1500,MR,long,0.0000,2.3249,45.4296,0.0741,0.1608,0.0112,0.0962,-0.0537,0.0932
TF,0.1500,MR,short,0.0000,3.8520,41.9222,0.0741,0.1608,0.0112,0.0962,-0.0537,0.0932
TF,0.1500,TF,long,0.0333,34.5960,62.6113,0.2042,0.1608,0.0112,0.0962,-0.0537,0.0932
TF,0.1500,TF,short,0.0000,34.1026,58.9429,0.1333,0.1608,0.0112,0.0962,-0.0537,0.0932
TF,0.2000,MR,long,0.0000,1.9478,40.3930,0.0667,0.2104,0.0112,0.1459,-0.0537,0.0932
TF,0.2000,MR,short,0.0000,1.2283,34.2330,0.0333,0.2104,0.0112,0.1459,-0.0537,0.0932
TF,0.2000,TF,long,0.0000,37.3979,71.5150,0.3417,0.2104,0.0112,0.1459,-0.0537,0.0932
TF,0.2000,TF,short,0.0000,35.8313,66.1238,0.2333,0.2104,0.0112,0.1459,-0.0537,0.0932
TF,0.3000,MR,long,0.0000,0.8717,30.6774,0.0222,0.3089,0.0112,0.2446,-0.0537,0.0932
TF,0.3000,MR,short,0.0000,0.3312,20.0096,0.0111,0.3089,0.0112,0.2446,-0.0537,0.0932
TF,0.3000,TF,long,0.1000,54.0384,83.9188,0.5958,0.3089,0.0112,0.2446,-0.0537,0.0932
TF,0.3000,TF,short,0.0333,43.9813,78.2542,0.4125,0.3089,0.0112,0.2446,-0.0537,0.0932
TF,0.5000,MR,long,0.0000,0.1481,16.1781,0.0000,0.5016,0.0112,0.4366,-0.0537,0.0932
TF,0.5000,MR,short,0.0000,0.0000,6.4770,0.0037,0.5016,0.0112,0.4366,-0.0537,0.0932
TF,0.5000,TF,long,0.0667,65.8098,93.7700,0.8333,0.5016,0.0112,0.4366,-0.0537,0.0932
TF,0.5000,TF,short,0.1000,56.1750,89.7179,0.7000,0.5016,0.0112,0.4366,-0.0537,0.0932
