timeframe,symbol,cell,candidate,trades,windows,precision,recall,chance_precision
1D,AAL,MR|short|4,MR long mr_macd_hist_falling,96,70,0.0,0.0,0.1837270341207349
1D,AMD,TF|both|0.5,TF long tf_atr_band,310,7,0.11612903225806452,0.5714285714285714,0.2204724409448819
1D,BLDP,MR|short|6,MR long mr_macd_hist_trough,200,72,0.0,0.0,0.1889763779527559
1D,CRM,MR|short|6,MR long mr_macd_hist_trough,213,66,0.0,0.0,0.1732283464566929
1D,DOW,MR|short|6,MR long mr_macd_hist_trough,145,45,0.0,0.0,0.18028846153846154
1D,EA,MR|long|6,MR long mr_keltner_lower,190,72,0.7052631578947368,1.0,0.19138755980861244
1D,EA,MR|long|6,MR short mr_macd_hist_trough,150,72,0.0,0.0,0.19138755980861244
1D,EA,MR|long|6,MR short mr_stochastic_k,153,72,0.0,0.0,0.19138755980861244
1D,EEM,MR|long|4,MR long mr_ema_slope_drop,102,82,0.7352941176470589,0.8780487804878049,0.2152230971128609
1D,EEM,MR|long|4,MR short mr_candle_score,126,82,0.0,0.0,0.2152230971128609
1D,FAST,MR|long|4,MR long mr_macd_hist_trough,229,78,0.39737991266375544,0.8205128205128205,0.2047244094488189
1D,JCI,MR|long|6,MR long mr_ema_slope_drop,82,81,0.9634146341463414,0.8395061728395061,0.2125984251968504
1D,JCI,MR|long|6,MR long mr_stochastic_k,259,81,0.640926640926641,0.7283950617283951,0.2125984251968504
1D,JCI,MR|long|6,MR short mr_ma_distance_atr,178,81,0.0,0.0,0.2125984251968504
1D,JCI,MR|long|6,MR short mr_macd_hist_falling,78,81,0.0,0.0,0.2125984251968504
1D,LHX,MR|long|6,MR long mr_ema_slope_drop,85,86,0.9294117647058824,0.7674418604651163,0.22572178477690288
1D,LHX,MR|long|6,MR short mr_macd_hist_falling,88,86,0.0,0.0,0.22572178477690288
1D,PEP,MR|long|4,MR long mr_connors_rsi,102,62,0.5196078431372549,0.8548387096774194,0.16272965879265092
1D,PEP,MR|long|4,MR short mr_macd_hist_trough,179,62,0.0,0.0,0.16272965879265092
1D,SCHW,MR|short|4,MR long mr_macd_hist_turn,101,73,0.0,0.0,0.19160104986876642
1D,SE,MR|long|6,MR long mr_daily_drop,157,59,0.4012738853503185,1.0,0.19118600129617627
1D,SE,MR|long|6,MR long mr_stochastic_k,213,59,0.5727699530516432,0.7966101694915254,0.19118600129617627
1D,TROW,MR|short|6,MR long mr_n_day_low,177,69,0.0,0.0,0.18110236220472442
1D,TROW,MR|short|6,MR long mr_williams_confirm,84,69,0.0,0.0,0.18110236220472442
1D,TSM,MR|long|6,MR short mr_n_day_low,131,79,0.0,0.0,0.2073490813648294
1D,YUM,MR|short|4,MR long mr_macd_hist_trough,179,68,0.0,0.0,0.1784776902887139
