timeframe,symbol,cell,s01_edge_real_planted,s01_edge_real_other,s01_edge_control_planted,s01_edge_control_other,s02_screen_real_planted,s02_screen_real_other,s02_screen_control_planted,s02_screen_control_other,s03_entry_real_planted,s03_entry_real_other,s03_entry_control_planted,s03_entry_control_other,own_statistic
1D,AAL,MR|short|4,false,1,false,0,false,4,false,0,false,1,false,0,3.9115
1D,AMD,TF|both|0.5,true,0,false,0,true,0,false,0,true,0,true,0,0.4851
1D,BLDP,MR|short|6,false,1,false,0,false,3,false,0,false,1,false,0,5.1713
1D,BND,MR|short|4,false,0,false,0,false,0,false,0,false,0,false,0,3.5783
1D,CRM,MR|short|6,true,1,false,0,true,3,false,0,false,1,false,0,5.1762
1D,DE,TF|both|0.5,true,0,false,0,true,0,false,0,false,0,false,0,0.6756
1D,DOW,MR|short|6,true,1,false,0,true,3,true,0,false,1,false,0,5.0199
1D,EA,MR|long|6,true,1,false,0,true,2,false,0,true,2,false,0,5.3401
1D,EEM,MR|long|4,true,1,false,0,true,4,false,0,true,1,false,0,3.9287
1D,FAST,MR|long|4,true,1,false,0,true,1,false,0,true,0,false,0,4.0513
1D,HPQ,TF|both|0.5,true,0,false,0,true,0,false,0,false,0,false,0,0.4685
1D,HYLN,TF|both|0.8,false,0,false,0,false,0,false,0,false,0,false,0,0.7230
1D,INCY,MR|long|4,false,0,false,0,false,0,false,0,false,0,false,0,4.3176
1D,INTU,TF|both|0.8,false,0,false,0,false,0,false,0,false,0,false,0,0.7323
1D,JCI,MR|long|6,true,1,false,0,true,3,false,0,true,2,false,0,5.1906
1D,LHX,MR|long|6,true,1,false,0,true,3,false,0,true,1,false,0,5.0121
1D,MCK,MR|short|4,false,1,false,0,false,4,false,0,false,0,false,0,3.3715
1D,NBR,TF|both|0.8,false,0,false,0,false,0,false,0,false,0,false,0,0.7540
1D,PEP,MR|long|4,true,1,false,0,true,3,false,0,true,1,false,0,3.7962
1D,POOL,TF|both|0.5,false,0,false,0,false,0,false,0,false,0,false,0,0.5718
1D,RIVN,MR|long|4,false,0,false,0,false,0,false,0,false,0,false,0,3.3887
1D,RTX,MR|short|6,false,1,false,0,false,2,false,0,false,0,false,0,4.7545
1D,SCHW,MR|short|4,false,1,false,0,false,4,false,0,false,1,false,0,3.8093
1D,SE,MR|long|6,true,1,false,0,true,2,false,0,true,0,true,0,5.3289
1D,STT,TF|both|0.5,false,0,false,0,false,0,false,0,false,0,false,0,0.4140
1D,SWKS,TF|both|0.8,false,0,false,0,false,0,false,0,false,0,false,0,0.7812
1D,TROW,MR|short|6,true,1,false,0,true,4,false,0,false,2,false,0,5.1600
1D,TSM,MR|long|6,true,1,false,0,true,2,false,0,false,1,false,0,5.1822
1D,YUM,MR|short|4,false,1,false,0,false,3,false,0,false,1,false,0,3.7532
1D,YUMC,TF|both|0.8,false,0,false,0,false,0,false,0,false,0,false,0,0.7416
