timeframe,cell,symbols,s01_edge_real_planted,s01_edge_real_other,s01_edge_control_planted,s01_edge_control_other,s02_screen_real_planted,s02_screen_real_other,s02_screen_control_planted,s02_screen_control_other,s03_entry_real_planted,s03_entry_real_other,s03_entry_control_planted,s03_entry_control_other
1D,MR|long|1,27,1,2,0,0,1,2,0,1,0,0,0,0
1D,MR|long|2,26,4,4,0,0,3,6,1,1,2,0,0,0
1D,MR|long|3,27,10,8,0,0,10,16,0,0,5,3,0,0
1D,MR|long|4,27,16,17,0,0,16,40,0,0,10,11,2,0
1D,MR|long|6,27,25,23,0,0,25,63,1,0,12,21,2,0
1D,MR|short|1,27,1,1,0,0,1,1,0,0,1,1,0,0
1D,MR|short|2,26,1,6,0,0,1,15,0,0,1,4,0,0
1D,MR|short|3,26,2,17,0,0,2,55,1,0,2,15,0,0
1D,MR|short|4,26,11,19,0,0,11,60,0,0,1,9,0,0
1D,MR|short|6,26,23,24,1,0,23,78,4,0,7,27,0,1
1D,TF|both|0.1,26,0,0,0,0,0,0,0,0,0,0,0,0
1D,TF|both|0.2,26,1,0,0,0,1,0,0,0,0,0,0,0
1D,TF|both|0.3,26,1,0,0,0,1,0,0,0,0,0,0,0
1D,TF|both|0.5,26,8,0,0,0,8,0,1,0,5,0,0,0
1D,TF|both|0.8,26,9,0,0,0,9,0,0,0,6,0,2,0
1D,null,99,0,3,0,3,0,5,0,0,0,2,0,0
1H,MR|long|1,24,0,1,0,0,0,1,0,0,0,1,0,0
1H,MR|long|2,17,0,0,0,0,0,0,0,0,0,0,0,0
1H,MR|long|3,25,0,0,0,0,0,0,0,0,0,0,0,0
1H,MR|long|4,19,1,0,0,0,1,0,0,0,0,0,0,0
1H,MR|long|6,21,1,0,0,0,1,0,0,0,1,0,0,0
1H,MR|short|1,19,0,1,0,0,0,2,0,0,0,0,0,0
1H,MR|short|2,22,0,0,0,0,0,0,0,0,0,0,0,0
1H,MR|short|3,19,0,0,0,0,0,0,0,0,0,0,0,0
1H,MR|short|4,17,0,0,0,0,0,0,0,0,0,0,0,0
1H,MR|short|6,24,0,1,0,0,0,3,0,0,0,0,0,0
1H,TF|both|0.1,19,4,0,0,0,4,0,0,0,0,0,0,0
1H,TF|both|0.2,19,13,0,0,0,13,0,0,0,5,0,0,0
1H,TF|both|0.3,24,11,0,0,0,11,0,0,0,5,0,0,0
1H,TF|both|0.5,19,11,0,0,0,11,0,0,0,4,0,0,0
1H,TF|both|0.8,21,12,0,0,0,12,0,0,0,5,0,0,0
1H,null,66,0,1,0,0,0,2,0,0,0,0,0,0
