n_trials,S,splits,case,pbo_mean,pbo_sd,seeds,seconds,bars_per_block
50,8,70,noise,0.68,0.146,5,0.0,250
50,8,70,planted 0.1,0.194,0.142,5,0.0,250
50,8,70,planted 0.3,0.0,0.0,5,0.0,250
50,10,252,noise,0.642,0.152,5,0.01,200
50,10,252,planted 0.1,0.182,0.139,5,0.01,200
50,10,252,planted 0.3,0.0,0.0,5,0.01,200
50,12,924,noise,0.659,0.122,5,0.03,166
50,12,924,planted 0.1,0.2,0.161,5,0.03,166
50,12,924,planted 0.3,0.0,0.0,5,0.04,166
50,16,12870,noise,0.659,0.117,5,1.48,125
50,16,12870,planted 0.1,0.201,0.161,5,1.71,125
50,16,12870,planted 0.3,0.0,0.0,5,1.72,125
200,8,70,noise,0.451,0.127,5,0.01,250
200,8,70,planted 0.1,0.206,0.109,5,0.01,250
200,8,70,planted 0.3,0.0,0.0,5,0.01,250
200,10,252,noise,0.417,0.153,5,0.04,200
200,10,252,planted 0.1,0.166,0.084,5,0.04,200
200,10,252,planted 0.3,0.0,0.0,5,0.04,200
200,12,924,noise,0.448,0.101,5,0.14,166
200,12,924,planted 0.1,0.206,0.115,5,0.14,166
200,12,924,planted 0.3,0.0,0.0,5,0.13,166
200,16,12870,noise,0.454,0.104,5,1.96,125
200,16,12870,planted 0.1,0.207,0.128,5,2.39,125
200,16,12870,planted 0.3,0.0,0.0,5,1.93,125
1000,8,70,noise,0.449,0.114,5,0.05,250
1000,8,70,planted 0.1,0.283,0.152,5,0.05,250
1000,8,70,planted 0.3,0.0,0.0,5,0.05,250
1000,10,252,noise,0.438,0.093,5,0.08,200
1000,10,252,planted 0.1,0.285,0.166,5,0.08,200
1000,10,252,planted 0.3,0.0,0.0,5,0.08,200
1000,12,924,noise,0.437,0.108,5,0.21,166
1000,12,924,planted 0.1,0.273,0.154,5,0.22,166
1000,12,924,planted 0.3,0.0,0.0,5,0.23,166
1000,16,12870,noise,0.45,0.1,5,2.83,125
1000,16,12870,planted 0.1,0.272,0.162,5,2.83,125
1000,16,12870,planted 0.3,0.0,0.0,5,3.35,125
5000,8,70,noise,0.507,0.021,2,0.55,250
5000,8,70,planted 0.1,0.471,0.014,2,0.55,250
5000,8,70,planted 0.3,0.0,0.0,2,0.54,250
5000,10,252,noise,0.458,0.081,2,0.66,200
5000,10,252,planted 0.1,0.431,0.077,2,0.66,200
5000,10,252,planted 0.3,0.0,0.0,2,0.66,200
5000,12,924,noise,0.439,0.042,2,1.16,166
5000,12,924,planted 0.1,0.404,0.021,2,1.08,166
5000,12,924,planted 0.3,0.0,0.0,2,1.09,166
5000,16,12870,noise,0.475,,1,12.07,125
