old_symbol,new_symbol,effective_date,source
HCP,PEAK,2019-11-06,alpaca_corporate_actions
JEC,J,2019-12-10,alpaca_corporate_actions
UTX,RTX,2020-04-03,alpaca_corporate_actions
CTL,LUMN,2020-09-18,alpaca_corporate_actions
CTRA,AMR,2021-02-04,alpaca_corporate_actions
WYND,TNL,2021-02-17,alpaca_corporate_actions
FI,XPRO,2021-10-04,alpaca_corporate_actions
WLTW,WTW,2022-01-10,alpaca_corporate_actions
META,METV,2022-01-31,alpaca_corporate_actions
HFC,DINO,2022-03-15,alpaca_corporate_actions
ADS,BFH,2022-04-04,alpaca_corporate_actions
BLL,BALL,2022-05-10,alpaca_corporate_actions
FB,META,2022-06-09,alpaca_corporate_actions
ANTM,ELV,2022-06-28,alpaca_corporate_actions
NLOK,GEN,2022-11-08,alpaca_corporate_actions
FBHS,FBIN,2022-12-15,alpaca_corporate_actions
PKI,RVTY,2023-05-16,alpaca_corporate_actions
FISV,FI,2023-06-07,alpaca_corporate_actions
RE,EG,2023-07-10,alpaca_corporate_actions
ABC,COR,2023-08-30,alpaca_corporate_actions
CDAY,DAY,2024-02-01,alpaca_corporate_actions
PEAK,DOC,2024-03-04,alpaca_corporate_actions
FLT,CPAY,2024-03-25,alpaca_corporate_actions
WRK,SW,2024-07-08,alpaca_corporate_actions
GPS,GAP,2024-08-22,alpaca_corporate_actions
CHK,EXE,2024-10-02,alpaca_corporate_actions
FI,FISV,2025-11-11,alpaca_corporate_actions
MMC,MRSH,2026-01-14,alpaca_corporate_actions
BK,BNY,2026-05-21,alpaca_corporate_actions
SATS,ECHO,2026-06-24,alpaca_corporate_actions
